# Blender v3.6.23 OBJ File: ''
# www.blender.org
mtllib P_rinker.mtl
o kao
v -0.175296 0.498764 -0.094521
v -0.128638 0.543282 -0.139038
v -0.146063 0.484147 -0.156465
v 0.098229 0.498764 -0.185696
v 0.142747 0.543282 -0.139038
v 0.160173 0.484147 -0.156465
v 0.189404 0.498764 0.087829
v 0.142747 0.543282 0.132347
v 0.160173 0.484147 0.149773
v -0.084121 0.498764 0.179004
v -0.128638 0.543282 0.132347
v -0.146063 0.484147 0.149773
v 0.098229 0.225239 0.087829
v 0.142747 0.271896 0.132347
v 0.083614 0.254470 0.149772
v -0.084121 0.589938 0.087829
v -0.069504 0.560706 0.149773
v 0.007055 0.605143 0.095431
v 0.083614 0.560706 0.149773
v 0.098231 0.589938 0.087829
v 0.098231 0.589938 -0.094521
v 0.007055 0.625740 -0.003345
v 0.105833 0.605143 -0.003345
v -0.146063 0.560706 -0.079906
v -0.091722 0.605143 -0.003345
v -0.084121 0.589938 -0.094521
v 0.007055 0.210035 0.095431
v -0.069504 0.254470 0.149772
v -0.084121 0.225239 0.087829
v -0.084121 0.225239 -0.094521
v 0.007055 0.202399 -0.003345
v -0.091722 0.210035 -0.003345
v 0.160173 0.254470 -0.079904
v 0.105831 0.210035 -0.003345
v 0.098229 0.225239 -0.094521
v -0.091722 0.407588 0.194208
v -0.146063 0.331029 0.149773
v -0.084121 0.316413 0.179004
v 0.098229 0.316413 0.179004
v 0.007055 0.407588 0.214805
v 0.007055 0.308811 0.194208
v 0.007055 0.506366 0.194208
v 0.098229 0.498764 0.179004
v 0.204609 0.407588 0.095431
v 0.160173 0.331029 0.149773
v 0.189404 0.316413 0.087829
v 0.189404 0.316413 -0.094521
v 0.225206 0.407588 -0.003345
v 0.204609 0.308811 -0.003345
v 0.160173 0.560706 -0.079906
v 0.204610 0.506366 -0.003345
v 0.189404 0.498764 -0.094521
v 0.105831 0.407588 -0.200900
v 0.160173 0.331029 -0.156463
v 0.098229 0.316413 -0.185696
v -0.084121 0.316413 -0.185696
v 0.007055 0.407588 -0.221497
v 0.007055 0.308811 -0.200900
v -0.069504 0.560706 -0.156465
v 0.007055 0.506366 -0.200900
v -0.084121 0.498764 -0.185696
v -0.190500 0.407588 -0.102123
v -0.146063 0.331029 -0.156463
v -0.175295 0.316413 -0.094521
v -0.175295 0.316413 0.087829
v -0.211097 0.407588 -0.003345
v -0.190500 0.308811 -0.003345
v -0.146063 0.560706 0.073214
v -0.190500 0.506366 -0.003345
v -0.175296 0.498764 0.087829
v -0.190500 0.407588 0.095431
v -0.153954 0.407588 0.157662
v -0.146063 0.254470 0.073214
v -0.153953 0.246581 -0.003345
v -0.128638 0.271896 0.132347
v -0.128638 0.271896 -0.139038
v -0.146063 0.254470 -0.079904
v -0.091722 0.407588 -0.200900
v -0.153954 0.407588 -0.164354
v -0.069504 0.254470 -0.156463
v 0.007055 0.246581 -0.164354
v 0.142747 0.271896 -0.139038
v 0.083614 0.254470 -0.156463
v 0.204609 0.407588 -0.102123
v 0.168062 0.407588 -0.164354
v 0.168062 0.246581 -0.003345
v 0.160173 0.254470 0.073214
v 0.105831 0.407588 0.194208
v 0.168062 0.407588 0.157662
v 0.007055 0.246581 0.157662
v 0.007055 0.210035 -0.102123
v 0.007055 0.605143 -0.102123
v 0.007055 0.568596 -0.164354
v 0.168062 0.568596 -0.003345
v 0.083614 0.560706 -0.156465
v 0.160173 0.560706 0.073214
v 0.007055 0.568596 0.157662
v -0.078135 0.449399 0.189270
v -0.073242 0.456208 0.186792
v -0.075069 0.446382 0.185483
v -0.053072 0.449399 0.183288
v -0.049612 0.456208 0.186792
v -0.047785 0.446382 0.185483
v -0.044718 0.449399 0.201235
v -0.049612 0.456208 0.203713
v -0.047785 0.446382 0.205022
v -0.069781 0.449399 0.207217
v -0.073242 0.456208 0.203713
v -0.075069 0.446382 0.205022
v -0.047783 0.406115 0.200137
v -0.054605 0.406116 0.205022
v -0.053072 0.400082 0.201235
v -0.075069 0.459804 0.200137
v -0.068248 0.459804 0.205022
v -0.069781 0.465836 0.201235
v -0.053072 0.465836 0.201235
v -0.061426 0.461433 0.205614
v -0.054606 0.459804 0.205022
v -0.061426 0.468974 0.188699
v -0.052274 0.468976 0.195253
v -0.053072 0.465836 0.189270
v -0.069781 0.465836 0.189270
v -0.075897 0.461433 0.195253
v -0.070578 0.468974 0.195253
v -0.069781 0.400082 0.201235
v -0.061426 0.404487 0.205614
v -0.068248 0.406116 0.205022
v -0.061426 0.396944 0.188698
v -0.070578 0.396944 0.195253
v -0.069781 0.400082 0.189270
v -0.053072 0.400082 0.189270
v -0.046956 0.404487 0.195253
v -0.052274 0.396944 0.195253
v -0.070578 0.432959 0.208360
v -0.075069 0.419538 0.205022
v -0.069781 0.416521 0.207217
v -0.053072 0.416521 0.207218
v -0.061426 0.432961 0.209906
v -0.061426 0.414952 0.208360
v -0.061426 0.450968 0.208360
v -0.053072 0.449399 0.207217
v -0.043124 0.432959 0.201806
v -0.047785 0.419538 0.205022
v -0.044718 0.416521 0.201235
v -0.044718 0.416521 0.189270
v -0.040963 0.432961 0.195253
v -0.043123 0.414952 0.195253
v -0.047785 0.459804 0.190367
v -0.043124 0.450968 0.195253
v -0.044718 0.449399 0.189270
v -0.052274 0.432959 0.182145
v -0.047785 0.419538 0.185483
v -0.053072 0.416521 0.183288
v -0.069781 0.416521 0.183288
v -0.061426 0.432961 0.180598
v -0.061426 0.414952 0.182145
v -0.068248 0.459804 0.185483
v -0.061426 0.450968 0.182146
v -0.069781 0.449399 0.183288
v -0.079730 0.432959 0.188699
v -0.075069 0.419538 0.185483
v -0.078135 0.416521 0.189270
v -0.078135 0.416521 0.201235
v -0.081890 0.432961 0.195253
v -0.079730 0.414952 0.195253
v -0.079730 0.450967 0.195253
v -0.078135 0.449399 0.201235
v -0.079730 0.432959 0.201806
v -0.075897 0.432959 0.205614
v -0.075069 0.406116 0.200137
v -0.075897 0.404487 0.195253
v -0.073242 0.409712 0.203713
v -0.073242 0.409712 0.186792
v -0.075069 0.406116 0.190367
v -0.070578 0.432959 0.182145
v -0.075897 0.432959 0.184890
v -0.068248 0.406116 0.185483
v -0.061426 0.404487 0.184890
v -0.049612 0.409712 0.186792
v -0.054605 0.406116 0.185483
v -0.043124 0.432959 0.188698
v -0.046956 0.432959 0.184890
v -0.047783 0.406115 0.190367
v -0.049612 0.409712 0.203713
v -0.052274 0.432959 0.208360
v -0.046956 0.432959 0.205614
v -0.061426 0.392693 0.195253
v -0.061426 0.396944 0.201806
v -0.061426 0.473226 0.195253
v -0.061426 0.461433 0.184890
v -0.075069 0.459804 0.190367
v -0.046956 0.461433 0.195253
v -0.054606 0.459804 0.185483
v -0.047785 0.459804 0.200137
v -0.061426 0.468974 0.201805
v -0.171977 0.066259 -0.092861
v -0.119742 0.111975 -0.130142
v -0.140838 0.039515 -0.151238
v 0.096571 0.066259 -0.182378
v 0.133851 0.111975 -0.130142
v 0.154947 0.039515 -0.151238
v 0.186087 0.066259 0.086170
v 0.133851 0.111975 0.123451
v 0.154947 0.039515 0.144547
v -0.082461 0.066259 0.175686
v -0.119742 0.111975 0.123451
v -0.140838 0.039515 0.144547
v 0.106411 -0.342697 0.096010
v 0.142676 -0.261673 0.132275
v 0.086264 -0.290950 0.155073
v -0.091707 0.194938 0.082256
v -0.065357 0.140337 0.165295
v 0.007055 0.181841 0.082256
v 0.079467 0.140337 0.165295
v 0.103368 0.194938 0.082256
v 0.007055 0.181841 -0.088948
v 0.092658 0.181841 -0.003345
v 0.092658 0.202858 -0.088948
v -0.137769 0.140337 -0.075757
v -0.078548 0.181841 -0.003345
v -0.078548 0.202858 -0.088948
v 0.007055 -0.371251 0.107127
v -0.072154 -0.290950 0.155073
v -0.092301 -0.342697 0.096010
v 0.007055 -0.371251 -0.113819
v -0.103418 -0.371251 -0.003345
v -0.092301 -0.342697 -0.102701
v 0.165473 -0.290950 -0.082555
v 0.117529 -0.371251 -0.003345
v 0.106411 -0.342697 -0.102701
v -0.094167 -0.058253 0.199096
v -0.147609 -0.175641 0.151318
v -0.088670 -0.196606 0.188103
v 0.102779 -0.196606 0.188103
v 0.007055 -0.054833 0.202916
v 0.007055 -0.207797 0.192211
v 0.007055 0.079783 0.192190
v 0.096571 0.066259 0.175686
v 0.209496 -0.058253 0.097876
v 0.161718 -0.175641 0.151318
v 0.198505 -0.196606 0.092379
v 0.198505 -0.196606 -0.099071
v 0.233163 -0.054833 -0.003345
v 0.218143 -0.207797 -0.003345
v 0.151879 0.140337 -0.075757
v 0.201833 0.079783 -0.003345
v 0.186087 0.066259 -0.092861
v 0.108276 -0.058253 -0.205788
v 0.161718 -0.175641 -0.158009
v 0.102779 -0.196606 -0.194795
v -0.088670 -0.196606 -0.194795
v 0.007055 -0.054834 -0.229454
v 0.007055 -0.207797 -0.214435
v -0.065357 0.140337 -0.148169
v 0.007055 0.079783 -0.198125
v -0.082461 0.066259 -0.182378
v -0.195388 -0.058253 -0.104567
v -0.147609 -0.175641 -0.158009
v -0.184395 -0.196606 -0.099071
v -0.184395 -0.196606 0.092379
v -0.219054 -0.054833 -0.003345
v -0.204033 -0.207797 -0.003345
v -0.137769 0.140337 0.069066
v -0.187724 0.079783 -0.003345
v -0.171977 0.066259 0.086170
v -0.195388 -0.058253 0.097876
v -0.153234 -0.064343 0.156943
v -0.151364 -0.290950 0.075864
v -0.161961 -0.304560 -0.003345
v -0.128567 -0.261673 0.132275
v -0.128567 -0.261673 -0.138967
v -0.151364 -0.290950 -0.082555
v -0.094167 -0.058253 -0.205788
v -0.153234 -0.064343 -0.163635
v -0.072154 -0.290950 -0.161764
v 0.007055 -0.304560 -0.172362
v 0.142676 -0.261673 -0.138967
v 0.086264 -0.290950 -0.161764
v 0.209496 -0.058253 -0.104567
v 0.167344 -0.064343 -0.163635
v 0.176071 -0.304560 -0.003345
v 0.165473 -0.290950 0.075864
v 0.108276 -0.058253 0.199096
v 0.167344 -0.064343 0.156943
v 0.007055 -0.304560 0.165671
v 0.007055 -0.412195 -0.003345
v 0.007055 0.181841 -0.003345
v 0.007055 0.152865 -0.156133
v 0.159842 0.152865 -0.003345
v 0.079467 0.140337 -0.148169
v 0.151879 0.140337 0.069066
v 0.007055 0.152865 0.163179
v -0.144761 0.688337 -0.105742
v -0.146612 0.655540 -0.159126
v -0.176738 0.656053 -0.096300
v 0.111552 0.688328 -0.157260
v 0.164928 0.655537 -0.159111
v 0.102111 0.656050 -0.189232
v 0.163076 0.688327 0.099031
v 0.164928 0.655537 0.152415
v 0.195045 0.656048 0.089590
v -0.093222 0.688334 0.150579
v -0.146612 0.655540 0.152429
v -0.083780 0.656052 0.182550
v -0.100680 0.723985 0.106502
v -0.125729 0.677735 0.131550
v 0.009172 0.734020 0.123189
v 0.111550 0.688328 0.150563
v 0.119007 0.723974 0.106490
v 0.119008 0.723976 -0.113186
v 0.009174 0.765281 -0.003348
v 0.135698 0.734011 -0.003348
v -0.117375 0.734028 -0.003348
v -0.100681 0.723987 -0.113198
v -0.086319 0.531358 0.183851
v -0.141318 0.597648 0.147138
v -0.150017 0.527280 0.155816
v 0.097339 0.595736 0.178050
v 0.009304 0.537716 0.202875
v 0.104409 0.531128 0.182935
v 0.102109 0.656050 0.182535
v 0.009167 0.714224 0.166213
v 0.009169 0.656286 0.193240
v 0.195136 0.531025 0.091589
v 0.159636 0.597652 0.147120
v 0.167292 0.527006 0.154813
v 0.190560 0.595737 -0.091514
v 0.214447 0.537439 -0.003342
v 0.195181 0.531037 -0.098298
v 0.195046 0.656048 -0.096286
v 0.178717 0.714219 -0.003348
v 0.205739 0.656283 -0.003348
v 0.104457 0.531150 -0.189709
v 0.159637 0.597652 -0.153817
v 0.167342 0.527021 -0.161562
v -0.079008 0.595733 -0.184761
v 0.009305 0.537747 -0.209671
v -0.086366 0.531382 -0.190627
v -0.083781 0.656052 -0.189246
v 0.009167 0.714224 -0.172909
v 0.009169 0.656286 -0.199938
v -0.178420 0.531488 -0.099213
v -0.141319 0.597648 -0.153834
v -0.150069 0.527294 -0.162566
v -0.172251 0.595732 0.084834
v -0.198112 0.538035 -0.003339
v -0.178372 0.531476 0.092507
v -0.176736 0.656053 0.089605
v -0.160405 0.714230 -0.003348
v -0.187438 0.656288 -0.003348
v -0.183002 0.593580 -0.003348
v -0.144760 0.688336 0.099047
v -0.213156 0.488640 0.096858
v -0.233019 0.491731 -0.003350
v -0.171602 0.493497 0.177000
v -0.213201 0.488641 -0.103582
v -0.171644 0.485654 -0.183778
v -0.172251 0.595732 -0.091529
v 0.009170 0.593582 -0.195502
v -0.093222 0.688334 -0.157275
v -0.090915 0.488667 -0.225150
v 0.009108 0.496424 -0.244364
v 0.108680 0.488647 -0.224285
v 0.188356 0.485618 -0.182971
v 0.097339 0.595736 -0.184747
v 0.201305 0.593586 -0.003348
v 0.163077 0.688327 -0.105726
v 0.229475 0.488675 -0.102718
v 0.248901 0.491677 -0.003351
v 0.188316 0.493460 0.176195
v 0.229433 0.488674 0.095993
v 0.190560 0.595737 0.084819
v 0.009170 0.593583 0.188805
v 0.108636 0.494268 0.217486
v 0.009105 0.496421 0.237545
v -0.090872 0.494287 0.218350
v -0.079008 0.595733 0.178064
v 0.009172 0.734021 -0.129884
v -0.125730 0.677735 -0.138247
v 0.144051 0.677729 -0.138230
v 0.144050 0.677729 0.131533
v -0.355954 0.058314 -0.037033
v -0.322422 0.079347 -0.050987
v -0.352173 0.039089 -0.058357
v -0.266722 0.010869 -0.070720
v -0.238292 0.034614 -0.050987
v -0.255029 -0.012564 -0.058357
v -0.236977 -0.004946 0.030342
v -0.238292 0.034614 0.044296
v -0.255029 -0.012564 0.051665
v -0.326210 0.042500 0.064029
v -0.322422 0.079347 0.044296
v -0.352173 0.039089 0.051665
v -0.350291 -0.191723 0.024159
v -0.374576 -0.178810 0.051665
v -0.383391 -0.208555 0.030342
v -0.320421 0.098808 0.024159
v -0.296134 0.085895 0.051665
v -0.287320 0.115641 0.030342
v -0.227831 0.084011 0.030342
v -0.267997 0.080228 0.055002
v -0.247563 0.060070 0.051665
v -0.250151 0.113788 -0.040249
v -0.217568 0.096463 -0.003345
v -0.227831 0.084011 -0.037033
v -0.287320 0.115641 -0.037033
v -0.319514 0.107620 -0.003345
v -0.282735 0.131112 -0.003345
v -0.442879 -0.176924 0.030342
v -0.402715 -0.173142 0.055002
v -0.423149 -0.152983 0.051665
v -0.420559 -0.206702 -0.040249
v -0.453142 -0.189377 -0.003345
v -0.442879 -0.176924 -0.037033
v -0.383391 -0.208555 -0.037033
v -0.351196 -0.200535 -0.003345
v -0.387976 -0.224027 -0.003345
v -0.367939 -0.029133 0.070459
v -0.415681 -0.080351 0.051665
v -0.403990 -0.103783 0.064029
v -0.344501 -0.135414 0.064029
v -0.335356 -0.046457 0.079171
v -0.377957 -0.126579 0.070459
v -0.292754 0.033665 0.070459
v -0.266722 0.010869 0.064029
v -0.270189 -0.081107 0.033557
v -0.318537 -0.132003 0.051665
v -0.314757 -0.151229 0.030342
v -0.314757 -0.151229 -0.037033
v -0.262498 -0.085197 -0.003345
v -0.312791 -0.161230 -0.003345
v -0.223276 0.047157 -0.030851
v -0.227588 -0.000984 -0.003345
v -0.236977 -0.004946 -0.037033
v -0.302773 -0.063783 -0.077151
v -0.318537 -0.132003 -0.058357
v -0.344501 -0.135414 -0.070720
v -0.403990 -0.103783 -0.070720
v -0.335356 -0.046457 -0.085863
v -0.377957 -0.126579 -0.077151
v -0.296134 0.085895 -0.058357
v -0.292754 0.033665 -0.077151
v -0.326210 0.042500 -0.070720
v -0.400521 -0.011808 -0.040249
v -0.415681 -0.080351 -0.058357
v -0.433734 -0.087967 -0.037033
v -0.433734 -0.087967 0.030342
v -0.408214 -0.007719 -0.003345
v -0.443123 -0.091930 -0.003345
v -0.357921 0.068314 -0.003345
v -0.355954 0.058314 0.030342
v -0.400521 -0.011808 0.033557
v -0.386873 -0.019064 0.055002
v -0.447434 -0.140070 0.024159
v -0.454234 -0.145748 -0.003345
v -0.432419 -0.127528 0.044296
v -0.432419 -0.127528 -0.050987
v -0.447434 -0.140070 -0.030851
v -0.367939 -0.029133 -0.077151
v -0.386873 -0.019064 -0.061694
v -0.423149 -0.152983 -0.058357
v -0.402715 -0.173142 -0.061694
v -0.348289 -0.172261 -0.050987
v -0.374576 -0.178810 -0.058357
v -0.270189 -0.081107 -0.040249
v -0.283837 -0.073850 -0.061694
v -0.350291 -0.191723 -0.030851
v -0.348289 -0.172261 0.044296
v -0.302773 -0.063783 0.070459
v -0.283837 -0.073850 0.055002
v -0.430617 -0.225616 -0.003345
v -0.420559 -0.206702 0.033557
v -0.240095 0.132702 -0.003345
v -0.267997 0.080228 -0.061694
v -0.320421 0.098808 -0.030851
v -0.216478 0.052835 -0.003345
v -0.247563 0.060070 -0.058357
v -0.223276 0.047157 0.024159
v -0.250151 0.113788 0.033557
v 0.251121 -0.004929 -0.037033
v 0.252426 0.034627 -0.050987
v 0.269168 -0.012549 -0.058357
v 0.340303 0.042491 -0.070720
v 0.336509 0.079334 -0.050987
v 0.366258 0.039074 -0.058357
v 0.370031 0.058297 0.030342
v 0.336509 0.079334 0.044296
v 0.366258 0.039074 0.051665
v 0.280849 0.010878 0.064029
v 0.252426 0.034627 0.044296
v 0.269168 -0.012549 0.051665
v 0.461519 -0.140085 0.024159
v 0.437245 -0.152991 0.051665
v 0.456973 -0.176934 0.030342
v 0.237414 0.047170 0.024159
v 0.261686 0.060077 0.051665
v 0.241958 0.084020 0.030342
v 0.301413 0.115632 0.030342
v 0.282106 0.080228 0.055002
v 0.310230 0.085888 0.051665
v 0.264262 0.113788 -0.040249
v 0.296827 0.131103 -0.003345
v 0.301413 0.115632 -0.037033
v 0.241958 0.084020 -0.037033
v 0.230617 0.052850 -0.003345
v 0.231698 0.096473 -0.003345
v 0.397518 -0.208546 0.030342
v 0.416825 -0.173142 0.055002
v 0.388701 -0.178802 0.051665
v 0.434669 -0.206702 -0.040249
v 0.402104 -0.224017 -0.003345
v 0.397518 -0.208546 -0.037033
v 0.456973 -0.176934 -0.037033
v 0.468315 -0.145764 -0.003345
v 0.467235 -0.189387 -0.003345
v 0.316901 -0.063773 0.070459
v 0.332675 -0.131989 0.051665
v 0.358629 -0.135404 0.064029
v 0.418083 -0.103792 0.064029
v 0.349466 -0.046457 0.079171
v 0.392067 -0.126579 0.070459
v 0.306864 0.033665 0.070459
v 0.340303 0.042491 0.064029
v 0.414595 -0.011827 0.033557
v 0.429764 -0.080365 0.051665
v 0.447812 -0.087986 0.030342
v 0.447812 -0.087986 -0.037033
v 0.422283 -0.007739 -0.003345
v 0.457198 -0.091950 -0.003345
v 0.334504 0.098795 -0.030851
v 0.371994 0.068296 -0.003345
v 0.370031 0.058297 -0.037033
v 0.382031 -0.029142 -0.077151
v 0.429764 -0.080365 -0.058357
v 0.418083 -0.103792 -0.070720
v 0.358629 -0.135404 -0.070720
v 0.349466 -0.046457 -0.085863
v 0.392067 -0.126579 -0.077151
v 0.261686 0.060077 -0.058357
v 0.306864 0.033665 -0.077151
v 0.280849 0.010878 -0.070720
v 0.284336 -0.081087 -0.040249
v 0.332675 -0.131989 -0.058357
v 0.328902 -0.151212 -0.037033
v 0.328902 -0.151212 0.030342
v 0.276649 -0.085175 -0.003345
v 0.326938 -0.161209 -0.003345
v 0.241735 -0.000965 -0.003345
v 0.251121 -0.004929 0.030342
v 0.284336 -0.081087 0.033557
v 0.297976 -0.073834 0.055002
v 0.364429 -0.191708 0.024159
v 0.365336 -0.200519 -0.003345
v 0.362424 -0.172248 0.044296
v 0.362424 -0.172248 -0.050987
v 0.364429 -0.191708 -0.030851
v 0.316901 -0.063773 -0.077151
v 0.297976 -0.073834 -0.061694
v 0.388701 -0.178802 -0.058357
v 0.416825 -0.173142 -0.061694
v 0.446507 -0.127542 -0.050987
v 0.437245 -0.152991 -0.058357
v 0.414595 -0.011827 -0.040249
v 0.400956 -0.019079 -0.061694
v 0.461519 -0.140085 -0.030851
v 0.446507 -0.127542 0.044296
v 0.382031 -0.029142 0.070459
v 0.400956 -0.019079 0.055002
v 0.444727 -0.225616 -0.003345
v 0.434669 -0.206702 0.033557
v 0.254205 0.132702 -0.003345
v 0.282106 0.080228 -0.061694
v 0.237414 0.047170 -0.030851
v 0.333596 0.107605 -0.003345
v 0.310230 0.085888 -0.058357
v 0.334504 0.098795 0.024159
v 0.264262 0.113788 0.033557
v -0.016135 -0.067677 0.196443
v -0.009512 -0.062995 0.194002
v -0.011986 -0.069752 0.192712
v 0.017781 -0.067677 0.190549
v 0.022464 -0.062995 0.194002
v 0.024937 -0.069752 0.192712
v 0.029087 -0.067677 0.208232
v 0.022464 -0.062995 0.210673
v 0.024937 -0.069752 0.211962
v -0.004829 -0.067677 0.214126
v -0.009512 -0.062995 0.210673
v -0.011986 -0.069752 0.211962
v 0.017781 -0.101593 0.208232
v 0.022464 -0.094971 0.210673
v 0.015707 -0.097444 0.211962
v -0.004829 -0.056371 0.208232
v -0.002756 -0.060520 0.211962
v 0.006476 -0.054214 0.208794
v 0.015707 -0.060520 0.211962
v 0.017781 -0.056371 0.208232
v 0.017781 -0.056371 0.196443
v 0.006476 -0.051290 0.202337
v 0.018860 -0.054214 0.202337
v -0.011986 -0.060520 0.197524
v -0.005908 -0.054214 0.202337
v -0.004829 -0.056371 0.196443
v 0.006476 -0.103751 0.208794
v -0.002756 -0.097444 0.211962
v -0.004829 -0.101593 0.208232
v -0.004829 -0.101593 0.196443
v 0.006476 -0.106675 0.202337
v -0.005908 -0.103751 0.202337
v 0.024937 -0.097444 0.197524
v 0.018860 -0.103751 0.202337
v 0.017781 -0.101593 0.196443
v -0.005908 -0.078983 0.215252
v -0.011986 -0.088213 0.211962
v -0.004829 -0.090288 0.214126
v 0.017781 -0.090288 0.214126
v 0.006476 -0.078983 0.216776
v 0.006476 -0.091367 0.215252
v 0.006476 -0.066598 0.215252
v 0.017781 -0.067677 0.214126
v 0.031245 -0.078983 0.208794
v 0.024937 -0.088213 0.211962
v 0.029087 -0.090288 0.208232
v 0.029087 -0.090288 0.196443
v 0.034169 -0.078983 0.202337
v 0.031245 -0.091367 0.202337
v 0.024937 -0.060520 0.197524
v 0.031245 -0.066598 0.202337
v 0.029087 -0.067677 0.196443
v 0.018860 -0.078983 0.189423
v 0.024937 -0.088213 0.192712
v 0.017781 -0.090288 0.190549
v -0.004829 -0.090288 0.190549
v 0.006476 -0.078983 0.187899
v 0.006476 -0.091367 0.189423
v -0.002756 -0.060520 0.192712
v 0.006476 -0.066598 0.189423
v -0.004829 -0.067677 0.190549
v -0.018293 -0.078983 0.195881
v -0.011986 -0.088213 0.192712
v -0.016135 -0.090288 0.196443
v -0.016135 -0.090288 0.208232
v -0.021216 -0.078983 0.202337
v -0.018293 -0.091367 0.202337
v -0.011986 -0.060520 0.207151
v -0.018293 -0.066598 0.202337
v -0.016135 -0.067677 0.208232
v -0.018293 -0.078983 0.208794
v -0.013106 -0.078983 0.212546
v -0.011986 -0.097444 0.207151
v -0.013106 -0.098565 0.202337
v -0.009512 -0.094971 0.210673
v -0.009512 -0.094971 0.194002
v -0.011986 -0.097444 0.197524
v -0.005908 -0.078983 0.189423
v -0.013106 -0.078983 0.192129
v -0.002756 -0.097444 0.192712
v 0.006476 -0.098565 0.192129
v 0.022464 -0.094971 0.194002
v 0.015707 -0.097444 0.192712
v 0.031245 -0.078983 0.195881
v 0.026057 -0.078983 0.192129
v 0.026057 -0.098565 0.202337
v 0.024937 -0.097444 0.207151
v 0.018860 -0.078983 0.215252
v 0.026057 -0.078983 0.212546
v 0.006476 -0.098565 0.212546
v 0.006476 -0.103751 0.195881
v 0.006476 -0.054214 0.195881
v 0.006476 -0.059401 0.192129
v 0.026057 -0.059401 0.202337
v 0.015707 -0.060520 0.192712
v 0.024937 -0.060520 0.207151
v 0.006476 -0.059401 0.212546
v 0.058829 0.452708 0.189270
v 0.063722 0.459516 0.186792
v 0.061895 0.449691 0.185483
v 0.083892 0.452708 0.183288
v 0.087352 0.459518 0.186792
v 0.089181 0.449691 0.185483
v 0.092246 0.452708 0.201235
v 0.087352 0.459518 0.203713
v 0.089181 0.449691 0.205022
v 0.067184 0.452708 0.207217
v 0.063722 0.459516 0.203713
v 0.061895 0.449691 0.205022
v 0.089181 0.409425 0.200137
v 0.082359 0.409425 0.205022
v 0.083892 0.403392 0.201235
v 0.061895 0.463114 0.200137
v 0.068716 0.463114 0.205022
v 0.067184 0.469146 0.201235
v 0.083892 0.469146 0.201235
v 0.075538 0.464741 0.205614
v 0.082359 0.463114 0.205022
v 0.075538 0.472284 0.188699
v 0.084689 0.472284 0.195253
v 0.083892 0.469146 0.189270
v 0.067184 0.469146 0.189270
v 0.061068 0.464741 0.195253
v 0.066386 0.472284 0.195253
v 0.067184 0.403392 0.201235
v 0.075538 0.407796 0.205614
v 0.068716 0.409425 0.205022
v 0.075538 0.400253 0.188698
v 0.066386 0.400254 0.195253
v 0.067184 0.403392 0.189270
v 0.083892 0.403392 0.189270
v 0.090008 0.407796 0.195253
v 0.084689 0.400253 0.195253
v 0.066386 0.436269 0.208360
v 0.061895 0.422848 0.205022
v 0.067184 0.419831 0.207217
v 0.083892 0.419830 0.207218
v 0.075538 0.436269 0.209906
v 0.075538 0.418262 0.208360
v 0.075538 0.454277 0.208360
v 0.083892 0.452708 0.207217
v 0.093841 0.436269 0.201806
v 0.089181 0.422848 0.205022
v 0.092246 0.419830 0.201235
v 0.092246 0.419830 0.189270
v 0.096001 0.436269 0.195253
v 0.093841 0.418262 0.195253
v 0.089180 0.463114 0.190367
v 0.093841 0.454277 0.195253
v 0.092246 0.452708 0.189270
v 0.084689 0.436269 0.182145
v 0.089181 0.422848 0.185483
v 0.083892 0.419830 0.183288
v 0.067184 0.419831 0.183288
v 0.075538 0.436269 0.180598
v 0.075538 0.418262 0.182145
v 0.068716 0.463114 0.185483
v 0.075538 0.454277 0.182146
v 0.067184 0.452708 0.183288
v 0.057234 0.436269 0.188699
v 0.061895 0.422848 0.185483
v 0.058829 0.419831 0.189270
v 0.058829 0.419831 0.201235
v 0.055073 0.436269 0.195253
v 0.057234 0.418262 0.195253
v 0.057234 0.454277 0.195253
v 0.058829 0.452708 0.201235
v 0.057234 0.436269 0.201806
v 0.061068 0.436269 0.205614
v 0.061895 0.409425 0.200137
v 0.061068 0.407797 0.195253
v 0.063722 0.413021 0.203713
v 0.063722 0.413021 0.186792
v 0.061895 0.409425 0.190367
v 0.066386 0.436269 0.182145
v 0.061068 0.436269 0.184890
v 0.068716 0.409425 0.185483
v 0.075538 0.407796 0.184890
v 0.087352 0.413021 0.186792
v 0.082359 0.409425 0.185483
v 0.093841 0.436269 0.188698
v 0.090008 0.436269 0.184890
v 0.089181 0.409425 0.190367
v 0.087352 0.413021 0.203713
v 0.084689 0.436269 0.208360
v 0.090008 0.436269 0.205614
v 0.075538 0.396003 0.195253
v 0.075538 0.400253 0.201806
v 0.075538 0.476536 0.195253
v 0.075538 0.464741 0.184890
v 0.061895 0.463114 0.190367
v 0.090008 0.464743 0.195253
v 0.082359 0.463114 0.185483
v 0.089180 0.463114 0.200137
v 0.075538 0.472284 0.201805
v -0.016135 0.065339 0.183773
v -0.009512 0.070022 0.181331
v -0.011986 0.063264 0.180042
v 0.017781 0.065339 0.177878
v 0.022464 0.070022 0.181331
v 0.024937 0.063264 0.180042
v 0.029087 0.065339 0.195561
v 0.022464 0.070022 0.198002
v 0.024937 0.063264 0.199292
v -0.004829 0.065339 0.201455
v -0.009512 0.070022 0.198002
v -0.011986 0.063264 0.199292
v 0.017781 0.031422 0.195561
v 0.022464 0.038045 0.198002
v 0.015707 0.035571 0.199292
v -0.004829 0.076644 0.195561
v -0.002756 0.072495 0.199292
v 0.006476 0.078802 0.196124
v 0.015707 0.072495 0.199292
v 0.017781 0.076644 0.195561
v 0.017781 0.076644 0.183773
v 0.006476 0.081726 0.189667
v 0.018860 0.078802 0.189667
v -0.011986 0.072495 0.184855
v -0.005908 0.078802 0.189667
v -0.004829 0.076644 0.183773
v 0.006476 0.029265 0.196124
v -0.002756 0.035571 0.199292
v -0.004829 0.031422 0.195561
v -0.004829 0.031422 0.183773
v 0.006476 0.026341 0.189667
v -0.005908 0.029265 0.189667
v 0.024937 0.035571 0.184855
v 0.018860 0.029265 0.189667
v 0.017781 0.031422 0.183773
v -0.005908 0.054034 0.202581
v -0.011986 0.044803 0.199292
v -0.004829 0.042728 0.201455
v 0.017781 0.042728 0.201455
v 0.006476 0.054034 0.204105
v 0.006476 0.041649 0.202581
v 0.006476 0.066418 0.202581
v 0.017781 0.065339 0.201455
v 0.031245 0.054034 0.196124
v 0.024937 0.044803 0.199292
v 0.029087 0.042728 0.195561
v 0.029087 0.042728 0.183773
v 0.034169 0.054034 0.189667
v 0.031245 0.041649 0.189667
v 0.024937 0.072495 0.184855
v 0.031245 0.066418 0.189667
v 0.029087 0.065339 0.183773
v 0.018860 0.054034 0.176754
v 0.024937 0.044803 0.180042
v 0.017781 0.042728 0.177878
v -0.004829 0.042728 0.177878
v 0.006476 0.054034 0.175229
v 0.006476 0.041649 0.176754
v -0.002756 0.072495 0.180042
v 0.006476 0.066418 0.176754
v -0.004829 0.065339 0.177878
v -0.018293 0.054034 0.183210
v -0.011986 0.044803 0.180042
v -0.016135 0.042728 0.183773
v -0.016135 0.042728 0.195561
v -0.021216 0.054034 0.189667
v -0.018293 0.041649 0.189667
v -0.011986 0.072495 0.194480
v -0.018293 0.066418 0.189667
v -0.016135 0.065339 0.195561
v -0.018293 0.054034 0.196124
v -0.013106 0.054034 0.199876
v -0.011986 0.035571 0.194480
v -0.013106 0.034452 0.189667
v -0.009512 0.038045 0.198002
v -0.009512 0.038045 0.181331
v -0.011986 0.035571 0.184855
v -0.005908 0.054034 0.176754
v -0.013106 0.054034 0.179458
v -0.002756 0.035571 0.180042
v 0.006476 0.034452 0.179458
v 0.022464 0.038045 0.181331
v 0.015707 0.035571 0.180042
v 0.031245 0.054034 0.183210
v 0.026057 0.054034 0.179458
v 0.026057 0.034452 0.189667
v 0.024937 0.035571 0.194480
v 0.018860 0.054034 0.202581
v 0.026057 0.054034 0.199876
v 0.006476 0.034452 0.199876
v 0.006476 0.029265 0.183210
v 0.006476 0.078802 0.183210
v 0.006476 0.073615 0.179458
v 0.026057 0.073614 0.189667
v 0.015707 0.072495 0.180042
v 0.024937 0.072495 0.194480
v 0.006476 0.073615 0.199876
v -0.153954 0.568596 -0.003345
v -0.145732 0.152865 -0.003345
v -0.013106 -0.059401 0.202337
v -0.013106 0.073615 0.189667
vt 0.648285 0.093938
vt 0.657023 0.102675
vt 0.648285 0.102675
vt 0.648285 0.128888
vt 0.657023 0.137626
vt 0.648285 0.137626
vt 0.648285 0.163839
vt 0.657023 0.172577
vt 0.648285 0.172577
vt 0.648285 0.198790
vt 0.657023 0.207527
vt 0.648285 0.207527
vt 0.613335 0.163839
vt 0.622072 0.172577
vt 0.613335 0.172577
vt 0.683236 0.163839
vt 0.691974 0.172577
vt 0.683236 0.172577
vt 0.674498 0.163839
vt 0.665761 0.172577
vt 0.665761 0.163839
vt 0.665761 0.146364
vt 0.674498 0.155101
vt 0.665761 0.155101
vt 0.691974 0.146364
vt 0.683236 0.155101
vt 0.683236 0.146364
vt 0.604597 0.163839
vt 0.595859 0.172577
vt 0.595859 0.163839
vt 0.595859 0.146364
vt 0.604597 0.155101
vt 0.595859 0.155101
vt 0.622072 0.146364
vt 0.613335 0.155101
vt 0.613335 0.146364
vt 0.639548 0.198790
vt 0.630810 0.207527
vt 0.630810 0.198790
vt 0.630810 0.181314
vt 0.639548 0.190052
vt 0.630810 0.190052
vt 0.657023 0.181314
vt 0.648285 0.190052
vt 0.648285 0.181314
vt 0.639548 0.163839
vt 0.630810 0.172577
vt 0.630810 0.163839
vt 0.630810 0.146364
vt 0.639548 0.155101
vt 0.630810 0.155101
vt 0.657023 0.146364
vt 0.648285 0.155101
vt 0.648285 0.146364
vt 0.639548 0.128888
vt 0.630810 0.137626
vt 0.630810 0.128888
vt 0.630810 0.111413
vt 0.639548 0.120151
vt 0.630810 0.120151
vt 0.657023 0.111413
vt 0.648285 0.120151
vt 0.648285 0.111413
vt 0.639548 0.093938
vt 0.630810 0.102675
vt 0.630810 0.093938
vt 0.630810 0.076463
vt 0.639548 0.085200
vt 0.630810 0.085200
vt 0.657023 0.076463
vt 0.648285 0.085200
vt 0.648285 0.076463
vt 0.639548 0.076463
vt 0.648285 0.067725
vt 0.639548 0.067725
vt 0.657023 0.067725
vt 0.622072 0.076463
vt 0.622072 0.085200
vt 0.622072 0.067725
vt 0.630810 0.067725
vt 0.622072 0.102675
vt 0.622072 0.093938
vt 0.639548 0.111413
vt 0.639548 0.102675
vt 0.622072 0.111413
vt 0.622072 0.120151
vt 0.622072 0.137626
vt 0.622072 0.128888
vt 0.639548 0.146364
vt 0.639548 0.137626
vt 0.622072 0.155101
vt 0.622072 0.163839
vt 0.639548 0.181314
vt 0.639548 0.172577
vt 0.622072 0.181314
vt 0.622072 0.190052
vt 0.622072 0.207527
vt 0.622072 0.198790
vt 0.604597 0.146364
vt 0.613335 0.137626
vt 0.604597 0.137626
vt 0.587122 0.146364
vt 0.587122 0.155101
vt 0.587122 0.137626
vt 0.595859 0.137626
vt 0.587122 0.172577
vt 0.587122 0.163839
vt 0.674498 0.146364
vt 0.683236 0.137626
vt 0.674498 0.137626
vt 0.691974 0.137626
vt 0.657023 0.155101
vt 0.665761 0.137626
vt 0.657023 0.163839
vt 0.674498 0.172577
vt 0.691974 0.163839
vt 0.604597 0.172577
vt 0.639548 0.207527
vt 0.657023 0.198790
vt 0.657023 0.128888
vt 0.657023 0.093938
vt 0.648285 0.369190
vt 0.657023 0.377928
vt 0.648285 0.377928
vt 0.648285 0.404141
vt 0.657023 0.412878
vt 0.648285 0.412878
vt 0.648285 0.439091
vt 0.657023 0.447829
vt 0.648285 0.447829
vt 0.648285 0.474042
vt 0.657023 0.482779
vt 0.648285 0.482779
vt 0.622072 0.439091
vt 0.613335 0.447829
vt 0.613335 0.439091
vt 0.691974 0.439091
vt 0.683236 0.447829
vt 0.683236 0.439091
vt 0.665761 0.439091
vt 0.674498 0.447829
vt 0.665761 0.447829
vt 0.674498 0.421616
vt 0.665761 0.430354
vt 0.665761 0.421616
vt 0.683236 0.421616
vt 0.691974 0.430354
vt 0.683236 0.430354
vt 0.595859 0.439091
vt 0.604597 0.447829
vt 0.595859 0.447829
vt 0.604597 0.421616
vt 0.595859 0.430354
vt 0.595859 0.421616
vt 0.613335 0.421616
vt 0.622072 0.430354
vt 0.613335 0.430354
vt 0.639548 0.474042
vt 0.630810 0.482779
vt 0.630810 0.474042
vt 0.630810 0.456567
vt 0.639548 0.465304
vt 0.630810 0.465304
vt 0.657023 0.456567
vt 0.648285 0.465304
vt 0.648285 0.456567
vt 0.639548 0.439091
vt 0.630810 0.447829
vt 0.630810 0.439091
vt 0.630810 0.421616
vt 0.639548 0.430354
vt 0.630810 0.430354
vt 0.657023 0.421616
vt 0.648285 0.430354
vt 0.648285 0.421616
vt 0.639548 0.404141
vt 0.630810 0.412878
vt 0.630810 0.404141
vt 0.630810 0.386665
vt 0.639548 0.395403
vt 0.630810 0.395403
vt 0.657023 0.386665
vt 0.648285 0.395403
vt 0.648285 0.386665
vt 0.639548 0.369190
vt 0.630810 0.377928
vt 0.630810 0.369190
vt 0.630810 0.351715
vt 0.639548 0.360452
vt 0.630810 0.360452
vt 0.657023 0.351715
vt 0.648285 0.360452
vt 0.648285 0.351715
vt 0.639548 0.351715
vt 0.648285 0.342977
vt 0.639548 0.342977
vt 0.657023 0.342977
vt 0.622072 0.351715
vt 0.622072 0.360452
vt 0.622072 0.342977
vt 0.630810 0.342977
vt 0.622072 0.377928
vt 0.622072 0.369190
vt 0.639548 0.386665
vt 0.639548 0.377928
vt 0.622072 0.386665
vt 0.622072 0.395403
vt 0.622072 0.412878
vt 0.622072 0.404141
vt 0.639548 0.421616
vt 0.639548 0.412878
vt 0.622072 0.421616
vt 0.622072 0.447829
vt 0.639548 0.456567
vt 0.639548 0.447829
vt 0.622072 0.456567
vt 0.622072 0.465304
vt 0.622072 0.482779
vt 0.622072 0.474042
vt 0.604597 0.430354
vt 0.604597 0.412878
vt 0.613335 0.412878
vt 0.587122 0.430354
vt 0.587122 0.421616
vt 0.595859 0.412878
vt 0.587122 0.412878
vt 0.587122 0.439091
vt 0.587122 0.447829
vt 0.604597 0.439091
vt 0.674498 0.430354
vt 0.674498 0.412878
vt 0.683236 0.412878
vt 0.691974 0.421616
vt 0.657023 0.430354
vt 0.665761 0.412878
vt 0.657023 0.439091
vt 0.674498 0.439091
vt 0.639548 0.482779
vt 0.657023 0.474042
vt 0.657023 0.404141
vt 0.657023 0.369190
vt 0.128888 0.617285
vt 0.137626 0.626023
vt 0.128888 0.626023
vt 0.128888 0.652236
vt 0.137626 0.660974
vt 0.128888 0.660974
vt 0.128888 0.687187
vt 0.137626 0.695924
vt 0.128888 0.695924
vt 0.128888 0.722137
vt 0.137626 0.730875
vt 0.128888 0.730875
vt 0.093938 0.687187
vt 0.102676 0.695924
vt 0.093938 0.695924
vt 0.163839 0.687187
vt 0.172577 0.695924
vt 0.163839 0.695924
vt 0.155101 0.687187
vt 0.146364 0.695924
vt 0.146364 0.687187
vt 0.155101 0.669711
vt 0.146364 0.678449
vt 0.146364 0.669711
vt 0.172577 0.669711
vt 0.163839 0.678449
vt 0.163839 0.669711
vt 0.085200 0.687187
vt 0.076463 0.695924
vt 0.076463 0.687187
vt 0.085200 0.669711
vt 0.076463 0.678449
vt 0.076463 0.669711
vt 0.102676 0.669711
vt 0.093938 0.678449
vt 0.093938 0.669711
vt 0.120151 0.722137
vt 0.111413 0.730875
vt 0.111413 0.722137
vt 0.111413 0.704662
vt 0.120151 0.713400
vt 0.111413 0.713400
vt 0.137626 0.704662
vt 0.128888 0.713400
vt 0.128888 0.704662
vt 0.120151 0.687187
vt 0.111413 0.695924
vt 0.111413 0.687187
vt 0.111413 0.669711
vt 0.120151 0.678449
vt 0.111413 0.678449
vt 0.137626 0.669711
vt 0.128888 0.678449
vt 0.128888 0.669711
vt 0.120151 0.652236
vt 0.111413 0.660974
vt 0.111413 0.652236
vt 0.111413 0.634761
vt 0.120151 0.643498
vt 0.111413 0.643498
vt 0.137626 0.634761
vt 0.128888 0.643498
vt 0.128888 0.634761
vt 0.120151 0.617285
vt 0.111413 0.626023
vt 0.111413 0.617285
vt 0.111413 0.599810
vt 0.120151 0.608548
vt 0.111413 0.608548
vt 0.137626 0.599810
vt 0.128888 0.608548
vt 0.128888 0.599810
vt 0.120151 0.599810
vt 0.128888 0.591073
vt 0.120151 0.591073
vt 0.137626 0.591073
vt 0.102676 0.599810
vt 0.102676 0.608548
vt 0.102676 0.591073
vt 0.111413 0.591073
vt 0.102676 0.626023
vt 0.102676 0.617285
vt 0.120151 0.634761
vt 0.120151 0.626023
vt 0.102676 0.634761
vt 0.102676 0.643498
vt 0.102676 0.660974
vt 0.102676 0.652236
vt 0.120151 0.669711
vt 0.120151 0.660974
vt 0.102676 0.678449
vt 0.102676 0.687187
vt 0.120151 0.704662
vt 0.120151 0.695924
vt 0.102676 0.704662
vt 0.102676 0.713400
vt 0.102676 0.730875
vt 0.102676 0.722137
vt 0.085200 0.678449
vt 0.093938 0.660974
vt 0.085200 0.660974
vt 0.067725 0.669711
vt 0.067725 0.678449
vt 0.067725 0.660974
vt 0.076463 0.660974
vt 0.067725 0.695924
vt 0.067725 0.687187
vt 0.155101 0.678449
vt 0.163839 0.660974
vt 0.155101 0.660974
vt 0.137626 0.678449
vt 0.146364 0.660974
vt 0.137626 0.687187
vt 0.155101 0.695924
vt 0.172577 0.687187
vt 0.085200 0.695924
vt 0.120151 0.730875
vt 0.137626 0.722137
vt 0.137626 0.652236
vt 0.137626 0.617285
vt 0.231496 0.199469
vt 0.209712 0.192314
vt 0.234459 0.181041
vt 0.196757 0.290147
vt 0.189556 0.311807
vt 0.178421 0.287148
vt 0.287253 0.325286
vt 0.309008 0.332658
vt 0.284120 0.343686
vt 0.322575 0.234339
vt 0.329842 0.212422
vt 0.341101 0.237395
vt 0.302437 0.231890
vt 0.318963 0.220156
vt 0.302050 0.269616
vt 0.309525 0.309672
vt 0.289790 0.305239
vt 0.216723 0.292584
vt 0.259513 0.262309
vt 0.252204 0.304756
vt 0.266732 0.219779
vt 0.229110 0.219516
vt 0.411125 0.217547
vt 0.354487 0.194889
vt 0.393500 0.167004
vt 0.353883 0.328568
vt 0.411281 0.288793
vt 0.386924 0.355489
vt 0.327943 0.313021
vt 0.318133 0.272397
vt 0.342575 0.276645
vt 0.303371 0.413485
vt 0.326193 0.357282
vt 0.353475 0.396606
vt 0.193810 0.356180
vt 0.233024 0.413007
vt 0.167433 0.388908
vt 0.209105 0.330501
vt 0.249419 0.320753
vt 0.245167 0.345007
vt 0.109518 0.307223
vt 0.165326 0.328963
vt 0.127058 0.356061
vt 0.165119 0.196849
vt 0.108504 0.237019
vt 0.132258 0.170695
vt 0.191036 0.212046
vt 0.201050 0.252379
vt 0.176760 0.248294
vt 0.214150 0.112070
vt 0.192326 0.167985
vt 0.164981 0.129766
vt 0.325292 0.167421
vt 0.284651 0.111034
vt 0.351742 0.134233
vt 0.309982 0.193591
vt 0.269430 0.203704
vt 0.273498 0.179297
vt 0.278428 0.149332
vt 0.306769 0.212075
vt 0.369166 0.095127
vt 0.291481 0.067725
vt 0.422960 0.146110
vt 0.209331 0.069913
vt 0.141658 0.096726
vt 0.228463 0.151553
vt 0.146922 0.243311
vt 0.209396 0.215233
vt 0.094236 0.152358
vt 0.068330 0.230082
vt 0.067725 0.311821
vt 0.094107 0.379057
vt 0.149074 0.293045
vt 0.239891 0.374744
vt 0.212378 0.312222
vt 0.149058 0.426538
vt 0.225169 0.455623
vt 0.374461 0.425637
vt 0.306869 0.455623
vt 0.289766 0.373266
vt 0.372631 0.281905
vt 0.422217 0.371671
vt 0.451672 0.295635
vt 0.449952 0.213906
vt 0.370885 0.231525
vt 0.217056 0.255084
vt 0.217408 0.203100
vt 0.200323 0.304189
vt 0.301390 0.321773
vt 0.369190 0.617285
vt 0.377928 0.626023
vt 0.369190 0.626023
vt 0.369190 0.652236
vt 0.377928 0.660974
vt 0.369190 0.660974
vt 0.369190 0.687187
vt 0.377928 0.695924
vt 0.369190 0.695924
vt 0.369190 0.722137
vt 0.377928 0.730875
vt 0.369190 0.730875
vt 0.342977 0.687187
vt 0.334239 0.695924
vt 0.334239 0.687187
vt 0.412878 0.687187
vt 0.404141 0.695924
vt 0.404141 0.687187
vt 0.386665 0.687187
vt 0.395403 0.695924
vt 0.386665 0.695924
vt 0.395403 0.669711
vt 0.386665 0.678449
vt 0.386665 0.669711
vt 0.404141 0.669711
vt 0.412878 0.678449
vt 0.404141 0.678449
vt 0.316764 0.687187
vt 0.325502 0.695924
vt 0.316764 0.695924
vt 0.325502 0.669711
vt 0.316764 0.678449
vt 0.316764 0.669711
vt 0.334239 0.669711
vt 0.342977 0.678449
vt 0.334239 0.678449
vt 0.360452 0.722137
vt 0.351715 0.730875
vt 0.351715 0.722137
vt 0.351715 0.704662
vt 0.360452 0.713400
vt 0.351715 0.713400
vt 0.377928 0.704662
vt 0.369190 0.713400
vt 0.369190 0.704662
vt 0.360452 0.687187
vt 0.351715 0.695924
vt 0.351715 0.687187
vt 0.351715 0.669711
vt 0.360452 0.678449
vt 0.351715 0.678449
vt 0.377928 0.669711
vt 0.369190 0.678449
vt 0.369190 0.669711
vt 0.360452 0.652236
vt 0.351715 0.660974
vt 0.351715 0.652236
vt 0.351715 0.634761
vt 0.360452 0.643498
vt 0.351715 0.643498
vt 0.377928 0.634761
vt 0.369190 0.643498
vt 0.369190 0.634761
vt 0.360452 0.617285
vt 0.351715 0.626023
vt 0.351715 0.617285
vt 0.351715 0.599810
vt 0.360452 0.608548
vt 0.351715 0.608548
vt 0.377928 0.599810
vt 0.369190 0.608548
vt 0.369190 0.599810
vt 0.360452 0.599810
vt 0.369190 0.591073
vt 0.360452 0.591073
vt 0.377928 0.591073
vt 0.342977 0.599810
vt 0.342977 0.608548
vt 0.342977 0.591073
vt 0.351715 0.591073
vt 0.342977 0.626023
vt 0.342977 0.617285
vt 0.360452 0.634761
vt 0.360452 0.626023
vt 0.342977 0.634761
vt 0.342977 0.643498
vt 0.342977 0.660974
vt 0.342977 0.652236
vt 0.360452 0.669711
vt 0.360452 0.660974
vt 0.342977 0.669711
vt 0.342977 0.695924
vt 0.360452 0.704662
vt 0.360452 0.695924
vt 0.342977 0.704662
vt 0.342977 0.713400
vt 0.342977 0.730875
vt 0.342977 0.722137
vt 0.325502 0.678449
vt 0.325502 0.660974
vt 0.334239 0.660974
vt 0.308026 0.678449
vt 0.308026 0.669711
vt 0.316764 0.660974
vt 0.308026 0.660974
vt 0.308026 0.687187
vt 0.308026 0.695924
vt 0.325502 0.687187
vt 0.395403 0.678449
vt 0.395403 0.660974
vt 0.404141 0.660974
vt 0.412878 0.669711
vt 0.377928 0.678449
vt 0.386665 0.660974
vt 0.377928 0.687187
vt 0.395403 0.687187
vt 0.360452 0.730875
vt 0.377928 0.722137
vt 0.377928 0.652236
vt 0.377928 0.617285
vt 0.648285 0.644442
vt 0.657023 0.653180
vt 0.648285 0.653180
vt 0.648285 0.679393
vt 0.657023 0.688130
vt 0.648285 0.688130
vt 0.648285 0.714343
vt 0.657023 0.723081
vt 0.648285 0.723081
vt 0.648285 0.749294
vt 0.657023 0.758032
vt 0.648285 0.758032
vt 0.622072 0.714343
vt 0.613335 0.723081
vt 0.613335 0.714343
vt 0.691974 0.714343
vt 0.683236 0.723081
vt 0.683236 0.714343
vt 0.665761 0.714343
vt 0.674498 0.723081
vt 0.665761 0.723081
vt 0.674498 0.696868
vt 0.665761 0.705606
vt 0.665761 0.696868
vt 0.683236 0.696868
vt 0.691974 0.705606
vt 0.683236 0.705606
vt 0.595859 0.714343
vt 0.604597 0.723081
vt 0.595859 0.723081
vt 0.604597 0.696868
vt 0.595859 0.705606
vt 0.595859 0.696868
vt 0.613335 0.696868
vt 0.622072 0.705606
vt 0.613335 0.705606
vt 0.639548 0.749294
vt 0.630810 0.758032
vt 0.630810 0.749294
vt 0.630810 0.731819
vt 0.639548 0.740556
vt 0.630810 0.740556
vt 0.657023 0.731819
vt 0.648285 0.740556
vt 0.648285 0.731819
vt 0.639548 0.714343
vt 0.630810 0.723081
vt 0.630810 0.714343
vt 0.630810 0.696868
vt 0.639548 0.705606
vt 0.630810 0.705606
vt 0.657023 0.696868
vt 0.648285 0.705606
vt 0.648285 0.696868
vt 0.639548 0.679393
vt 0.630810 0.688130
vt 0.630810 0.679393
vt 0.630810 0.661917
vt 0.639548 0.670655
vt 0.630810 0.670655
vt 0.657023 0.661917
vt 0.648285 0.670655
vt 0.648285 0.661917
vt 0.639548 0.644442
vt 0.630810 0.653180
vt 0.630810 0.644442
vt 0.630810 0.626967
vt 0.639548 0.635704
vt 0.630810 0.635704
vt 0.657023 0.626967
vt 0.648285 0.635704
vt 0.648285 0.626967
vt 0.639548 0.626967
vt 0.648285 0.618229
vt 0.639548 0.618229
vt 0.657023 0.618229
vt 0.622072 0.626967
vt 0.622072 0.635704
vt 0.622072 0.618229
vt 0.630810 0.618229
vt 0.622072 0.653180
vt 0.622072 0.644442
vt 0.639548 0.661917
vt 0.639548 0.653180
vt 0.622072 0.661917
vt 0.622072 0.670655
vt 0.622072 0.688130
vt 0.622072 0.679393
vt 0.639548 0.696868
vt 0.639548 0.688130
vt 0.622072 0.696868
vt 0.622072 0.723081
vt 0.639548 0.731819
vt 0.639548 0.723081
vt 0.622072 0.731819
vt 0.622072 0.740556
vt 0.622072 0.758032
vt 0.622072 0.749294
vt 0.604597 0.705606
vt 0.604597 0.688130
vt 0.613335 0.688130
vt 0.587122 0.705606
vt 0.587122 0.696868
vt 0.595859 0.688130
vt 0.587122 0.688130
vt 0.587122 0.714343
vt 0.587122 0.723081
vt 0.604597 0.714343
vt 0.674498 0.705606
vt 0.674498 0.688130
vt 0.683236 0.688130
vt 0.691974 0.696868
vt 0.657023 0.705606
vt 0.665761 0.688130
vt 0.657023 0.714343
vt 0.674498 0.714343
vt 0.639548 0.758032
vt 0.657023 0.749294
vt 0.657023 0.679393
vt 0.657023 0.644442
vt 0.888587 0.093938
vt 0.897325 0.102675
vt 0.888587 0.102675
vt 0.888587 0.128888
vt 0.897325 0.137626
vt 0.888587 0.137626
vt 0.888587 0.163839
vt 0.897325 0.172577
vt 0.888587 0.172577
vt 0.888587 0.198790
vt 0.897325 0.207527
vt 0.888587 0.207527
vt 0.853636 0.163839
vt 0.862374 0.172577
vt 0.853636 0.172577
vt 0.923538 0.163839
vt 0.932275 0.172577
vt 0.923538 0.172577
vt 0.914800 0.163839
vt 0.906062 0.172577
vt 0.906062 0.163839
vt 0.906062 0.146364
vt 0.914800 0.155101
vt 0.906062 0.155101
vt 0.932275 0.146364
vt 0.923538 0.155101
vt 0.923538 0.146364
vt 0.844899 0.163839
vt 0.836161 0.172577
vt 0.836161 0.163839
vt 0.836161 0.146364
vt 0.844899 0.155101
vt 0.836161 0.155101
vt 0.862374 0.146364
vt 0.853636 0.155101
vt 0.853636 0.146364
vt 0.879849 0.198790
vt 0.871112 0.207527
vt 0.871112 0.198790
vt 0.871112 0.181314
vt 0.879849 0.190052
vt 0.871112 0.190052
vt 0.897325 0.181314
vt 0.888587 0.190052
vt 0.888587 0.181314
vt 0.879849 0.163839
vt 0.871112 0.172577
vt 0.871112 0.163839
vt 0.871112 0.146364
vt 0.879849 0.155101
vt 0.871112 0.155101
vt 0.897325 0.146364
vt 0.888587 0.155101
vt 0.888587 0.146364
vt 0.879849 0.128888
vt 0.871112 0.137626
vt 0.871112 0.128888
vt 0.871112 0.111413
vt 0.879849 0.120151
vt 0.871112 0.120151
vt 0.897325 0.111413
vt 0.888587 0.120151
vt 0.888587 0.111413
vt 0.879849 0.093938
vt 0.871112 0.102675
vt 0.871112 0.093938
vt 0.871112 0.076462
vt 0.879849 0.085200
vt 0.871112 0.085200
vt 0.897325 0.076462
vt 0.888587 0.085200
vt 0.888587 0.076462
vt 0.879849 0.076462
vt 0.888587 0.067725
vt 0.879849 0.067725
vt 0.897325 0.067725
vt 0.862374 0.076462
vt 0.862374 0.085200
vt 0.862374 0.067725
vt 0.871112 0.067725
vt 0.862374 0.102675
vt 0.862374 0.093938
vt 0.879849 0.111413
vt 0.879849 0.102675
vt 0.862374 0.111413
vt 0.862374 0.120151
vt 0.862374 0.137626
vt 0.862374 0.128888
vt 0.879849 0.146364
vt 0.879849 0.137626
vt 0.862374 0.155101
vt 0.862374 0.163839
vt 0.879849 0.181314
vt 0.879849 0.172577
vt 0.862374 0.181314
vt 0.862374 0.190052
vt 0.862374 0.207527
vt 0.862374 0.198790
vt 0.844899 0.146364
vt 0.853636 0.137626
vt 0.844899 0.137626
vt 0.827423 0.146364
vt 0.827423 0.155101
vt 0.827423 0.137626
vt 0.836161 0.137626
vt 0.827423 0.172577
vt 0.827423 0.163839
vt 0.914800 0.146364
vt 0.923538 0.137626
vt 0.914800 0.137626
vt 0.932275 0.137626
vt 0.897325 0.155101
vt 0.906062 0.137626
vt 0.897325 0.163839
vt 0.914800 0.172577
vt 0.932275 0.163839
vt 0.844899 0.172577
vt 0.879849 0.207527
vt 0.897325 0.198790
vt 0.897325 0.128888
vt 0.897325 0.093938
vt 0.888587 0.369190
vt 0.897325 0.377928
vt 0.888587 0.377928
vt 0.888587 0.404141
vt 0.897325 0.412878
vt 0.888587 0.412878
vt 0.888587 0.439091
vt 0.897325 0.447829
vt 0.888587 0.447829
vt 0.888587 0.474042
vt 0.897325 0.482779
vt 0.888587 0.482779
vt 0.862374 0.439091
vt 0.853636 0.447829
vt 0.853636 0.439091
vt 0.932275 0.439091
vt 0.923538 0.447829
vt 0.923538 0.439091
vt 0.906062 0.439091
vt 0.914800 0.447829
vt 0.906062 0.447829
vt 0.914800 0.421616
vt 0.906062 0.430354
vt 0.906062 0.421616
vt 0.923538 0.421616
vt 0.932275 0.430354
vt 0.923538 0.430354
vt 0.836161 0.439091
vt 0.844899 0.447829
vt 0.836161 0.447829
vt 0.844899 0.421616
vt 0.836161 0.430354
vt 0.836161 0.421616
vt 0.853636 0.421616
vt 0.862374 0.430354
vt 0.853636 0.430354
vt 0.879849 0.474042
vt 0.871112 0.482779
vt 0.871112 0.474042
vt 0.871112 0.456566
vt 0.879849 0.465304
vt 0.871112 0.465304
vt 0.897325 0.456566
vt 0.888587 0.465304
vt 0.888587 0.456566
vt 0.879849 0.439091
vt 0.871112 0.447829
vt 0.871112 0.439091
vt 0.871112 0.421616
vt 0.879849 0.430354
vt 0.871112 0.430354
vt 0.897325 0.421616
vt 0.888587 0.430354
vt 0.888587 0.421616
vt 0.879849 0.404141
vt 0.871112 0.412878
vt 0.871112 0.404141
vt 0.871112 0.386665
vt 0.879849 0.395403
vt 0.871112 0.395403
vt 0.897325 0.386665
vt 0.888587 0.395403
vt 0.888587 0.386665
vt 0.879849 0.369190
vt 0.871112 0.377928
vt 0.871112 0.369190
vt 0.871112 0.351715
vt 0.879849 0.360452
vt 0.871112 0.360452
vt 0.897325 0.351715
vt 0.888587 0.360452
vt 0.888587 0.351715
vt 0.879849 0.351715
vt 0.888587 0.342977
vt 0.879849 0.342977
vt 0.897325 0.342977
vt 0.862374 0.351715
vt 0.862374 0.360452
vt 0.862374 0.342977
vt 0.871112 0.342977
vt 0.862374 0.377928
vt 0.862374 0.369190
vt 0.879849 0.386665
vt 0.879849 0.377928
vt 0.862374 0.386665
vt 0.862374 0.395403
vt 0.862374 0.412878
vt 0.862374 0.404141
vt 0.879849 0.421616
vt 0.879849 0.412878
vt 0.862374 0.421616
vt 0.862374 0.447829
vt 0.879849 0.456566
vt 0.879849 0.447829
vt 0.862374 0.456566
vt 0.862374 0.465304
vt 0.862374 0.482779
vt 0.862374 0.474042
vt 0.844899 0.430354
vt 0.844899 0.412878
vt 0.853636 0.412878
vt 0.827423 0.430354
vt 0.827423 0.421616
vt 0.836161 0.412878
vt 0.827423 0.412878
vt 0.827423 0.439091
vt 0.827423 0.447829
vt 0.844899 0.439091
vt 0.914800 0.430354
vt 0.914800 0.412878
vt 0.923538 0.412878
vt 0.932275 0.421616
vt 0.897325 0.430354
vt 0.906062 0.412878
vt 0.897325 0.439091
vt 0.914800 0.439091
vt 0.879849 0.482779
vt 0.897325 0.474042
vt 0.897325 0.404141
vt 0.897325 0.369190
vt 0.888587 0.644442
vt 0.897325 0.653180
vt 0.888587 0.653180
vt 0.888587 0.679393
vt 0.897325 0.688130
vt 0.888587 0.688130
vt 0.888587 0.714343
vt 0.897325 0.723081
vt 0.888587 0.723081
vt 0.888587 0.749294
vt 0.897325 0.758032
vt 0.888587 0.758032
vt 0.853636 0.714343
vt 0.862374 0.723081
vt 0.853636 0.723081
vt 0.923537 0.714343
vt 0.932275 0.723081
vt 0.923537 0.723081
vt 0.914800 0.714343
vt 0.906062 0.723081
vt 0.906062 0.714343
vt 0.906062 0.696868
vt 0.914800 0.705606
vt 0.906062 0.705606
vt 0.932275 0.696868
vt 0.923537 0.705606
vt 0.923537 0.696868
vt 0.844899 0.714343
vt 0.836161 0.723081
vt 0.836161 0.714343
vt 0.836161 0.696868
vt 0.844899 0.705606
vt 0.836161 0.705606
vt 0.862374 0.696868
vt 0.853636 0.705606
vt 0.853636 0.696868
vt 0.879849 0.749294
vt 0.871112 0.758032
vt 0.871112 0.749294
vt 0.871112 0.731819
vt 0.879849 0.740556
vt 0.871112 0.740556
vt 0.897325 0.731819
vt 0.888587 0.740556
vt 0.888587 0.731819
vt 0.879849 0.714343
vt 0.871112 0.723081
vt 0.871112 0.714343
vt 0.871112 0.696868
vt 0.879849 0.705606
vt 0.871112 0.705606
vt 0.897325 0.696868
vt 0.888587 0.705606
vt 0.888587 0.696868
vt 0.879849 0.679393
vt 0.871112 0.688130
vt 0.871112 0.679393
vt 0.871112 0.661917
vt 0.879849 0.670655
vt 0.871112 0.670655
vt 0.897325 0.661917
vt 0.888587 0.670655
vt 0.888587 0.661917
vt 0.879849 0.644442
vt 0.871112 0.653180
vt 0.871112 0.644442
vt 0.871112 0.626967
vt 0.879849 0.635704
vt 0.871112 0.635704
vt 0.897325 0.626967
vt 0.888587 0.635704
vt 0.888587 0.626967
vt 0.879849 0.626967
vt 0.888587 0.618229
vt 0.879849 0.618229
vt 0.897325 0.618229
vt 0.862374 0.626967
vt 0.862374 0.635704
vt 0.862374 0.618229
vt 0.871112 0.618229
vt 0.862374 0.653180
vt 0.862374 0.644442
vt 0.879849 0.661917
vt 0.879849 0.653180
vt 0.862374 0.661917
vt 0.862374 0.670655
vt 0.862374 0.688130
vt 0.862374 0.679393
vt 0.879849 0.696868
vt 0.879849 0.688130
vt 0.862374 0.705606
vt 0.862374 0.714343
vt 0.879849 0.731819
vt 0.879849 0.723081
vt 0.862374 0.731819
vt 0.862374 0.740556
vt 0.862374 0.758032
vt 0.862374 0.749294
vt 0.844899 0.696868
vt 0.853636 0.688130
vt 0.844899 0.688130
vt 0.827423 0.696868
vt 0.827423 0.705606
vt 0.827423 0.688130
vt 0.836161 0.688130
vt 0.827423 0.723081
vt 0.827423 0.714343
vt 0.914800 0.696868
vt 0.923537 0.688130
vt 0.914800 0.688130
vt 0.932275 0.688130
vt 0.897325 0.705606
vt 0.906062 0.688130
vt 0.897325 0.714343
vt 0.914800 0.723081
vt 0.932275 0.714343
vt 0.844899 0.723081
vt 0.879849 0.758032
vt 0.897325 0.749294
vt 0.897325 0.679393
vt 0.897325 0.644442
vt 0.691974 0.155101
vt 0.657023 0.190052
vt 0.657023 0.120151
vt 0.657023 0.085200
vt 0.691974 0.447829
vt 0.657023 0.465304
vt 0.657023 0.395403
vt 0.657023 0.360452
vt 0.691974 0.412878
vt 0.172577 0.678449
vt 0.137626 0.713400
vt 0.137626 0.643498
vt 0.137626 0.608548
vt 0.172577 0.660974
vt 0.412878 0.695924
vt 0.377928 0.713400
vt 0.377928 0.643498
vt 0.377928 0.608548
vt 0.412878 0.660974
vt 0.691974 0.723081
vt 0.657023 0.740556
vt 0.657023 0.670655
vt 0.657023 0.635704
vt 0.691974 0.688130
vt 0.932275 0.155101
vt 0.897325 0.190052
vt 0.897325 0.120151
vt 0.897325 0.085200
vt 0.932275 0.447829
vt 0.897325 0.465304
vt 0.897325 0.395403
vt 0.897325 0.360452
vt 0.932275 0.412878
vt 0.932275 0.705606
vt 0.897325 0.740556
vt 0.897325 0.670655
vt 0.897325 0.635704
vn -0.8017 0.3737 -0.4665
vn 0.4665 0.3737 -0.8017
vn 0.8017 0.3737 0.4665
vn -0.4665 0.3737 0.8017
vn 0.3737 -0.8017 0.4665
vn -0.3737 0.8017 0.4665
vn 0.1833 0.8716 0.4546
vn 0.2009 0.9634 -0.1774
vn -0.4546 0.8716 -0.1833
vn -0.1833 -0.8716 0.4546
vn -0.0760 -0.9825 -0.1702
vn 0.4546 -0.8717 -0.1833
vn -0.4546 -0.1833 0.8716
vn 0.1774 -0.2009 0.9634
vn 0.1833 0.4546 0.8716
vn 0.8717 -0.1833 0.4546
vn 0.9634 -0.2009 -0.1774
vn 0.8716 0.4546 -0.1833
vn 0.4546 -0.1833 -0.8716
vn -0.1774 -0.2009 -0.9634
vn -0.1833 0.4546 -0.8716
vn -0.8716 -0.1833 -0.4546
vn -0.9634 -0.2009 0.1774
vn -0.8716 0.4546 0.1833
vn -0.9634 0.1774 0.2009
vn -0.8538 0.1397 0.5014
vn -0.8017 0.3737 0.4665
vn -0.8538 -0.5015 0.1397
vn -0.8017 -0.4665 0.3737
vn -0.8716 -0.1833 0.4546
vn -0.8017 -0.4665 -0.3737
vn -0.8538 -0.5015 -0.1397
vn -0.9634 -0.2009 -0.1774
vn -0.2009 0.1774 -0.9634
vn -0.5014 0.1397 -0.8539
vn -0.4665 0.3737 -0.8017
vn -0.1397 -0.5014 -0.8538
vn -0.3737 -0.4665 -0.8017
vn -0.4546 -0.1833 -0.8716
vn 0.3737 -0.4665 -0.8017
vn 0.1397 -0.5014 -0.8538
vn 0.1774 -0.2009 -0.9634
vn 0.9634 0.1774 -0.2009
vn 0.8538 0.1397 -0.5014
vn 0.8017 0.3737 -0.4665
vn 0.8538 -0.5014 -0.1397
vn 0.8017 -0.4665 -0.3737
vn 0.8716 -0.1833 -0.4546
vn 0.8017 -0.4665 0.3737
vn 0.8538 -0.5014 0.1397
vn 0.9634 -0.2009 0.1774
vn 0.2009 0.1774 0.9634
vn 0.5014 0.1397 0.8539
vn 0.4665 0.3737 0.8017
vn 0.1397 -0.5014 0.8538
vn 0.3737 -0.4665 0.8017
vn 0.4546 -0.1833 0.8717
vn -0.3737 -0.4665 0.8017
vn -0.1397 -0.5014 0.8538
vn -0.1774 -0.2009 0.9634
vn 0.1702 -0.9825 -0.0760
vn 0.1397 -0.8539 -0.5014
vn 0.3737 -0.8017 -0.4665
vn -0.5014 -0.8538 -0.1397
vn -0.4665 -0.8017 -0.3737
vn -0.1833 -0.8716 -0.4546
vn -0.4665 -0.8017 0.3737
vn -0.5014 -0.8538 0.1397
vn -0.0760 -0.9825 0.1702
vn -0.1774 0.9634 -0.2009
vn -0.1397 0.8538 -0.5014
vn -0.3737 0.8017 -0.4665
vn 0.5015 0.8538 -0.1397
vn 0.4665 0.8017 -0.3737
vn 0.1833 0.8716 -0.4546
vn 0.4665 0.8017 0.3737
vn 0.5015 0.8538 0.1397
vn 0.2009 0.9634 0.1774
vn -0.1397 0.8538 0.5014
vn -0.1774 0.9634 0.2009
vn -0.4546 0.8716 0.1833
vn 0.1397 -0.8538 0.5014
vn 0.1702 -0.9825 0.0760
vn 0.4546 -0.8717 0.1833
vn -0.5014 0.1397 0.8539
vn -0.2009 0.1774 0.9634
vn -0.1833 0.4546 0.8716
vn 0.8538 0.1397 0.5014
vn 0.9634 0.1774 0.2009
vn 0.8716 0.4546 0.1833
vn 0.5014 0.1397 -0.8539
vn 0.2009 0.1774 -0.9634
vn 0.1833 0.4546 -0.8716
vn -0.8538 0.1397 -0.5014
vn -0.9634 0.1774 -0.2009
vn -0.8716 0.4546 -0.1833
vn -0.6656 0.2189 -0.7135
vn 0.4716 0.2021 -0.8583
vn 0.6657 0.2189 0.7134
vn -0.4715 0.2021 0.8584
vn 0.5473 -0.3407 0.7644
vn -0.5473 0.3408 0.7644
vn 0.1903 0.4868 0.8525
vn 0.3380 0.8141 -0.4722
vn -0.7558 0.5330 -0.3803
vn -0.1903 -0.4867 0.8526
vn -0.3381 -0.8141 -0.4721
vn 0.7559 -0.5330 -0.3803
vn -0.4222 -0.0833 0.9027
vn 0.1505 -0.0846 0.9850
vn 0.1739 0.2277 0.9581
vn 0.7355 -0.0947 0.6709
vn 0.9520 -0.1142 -0.2839
vn 0.8998 0.2987 -0.3181
vn 0.4222 -0.0833 -0.9027
vn -0.1507 -0.0846 -0.9850
vn -0.1737 0.2277 -0.9581
vn -0.7356 -0.0947 -0.6708
vn -0.9521 -0.1143 0.2835
vn -0.8997 0.2986 0.3183
vn -0.9448 0.1025 0.3113
vn -0.7028 0.0745 0.7075
vn -0.6658 0.2189 0.7133
vn -0.9057 -0.3318 0.2640
vn -0.7128 -0.2779 0.6439
vn -0.7355 -0.0947 0.6708
vn -0.7128 -0.2779 -0.6439
vn -0.9057 -0.3318 -0.2640
vn -0.9520 -0.1142 -0.2839
vn -0.1661 0.0764 -0.9831
vn -0.4577 0.0673 -0.8865
vn -0.4715 0.2021 -0.8584
vn -0.1431 -0.2512 -0.9573
vn -0.4074 -0.2456 -0.8796
vn -0.4221 -0.0833 -0.9027
vn 0.4075 -0.2456 -0.8796
vn 0.1431 -0.2512 -0.9573
vn 0.1507 -0.0846 -0.9850
vn 0.9447 0.1024 -0.3115
vn 0.7029 0.0746 -0.7074
vn 0.6657 0.2189 -0.7134
vn 0.9057 -0.3318 -0.2639
vn 0.7127 -0.2778 -0.6441
vn 0.7355 -0.0947 -0.6709
vn 0.7127 -0.2778 0.6441
vn 0.9057 -0.3318 0.2639
vn 0.9521 -0.1143 0.2836
vn 0.1661 0.0764 0.9831
vn 0.4577 0.0674 0.8866
vn 0.4716 0.2021 0.8583
vn 0.1431 -0.2512 0.9573
vn 0.4075 -0.2457 0.8795
vn 0.4224 -0.0832 0.9026
vn -0.4074 -0.2456 0.8796
vn -0.1431 -0.2512 0.9573
vn -0.1503 -0.0846 0.9850
vn 0.3631 -0.7817 -0.5070
vn 0.2245 -0.4391 -0.8699
vn 0.5473 -0.3407 -0.7644
vn -0.7402 -0.5902 -0.3221
vn -0.5181 -0.4561 -0.7236
vn -0.1903 -0.4868 -0.8526
vn -0.5181 -0.4561 0.7236
vn -0.7402 -0.5902 0.3222
vn -0.3381 -0.8141 0.4721
vn -0.3631 0.7817 -0.5071
vn -0.2244 0.4393 -0.8699
vn -0.5473 0.3408 -0.7644
vn 0.7402 0.5902 -0.3222
vn 0.5181 0.4561 -0.7236
vn 0.1903 0.4868 -0.8525
vn 0.5181 0.4561 0.7236
vn 0.7402 0.5901 0.3223
vn 0.3380 0.8141 0.4723
vn -0.2244 0.4393 0.8699
vn -0.3631 0.7816 0.5072
vn -0.7558 0.5330 0.3804
vn 0.2245 -0.4391 0.8699
vn 0.3631 -0.7817 0.5071
vn 0.7558 -0.5329 0.3804
vn -0.4577 0.0673 0.8866
vn -0.1661 0.0764 0.9831
vn -0.1739 0.2277 0.9581
vn 0.7029 0.0746 0.7074
vn 0.9447 0.1024 0.3115
vn 0.8998 0.2987 0.3181
vn 0.4577 0.0674 -0.8865
vn 0.1661 0.0764 -0.9831
vn 0.1737 0.2277 -0.9581
vn -0.7029 0.0745 -0.7074
vn -0.9448 0.1025 -0.3113
vn -0.8998 0.2986 -0.3182
vn -0.7338 0.3780 -0.5646
vn 0.5646 0.3780 -0.7337
vn 0.7337 0.3780 0.5646
vn -0.5646 0.3780 0.7338
vn 0.5399 -0.5332 0.6513
vn -0.6768 0.4979 0.5422
vn -0.1149 0.8449 0.5225
vn -0.2319 0.9447 0.2319
vn -0.6971 0.6963 0.1710
vn -0.2710 -0.6763 0.6850
vn -0.2943 -0.9093 -0.2943
vn 0.6850 -0.6763 -0.2710
vn -0.5497 -0.0878 0.8307
vn 0.0509 -0.0697 0.9963
vn 0.2048 0.1822 0.9617
vn 0.8307 -0.0878 0.5497
vn 0.9729 -0.0955 -0.2108
vn 0.8652 0.4504 -0.2202
vn 0.5497 -0.0878 -0.8307
vn -0.2108 -0.0955 -0.9729
vn -0.2203 0.4504 -0.8652
vn -0.8307 -0.0878 -0.5497
vn -0.9729 -0.0955 0.2108
vn -0.8652 0.4504 0.2203
vn -0.9524 0.2006 0.2295
vn -0.7948 0.1646 0.5842
vn -0.7338 0.3780 0.5646
vn -0.9007 -0.3916 0.1878
vn -0.7834 -0.3626 0.5048
vn -0.8307 -0.0878 0.5497
vn -0.7834 -0.3626 -0.5048
vn -0.9007 -0.3916 -0.1878
vn -0.9729 -0.0955 -0.2108
vn -0.2295 0.2006 -0.9524
vn -0.5842 0.1646 -0.7948
vn -0.5646 0.3780 -0.7338
vn -0.1878 -0.3916 -0.9007
vn -0.5048 -0.3626 -0.7834
vn -0.5497 -0.0878 -0.8307
vn 0.5048 -0.3626 -0.7834
vn 0.1878 -0.3916 -0.9007
vn 0.2108 -0.0955 -0.9729
vn 0.9524 0.2006 -0.2295
vn 0.7948 0.1646 -0.5842
vn 0.7337 0.3780 -0.5646
vn 0.9007 -0.3916 -0.1878
vn 0.7834 -0.3626 -0.5048
vn 0.8307 -0.0878 -0.5497
vn 0.7834 -0.3626 0.5048
vn 0.9007 -0.3916 0.1878
vn 0.9729 -0.0955 0.2108
vn 0.0434 0.1885 0.9811
vn 0.5842 0.1646 0.7948
vn 0.5646 0.3780 0.7337
vn 0.1719 -0.2606 0.9500
vn 0.5048 -0.3626 0.7834
vn 0.5497 -0.0878 0.8307
vn -0.5048 -0.3626 0.7834
vn -0.1719 -0.2606 0.9500
vn -0.0509 -0.0697 0.9963
vn 0.3283 -0.8857 -0.3283
vn 0.2092 -0.6451 -0.7349
vn 0.5399 -0.5332 -0.6513
vn -0.7349 -0.6451 -0.2092
vn -0.6513 -0.5332 -0.5399
vn -0.2710 -0.6763 -0.6850
vn -0.6513 -0.5332 0.5399
vn -0.7349 -0.6451 0.2092
vn -0.2943 -0.9093 0.2943
vn 0.0000 1.0000 0.0000
vn -0.1984 0.9000 -0.3882
vn -0.6272 0.4618 -0.6272
vn 0.3882 0.9000 -0.1984
vn 0.5239 0.6716 -0.5239
vn -0.1710 0.6963 -0.6971
vn 0.7047 0.5059 0.4974
vn 0.3882 0.9000 0.1984
vn -0.1335 0.9820 -0.1335
vn -0.1513 0.9306 0.3332
vn -0.7212 0.6596 -0.2118
vn 0.2092 -0.6451 0.7349
vn 0.3283 -0.8857 0.3283
vn 0.6850 -0.6763 0.2710
vn -0.5842 0.1646 0.7948
vn -0.0434 0.1885 0.9811
vn -0.2048 0.1822 0.9617
vn 0.7948 0.1646 0.5842
vn 0.9524 0.2006 0.2295
vn 0.8652 0.4504 0.2202
vn 0.5842 0.1646 -0.7948
vn 0.2295 0.2006 -0.9524
vn 0.2203 0.4504 -0.8652
vn -0.7948 0.1646 -0.5842
vn -0.9524 0.2006 -0.2295
vn -0.8652 0.4504 -0.2203
vn -0.7150 0.6065 -0.3478
vn 0.3478 0.6065 -0.7150
vn 0.7150 0.6065 0.3477
vn -0.3477 0.6065 0.7150
vn -0.5394 0.6078 0.5829
vn 0.1657 0.7529 0.6370
vn 0.2381 0.9633 -0.1242
vn -0.6369 0.7529 -0.1656
vn -0.4062 0.1611 0.8995
vn 0.2106 0.0966 0.9728
vn 0.1049 0.4204 0.9013
vn 0.9025 0.1421 0.4065
vn 0.9748 0.0910 -0.2039
vn 0.9013 0.4204 -0.1048
vn 0.4121 0.1436 -0.8997
vn -0.2011 0.1117 -0.9732
vn -0.1047 0.4204 -0.9013
vn -0.8966 0.1626 -0.4120
vn -0.9711 0.1173 0.2080
vn -0.9012 0.4205 0.1048
vn -0.9900 -0.0700 0.1224
vn -0.8898 -0.1014 0.4449
vn -0.7150 0.6065 0.3478
vn -0.7863 0.5928 0.1742
vn -0.7150 0.6145 0.3335
vn -0.8966 0.1617 0.4123
vn -0.7187 0.5730 -0.3938
vn -0.7863 0.5929 -0.1738
vn -0.9711 0.1181 -0.2075
vn -0.1223 -0.0700 -0.9900
vn -0.4448 -0.1014 -0.8899
vn -0.3477 0.6065 -0.7150
vn -0.1932 0.6314 -0.7510
vn -0.3913 0.5706 -0.7220
vn -0.4065 0.1621 -0.8992
vn 0.3946 0.5721 -0.7190
vn 0.2010 0.6300 -0.7501
vn 0.2007 0.6296 -0.7506
vn 0.2006 0.6294 -0.7508
vn 0.2108 0.0980 -0.9726
vn 0.9900 -0.0700 -0.1224
vn 0.8899 -0.1014 -0.4448
vn 0.7150 0.6065 -0.3477
vn 0.7870 0.5926 -0.1718
vn 0.7226 0.5694 -0.3919
vn 0.9025 0.1430 -0.4062
vn 0.7163 0.6145 0.3306
vn 0.7870 0.5925 0.1721
vn 0.9747 0.0903 0.2044
vn 0.1225 -0.0700 0.9900
vn 0.4449 -0.1014 0.8898
vn 0.3478 0.6065 0.7150
vn 0.1660 0.6336 0.7556
vn 0.3547 0.6504 0.6717
vn 0.4118 0.1426 0.9000
vn -0.3521 0.6483 0.6751
vn -0.1587 0.6353 0.7558
vn -0.2010 0.1103 0.9734
vn -0.1241 0.9633 -0.2380
vn -0.2816 0.8717 -0.4011
vn -0.5393 0.6078 -0.5829
vn 0.4010 0.8717 -0.2817
vn 0.5829 0.6077 -0.5394
vn 0.1657 0.7529 -0.6370
vn 0.5829 0.6077 0.5394
vn 0.4010 0.8717 0.2817
vn 0.2381 0.9633 0.1242
vn -0.2816 0.8717 0.4010
vn -0.1241 0.9633 0.2380
vn -0.6369 0.7529 0.1656
vn -0.4448 -0.1014 0.8899
vn -0.1223 -0.0700 0.9900
vn -0.1047 0.4204 0.9013
vn 0.8899 -0.1014 0.4448
vn 0.9900 -0.0700 0.1224
vn 0.9013 0.4204 0.1048
vn 0.4449 -0.1014 -0.8898
vn 0.1225 -0.0700 -0.9900
vn 0.1049 0.4204 -0.9012
vn -0.8898 -0.1014 -0.4449
vn -0.9900 -0.0700 -0.1224
vn -0.9012 0.4205 -0.1048
vn -0.5898 0.5450 -0.5959
vn 0.6221 -0.0994 -0.7766
vn 0.7816 -0.1842 0.5959
vn -0.4303 0.4601 0.7766
vn 0.4329 -0.6064 0.6669
vn -0.4329 0.6064 0.6670
vn 0.4686 0.3400 0.8154
vn 0.7479 0.5154 -0.4183
vn -0.5136 0.8041 -0.2994
vn -0.4686 -0.3400 0.8154
vn -0.7479 -0.5154 -0.4184
vn 0.5136 -0.8041 -0.2994
vn -0.5214 0.1799 0.8341
vn 0.1396 -0.1801 0.9737
vn 0.3270 0.1086 0.9388
vn 0.6962 -0.4674 0.5448
vn 0.8158 -0.5396 -0.2078
vn 0.9460 -0.2205 -0.2377
vn 0.4407 -0.3316 -0.8341
vn -0.2274 0.0150 -0.9737
vn -0.0928 0.3318 -0.9388
vn -0.7768 0.3158 -0.5449
vn -0.9036 0.3746 0.2078
vn -0.7118 0.6609 0.2377
vn -0.8168 0.5296 0.2290
vn -0.6823 0.4406 0.5833
vn -0.5898 0.5450 0.5959
vn -0.9603 0.1983 0.1965
vn -0.8361 0.1575 0.5254
vn -0.7768 0.3158 0.5449
vn -0.8361 0.1575 -0.5254
vn -0.9603 0.1983 -0.1964
vn -0.9036 0.3746 -0.2078
vn -0.1626 0.1818 -0.9698
vn -0.4828 0.3345 -0.8093
vn -0.4303 0.4601 -0.7766
vn -0.3029 -0.1513 -0.9409
vn -0.5829 0.0229 -0.8122
vn -0.5214 0.1799 -0.8341
vn 0.3449 -0.4704 -0.8122
vn 0.0440 -0.3357 -0.9409
vn 0.1396 -0.1801 -0.9737
vn 0.8958 -0.3810 -0.2289
vn 0.7468 -0.3193 -0.5833
vn 0.7816 -0.1842 -0.5959
vn 0.7013 -0.6853 -0.1965
vn 0.5982 -0.6051 -0.5254
vn 0.6962 -0.4674 -0.5448
vn 0.5982 -0.6051 0.5254
vn 0.7013 -0.6853 0.1965
vn 0.8158 -0.5396 0.2078
vn 0.2417 -0.0332 0.9698
vn 0.5473 -0.2132 0.8093
vn 0.6221 -0.0994 0.7766
vn 0.0440 -0.3357 0.9409
vn 0.3449 -0.4704 0.8122
vn 0.4407 -0.3316 0.8341
vn -0.5829 0.0229 0.8122
vn -0.3029 -0.1513 0.9409
vn -0.2274 0.0150 0.9737
vn 0.0333 -0.8931 -0.4487
vn 0.0442 -0.5545 -0.8310
vn 0.4329 -0.6064 -0.6669
vn -0.9641 -0.0765 -0.2541
vn -0.7682 -0.0965 -0.6329
vn -0.4686 -0.3400 -0.8154
vn -0.7682 -0.0965 0.6329
vn -0.9641 -0.0765 0.2541
vn -0.7479 -0.5154 0.4184
vn -0.0333 0.8931 -0.4486
vn -0.0443 0.5545 -0.8310
vn -0.4329 0.6064 -0.6670
vn 0.9641 0.0765 -0.2541
vn 0.7682 0.0965 -0.6329
vn 0.4686 0.3400 -0.8154
vn 0.7682 0.0965 0.6329
vn 0.9641 0.0765 0.2541
vn 0.7479 0.5154 0.4184
vn -0.0443 0.5545 0.8310
vn -0.0333 0.8931 0.4487
vn -0.5136 0.8041 0.2994
vn 0.0442 -0.5545 0.8310
vn 0.0333 -0.8931 0.4487
vn 0.5136 -0.8041 0.2994
vn -0.4828 0.3345 0.8093
vn -0.1626 0.1818 0.9698
vn -0.0928 0.3318 0.9388
vn 0.7468 -0.3193 0.5833
vn 0.8958 -0.3810 0.2289
vn 0.9460 -0.2205 0.2377
vn 0.5473 -0.2132 -0.8093
vn 0.2417 -0.0332 -0.9698
vn 0.3270 0.1086 -0.9388
vn -0.6823 0.4406 -0.5833
vn -0.8168 0.5296 -0.2290
vn -0.7118 0.6609 -0.2377
vn -0.7817 -0.1844 -0.5957
vn 0.4305 0.4602 -0.7765
vn 0.5900 0.5450 0.5957
vn -0.6222 -0.0995 0.7765
vn 0.7450 0.0200 0.6668
vn -0.7450 -0.0200 0.6668
vn -0.0197 0.5787 0.8153
vn -0.0089 0.9083 -0.4183
vn -0.9539 0.0236 -0.2993
vn 0.0197 -0.5787 0.8153
vn 0.0089 -0.9083 -0.4183
vn 0.9539 -0.0236 -0.2993
vn -0.4409 -0.3317 0.8340
vn 0.2275 0.0151 0.9737
vn 0.0929 0.3318 0.9387
vn 0.7769 0.3158 0.5447
vn 0.9036 0.3746 -0.2077
vn 0.7119 0.6608 -0.2376
vn 0.5216 0.1801 -0.8340
vn -0.1397 -0.1801 -0.9737
vn -0.3271 0.1085 -0.9387
vn -0.6963 -0.4675 -0.5446
vn -0.8159 -0.5396 0.2077
vn -0.9460 -0.2207 0.2376
vn -0.8958 -0.3810 0.2288
vn -0.7470 -0.3194 0.5831
vn -0.7817 -0.1844 0.5957
vn -0.7014 -0.6852 0.1964
vn -0.5983 -0.6051 0.5252
vn -0.6963 -0.4675 0.5446
vn -0.5983 -0.6051 -0.5252
vn -0.7014 -0.6852 -0.1964
vn -0.8159 -0.5396 -0.2077
vn -0.2418 -0.0332 -0.9698
vn -0.5475 -0.2133 -0.8092
vn -0.6222 -0.0995 -0.7765
vn -0.0441 -0.3358 -0.9409
vn -0.3451 -0.4705 -0.8121
vn -0.4409 -0.3317 -0.8340
vn 0.5830 0.0230 -0.8121
vn 0.3030 -0.1512 -0.9409
vn 0.2275 0.0151 -0.9737
vn 0.8168 0.5296 -0.2288
vn 0.6825 0.4407 -0.5831
vn 0.5900 0.5450 -0.5957
vn 0.9603 0.1984 -0.1963
vn 0.8362 0.1577 -0.5252
vn 0.7769 0.3158 -0.5447
vn 0.8362 0.1577 0.5252
vn 0.9603 0.1984 0.1963
vn 0.9036 0.3746 0.2077
vn 0.1627 0.1819 0.9698
vn 0.4830 0.3346 0.8092
vn 0.4305 0.4602 0.7765
vn 0.3030 -0.1512 0.9409
vn 0.5830 0.0230 0.8121
vn 0.5216 0.1801 0.8340
vn -0.3451 -0.4705 0.8121
vn -0.0441 -0.3358 0.9409
vn -0.1397 -0.1801 0.9737
vn 0.7591 -0.4716 -0.4486
vn 0.4846 -0.2733 -0.8309
vn 0.7450 0.0200 -0.6668
vn -0.4759 -0.8420 -0.2540
vn -0.3498 -0.6908 -0.6328
vn 0.0197 -0.5787 -0.8153
vn -0.3498 -0.6908 0.6328
vn -0.4759 -0.8420 0.2540
vn 0.0089 -0.9083 0.4183
vn -0.7592 0.4716 -0.4486
vn -0.4846 0.2733 -0.8309
vn -0.7450 -0.0200 -0.6668
vn 0.4759 0.8420 -0.2540
vn 0.3498 0.6908 -0.6328
vn -0.0197 0.5787 -0.8153
vn 0.3498 0.6908 0.6328
vn 0.4759 0.8420 0.2540
vn -0.0089 0.9083 0.4183
vn -0.4846 0.2733 0.8309
vn -0.7591 0.4716 0.4486
vn -0.9539 0.0236 0.2993
vn 0.4846 -0.2733 0.8309
vn 0.7591 -0.4716 0.4486
vn 0.9539 -0.0236 0.2993
vn -0.5475 -0.2133 0.8092
vn -0.2418 -0.0332 0.9698
vn -0.3271 0.1085 0.9387
vn 0.6825 0.4407 0.5831
vn 0.8168 0.5296 0.2288
vn 0.7119 0.6608 0.2376
vn 0.4830 0.3346 -0.8092
vn 0.1627 0.1819 -0.9698
vn 0.0929 0.3318 -0.9387
vn -0.7470 -0.3194 -0.5831
vn -0.8958 -0.3810 -0.2288
vn -0.9460 -0.2207 -0.2376
vn -0.5281 0.3417 -0.7774
vn 0.3545 0.2988 -0.8860
vn 0.5281 0.3416 0.7774
vn -0.3544 0.2988 0.8860
vn 0.3416 -0.5281 0.7774
vn -0.3417 0.5281 0.7774
vn 0.1559 0.6161 0.7721
vn 0.2135 0.9042 -0.3699
vn -0.5066 0.7756 -0.3765
vn -0.1560 -0.6161 0.7721
vn -0.2135 -0.9041 -0.3701
vn 0.5066 -0.7755 -0.3767
vn -0.3199 -0.1241 0.9393
vn 0.1098 -0.1214 0.9865
vn 0.1241 0.3199 0.9393
vn 0.6161 -0.1560 0.7721
vn 0.9041 -0.2135 -0.3701
vn 0.7756 0.5066 -0.3767
vn 0.3199 -0.1241 -0.9393
vn -0.1098 -0.1214 -0.9865
vn -0.1241 0.3198 -0.9393
vn -0.6161 -0.1559 -0.7721
vn -0.9042 -0.2135 0.3700
vn -0.7756 0.5066 0.3766
vn -0.8942 0.1908 0.4049
vn -0.5818 0.1214 0.8042
vn -0.5285 0.3417 0.7772
vn -0.7716 -0.5560 0.3090
vn -0.5653 -0.4338 0.7016
vn -0.6161 -0.1559 0.7721
vn -0.5657 -0.4338 -0.7013
vn -0.7716 -0.5560 -0.3090
vn -0.9041 -0.2133 -0.3702
vn -0.1214 0.1098 -0.9865
vn -0.3500 0.1014 -0.9312
vn -0.3544 0.2988 -0.8860
vn -0.1014 -0.3500 -0.9312
vn -0.2988 -0.3544 -0.8860
vn -0.3199 -0.1241 -0.9393
vn 0.2988 -0.3545 -0.8860
vn 0.1014 -0.3500 -0.9312
vn 0.1098 -0.1214 -0.9865
vn 0.8942 0.1908 -0.4050
vn 0.5817 0.1214 -0.8043
vn 0.5281 0.3416 -0.7774
vn 0.7715 -0.5561 -0.3090
vn 0.5654 -0.4339 -0.7015
vn 0.6161 -0.1560 -0.7721
vn 0.5654 -0.4339 0.7015
vn 0.7715 -0.5561 0.3090
vn 0.9041 -0.2135 0.3701
vn 0.1214 0.1098 0.9865
vn 0.3501 0.1014 0.9312
vn 0.3545 0.2988 0.8860
vn 0.1014 -0.3500 0.9312
vn 0.2988 -0.3545 0.8860
vn 0.3199 -0.1241 0.9393
vn -0.2988 -0.3544 0.8860
vn -0.1014 -0.3500 0.9312
vn -0.1098 -0.1214 0.9865
vn 0.1908 -0.8942 -0.4050
vn 0.1212 -0.5819 -0.8042
vn 0.3416 -0.5281 -0.7774
vn -0.5560 -0.7716 -0.3091
vn -0.4338 -0.5653 -0.7016
vn -0.1560 -0.6161 -0.7721
vn -0.4338 -0.5653 0.7016
vn -0.5560 -0.7716 0.3091
vn -0.2135 -0.9041 0.3701
vn -0.1907 0.8942 -0.4050
vn -0.1214 0.5818 -0.8042
vn -0.3417 0.5281 -0.7774
vn 0.5561 0.7716 -0.3089
vn 0.4338 0.5655 -0.7014
vn 0.1559 0.6161 -0.7721
vn 0.4338 0.5653 0.7016
vn 0.5561 0.7716 0.3089
vn 0.2135 0.9042 0.3699
vn -0.1214 0.5818 0.8042
vn -0.1907 0.8942 0.4050
vn -0.5066 0.7756 0.3766
vn 0.1215 -0.5818 0.8042
vn 0.1908 -0.8942 0.4050
vn 0.5066 -0.7755 0.3767
vn -0.3500 0.1014 0.9312
vn -0.1214 0.1098 0.9865
vn -0.1241 0.3199 0.9393
vn 0.5817 0.1214 0.8043
vn 0.8942 0.1908 0.4050
vn 0.7756 0.5066 0.3767
vn 0.3501 0.1014 -0.9312
vn 0.1214 0.1098 -0.9865
vn 0.1241 0.3199 -0.9393
vn -0.5818 0.1215 -0.8042
vn -0.8942 0.1907 -0.4049
vn -0.7756 0.5066 -0.3766
vn -0.6658 0.2189 -0.7133
vn 0.4716 0.2021 -0.8584
vn 0.6657 0.2189 0.7133
vn -0.4716 0.2021 0.8584
vn 0.5473 -0.3408 0.7644
vn 0.1902 0.4869 0.8525
vn 0.3380 0.8142 -0.4720
vn -0.7559 0.5330 -0.3803
vn -0.1903 -0.4868 0.8525
vn -0.3382 -0.8141 -0.4721
vn 0.7559 -0.5329 -0.3804
vn 0.1738 0.2277 0.9581
vn 0.9521 -0.1142 -0.2838
vn 0.8997 0.2987 -0.3182
vn 0.4222 -0.0832 -0.9027
vn -0.7355 -0.0947 -0.6708
vn -0.9520 -0.1142 0.2839
vn -0.8997 0.2986 0.3182
vn -0.9447 0.1025 0.3115
vn -0.6658 0.2189 0.7134
vn -0.9057 -0.3318 0.2639
vn -0.7129 -0.2779 0.6439
vn -0.7355 -0.0947 0.6709
vn -0.7129 -0.2779 -0.6439
vn -0.9057 -0.3318 -0.2639
vn -0.9521 -0.1142 -0.2838
vn -0.4716 0.2021 -0.8584
vn -0.4074 -0.2455 -0.8796
vn 0.1506 -0.0846 -0.9850
vn 0.9448 0.1025 -0.3112
vn 0.7028 0.0745 -0.7075
vn 0.6657 0.2189 -0.7133
vn 0.9058 -0.3315 -0.2641
vn 0.7129 -0.2780 -0.6438
vn 0.7355 -0.0947 -0.6708
vn 0.7127 -0.2779 0.6441
vn 0.9057 -0.3317 0.2640
vn 0.9521 -0.1142 0.2838
vn 0.4577 0.0673 0.8866
vn 0.4716 0.2021 0.8584
vn 0.4076 -0.2457 0.8795
vn 0.4223 -0.0832 0.9026
vn -0.4074 -0.2455 0.8796
vn 0.3631 -0.7818 -0.5069
vn 0.5473 -0.3408 -0.7644
vn -0.7403 -0.5900 -0.3224
vn -0.1903 -0.4868 -0.8525
vn -0.7401 -0.5903 0.3220
vn -0.3382 -0.8141 0.4721
vn 0.5182 0.4560 -0.7236
vn 0.1902 0.4869 -0.8525
vn 0.5180 0.4563 0.7235
vn 0.7402 0.5902 0.3223
vn 0.3380 0.8142 0.4721
vn -0.7558 0.5329 0.3804
vn 0.3631 -0.7818 0.5070
vn -0.4577 0.0673 0.8865
vn -0.1738 0.2277 0.9581
vn 0.7028 0.0745 0.7075
vn 0.9446 0.1026 0.3117
vn 0.8997 0.2987 0.3182
vn 0.4577 0.0673 -0.8865
vn 0.1664 0.0763 -0.9831
vn -0.9447 0.1025 -0.3115
vn -0.5282 0.3417 -0.7773
vn 0.3417 -0.5281 0.7774
vn 0.1561 0.6161 0.7721
vn 0.2135 0.9041 -0.3702
vn -0.5066 0.7755 -0.3768
vn -0.1560 -0.6161 0.7720
vn -0.2135 -0.9042 -0.3700
vn 0.5066 -0.7756 -0.3766
vn 0.6161 -0.1561 0.7721
vn 0.9041 -0.2135 -0.3702
vn 0.7755 0.5066 -0.3767
vn 0.3199 -0.1240 -0.9393
vn -0.1097 -0.1215 -0.9865
vn -0.1240 0.3199 -0.9393
vn -0.6162 -0.1560 -0.7720
vn -0.5817 0.1214 0.8043
vn -0.5281 0.3417 0.7774
vn -0.7716 -0.5560 0.3089
vn -0.5656 -0.4338 0.7013
vn -0.6161 -0.1560 0.7721
vn -0.5654 -0.4338 -0.7015
vn -0.9041 -0.2132 -0.3703
vn -0.1215 0.1097 -0.9865
vn -0.3499 0.1014 -0.9313
vn -0.1013 -0.3499 -0.9313
vn -0.2989 -0.3544 -0.8860
vn -0.3199 -0.1240 -0.9393
vn 0.2988 -0.3544 -0.8860
vn 0.1013 -0.3499 -0.9313
vn 0.1097 -0.1215 -0.9865
vn 0.8942 0.1909 -0.4050
vn 0.5282 0.3416 -0.7773
vn 0.7715 -0.5561 -0.3089
vn 0.5654 -0.4338 -0.7015
vn 0.6162 -0.1561 -0.7720
vn 0.5653 -0.4338 0.7016
vn 0.7716 -0.5561 0.3089
vn 0.2988 -0.3544 0.8860
vn -0.2989 -0.3544 0.8861
vn -0.1013 -0.3500 0.9312
vn 0.1214 -0.5818 -0.8042
vn 0.3417 -0.5282 -0.7773
vn -0.5560 -0.7716 -0.3090
vn -0.4338 -0.5654 -0.7015
vn -0.1560 -0.6162 -0.7719
vn -0.4338 -0.5653 0.7017
vn -0.5560 -0.7716 0.3089
vn -0.2135 -0.9042 0.3700
vn -0.1909 0.8942 -0.4050
vn -0.1215 0.5818 -0.8042
vn -0.3417 0.5283 -0.7773
vn 0.5562 0.7715 -0.3089
vn 0.4339 0.5655 -0.7014
vn 0.1561 0.6162 -0.7720
vn 0.4339 0.5654 0.7015
vn 0.5562 0.7715 0.3089
vn 0.2135 0.9041 0.3701
vn -0.1215 0.5817 0.8043
vn -0.1909 0.8942 0.4049
vn -0.5066 0.7755 0.3767
vn 0.1214 -0.5817 0.8043
vn 0.1908 -0.8942 0.4049
vn 0.5067 -0.7756 0.3765
vn 0.5820 0.1214 0.8041
vn 0.8942 0.1909 0.4049
vn 0.7755 0.5066 0.3767
vn 0.3499 0.1013 -0.9313
vn 0.1215 0.1097 -0.9865
vn 0.1240 0.3199 -0.9393
vn -0.8942 0.1908 -0.4049
vn -0.7755 0.5066 -0.3766
vn -0.8017 0.4665 -0.3737
vn 0.3737 0.4665 -0.8017
vn 0.8017 0.4665 0.3737
vn -0.3737 0.4665 0.8017
vn 0.4665 -0.8017 0.3737
vn -0.4665 0.8017 0.3737
vn 0.1397 0.8538 0.5014
vn 0.1774 0.9634 -0.2009
vn -0.5014 0.8538 -0.1397
vn -0.1397 -0.8538 0.5014
vn -0.1702 -0.9825 -0.0760
vn 0.5014 -0.8539 -0.1397
vn -0.5014 -0.1397 0.8539
vn 0.2009 -0.1774 0.9634
vn 0.1397 0.5014 0.8538
vn 0.8538 -0.1397 0.5014
vn 0.9634 -0.1774 -0.2009
vn 0.8538 0.5015 -0.1397
vn 0.5014 -0.1397 -0.8538
vn -0.2009 -0.1774 -0.9634
vn -0.1397 0.5014 -0.8538
vn -0.8538 -0.1397 -0.5014
vn -0.9634 -0.1774 0.2009
vn -0.8538 0.5014 0.1397
vn -0.9634 0.2009 0.1774
vn -0.8716 0.1833 0.4546
vn -0.8017 0.4665 0.3737
vn -0.8716 -0.4546 0.1833
vn -0.8017 -0.3737 0.4665
vn -0.8538 -0.1397 0.5014
vn -0.8017 -0.3737 -0.4665
vn -0.8716 -0.4546 -0.1833
vn -0.9634 -0.1774 -0.2009
vn -0.1774 0.2009 -0.9634
vn -0.4546 0.1833 -0.8716
vn -0.3737 0.4665 -0.8017
vn -0.1833 -0.4546 -0.8716
vn -0.4665 -0.3737 -0.8017
vn -0.5014 -0.1397 -0.8538
vn 0.4665 -0.3737 -0.8017
vn 0.1833 -0.4546 -0.8716
vn 0.2009 -0.1774 -0.9634
vn 0.9634 0.2009 -0.1774
vn 0.8717 0.1833 -0.4546
vn 0.8017 0.4665 -0.3737
vn 0.8716 -0.4546 -0.1833
vn 0.8017 -0.3737 -0.4665
vn 0.8538 -0.1397 -0.5014
vn 0.8017 -0.3737 0.4665
vn 0.8716 -0.4546 0.1833
vn 0.9634 -0.1774 0.2009
vn 0.1774 0.2009 0.9634
vn 0.4546 0.1833 0.8717
vn 0.3737 0.4665 0.8017
vn 0.1833 -0.4546 0.8716
vn 0.4665 -0.3737 0.8017
vn 0.5014 -0.1397 0.8539
vn -0.4665 -0.3737 0.8017
vn -0.1833 -0.4546 0.8716
vn -0.2009 -0.1774 0.9634
vn 0.0760 -0.9825 -0.1702
vn 0.1833 -0.8717 -0.4546
vn 0.4665 -0.8017 -0.3737
vn -0.4546 -0.8716 -0.1833
vn -0.3737 -0.8017 -0.4665
vn -0.1397 -0.8539 -0.5014
vn -0.3737 -0.8017 0.4665
vn -0.4546 -0.8716 0.1833
vn -0.1702 -0.9825 0.0760
vn -0.2009 0.9634 -0.1774
vn -0.1833 0.8716 -0.4546
vn -0.4665 0.8017 -0.3737
vn 0.4546 0.8716 -0.1833
vn 0.3737 0.8017 -0.4665
vn 0.1397 0.8538 -0.5014
vn 0.3737 0.8017 0.4665
vn 0.4546 0.8716 0.1833
vn 0.1774 0.9634 0.2009
vn -0.1833 0.8716 0.4546
vn -0.2009 0.9634 0.1774
vn -0.5014 0.8538 0.1397
vn 0.1833 -0.8716 0.4546
vn 0.0760 -0.9825 0.1702
vn 0.5014 -0.8539 0.1397
vn -0.4546 0.1833 0.8716
vn -0.1774 0.2009 0.9634
vn -0.1397 0.5014 0.8538
vn 0.8717 0.1833 0.4546
vn 0.9634 0.2009 0.1774
vn 0.8538 0.5015 0.1397
vn 0.4546 0.1833 -0.8717
vn 0.1774 0.2009 -0.9634
vn 0.1397 0.5014 -0.8538
vn -0.8716 0.1833 -0.4546
vn -0.9634 0.2009 -0.1774
vn -0.8538 0.5014 -0.1397
vn -0.7128 0.2779 -0.6439
vn 0.4074 0.2456 -0.8796
vn 0.7128 0.2780 0.6440
vn -0.4074 0.2456 0.8796
vn 0.5181 -0.4559 0.7237
vn -0.5181 0.4561 0.7236
vn 0.2244 0.4393 0.8699
vn 0.3630 0.7817 -0.5071
vn -0.7401 0.5903 -0.3221
vn -0.2245 -0.4391 0.8699
vn -0.3631 -0.7817 -0.5070
vn 0.7402 -0.5901 -0.3224
vn -0.4577 -0.0673 0.8866
vn 0.1664 -0.0765 0.9831
vn 0.1431 0.2512 0.9573
vn 0.7029 -0.0746 0.7074
vn 0.9447 -0.1024 -0.3114
vn 0.9057 0.3316 -0.2641
vn 0.4577 -0.0674 -0.8865
vn -0.1661 -0.0764 -0.9831
vn -0.1431 0.2511 -0.9573
vn -0.7029 -0.0745 -0.7074
vn -0.9448 -0.1025 0.3113
vn -0.9057 0.3317 0.2640
vn -0.9520 0.1142 0.2839
vn -0.7355 0.0947 0.6708
vn -0.7128 0.2779 0.6439
vn -0.8998 -0.2988 0.3178
vn -0.6658 -0.2189 0.7133
vn -0.7028 -0.0746 0.7075
vn -0.6656 -0.2189 -0.7135
vn -0.8997 -0.2986 -0.3183
vn -0.9447 -0.1026 -0.3116
vn -0.1505 0.0846 -0.9850
vn -0.4221 0.0833 -0.9027
vn -0.4074 0.2456 -0.8796
vn -0.1739 -0.2277 -0.9581
vn -0.4715 -0.2021 -0.8584
vn -0.4577 -0.0673 -0.8865
vn 0.4716 -0.2021 -0.8583
vn 0.1739 -0.2277 -0.9581
vn 0.1661 -0.0764 -0.9831
vn 0.9521 0.1143 -0.2836
vn 0.7355 0.0946 -0.6709
vn 0.7128 0.2780 -0.6440
vn 0.8997 -0.2990 -0.3180
vn 0.6657 -0.2189 -0.7134
vn 0.7029 -0.0746 -0.7074
vn 0.6657 -0.2189 0.7134
vn 0.8998 -0.2987 0.3181
vn 0.9447 -0.1024 0.3115
vn 0.1507 0.0846 0.9850
vn 0.4222 0.0833 0.9027
vn 0.4074 0.2456 0.8796
vn 0.1737 -0.2278 0.9581
vn 0.4718 -0.2021 0.8582
vn 0.4577 -0.0674 0.8865
vn -0.4715 -0.2021 0.8584
vn -0.1739 -0.2277 0.9581
vn -0.1661 -0.0764 0.9831
vn 0.3381 -0.8141 -0.4721
vn 0.1903 -0.4868 -0.8526
vn 0.5181 -0.4559 -0.7237
vn -0.7559 -0.5330 -0.3803
vn -0.5473 -0.3407 -0.7644
vn -0.2245 -0.4391 -0.8699
vn -0.5473 -0.3407 0.7644
vn -0.7558 -0.5329 0.3804
vn -0.3631 -0.7817 0.5071
vn -0.3380 0.8142 -0.4721
vn -0.1903 0.4868 -0.8525
vn -0.5181 0.4561 -0.7236
vn 0.7558 0.5329 -0.3804
vn 0.5473 0.3407 -0.7644
vn 0.2244 0.4393 -0.8699
vn 0.5473 0.3407 0.7644
vn 0.7559 0.5331 0.3800
vn 0.3630 0.7817 0.5072
vn -0.1903 0.4868 0.8525
vn -0.3380 0.8141 0.4721
vn -0.7401 0.5903 0.3222
vn 0.1903 -0.4867 0.8526
vn 0.3381 -0.8141 0.4721
vn 0.7401 -0.5903 0.3220
vn -0.4222 0.0833 0.9027
vn -0.1503 0.0846 0.9850
vn -0.1431 0.2512 0.9573
vn 0.7355 0.0946 0.6709
vn 0.9521 0.1143 0.2837
vn 0.9057 0.3316 0.2642
vn 0.4222 0.0833 -0.9027
vn 0.1505 0.0846 -0.9850
vn 0.1431 0.2511 -0.9573
vn -0.7356 0.0947 -0.6708
vn -0.9521 0.1142 -0.2838
vn -0.9057 0.3317 -0.2639
vn -0.7458 0.4564 -0.4852
vn 0.4852 0.4564 -0.7458
vn 0.7458 0.4564 0.4853
vn -0.6693 0.2526 0.6987
vn 0.6513 -0.5332 0.5399
vn -0.7200 0.4882 0.4932
vn 0.1513 0.9306 0.3332
vn -0.3882 0.9000 -0.1984
vn -0.2092 -0.6451 0.7349
vn -0.3283 -0.8857 -0.3283
vn 0.7349 -0.6451 -0.2092
vn -0.5747 -0.0703 0.8154
vn 0.0349 -0.0805 0.9961
vn 0.0366 0.3687 0.9288
vn 0.8154 -0.0703 0.5746
vn 0.9708 -0.0860 -0.2241
vn 0.8531 0.4902 -0.1786
vn 0.5746 -0.0703 -0.8154
vn -0.2241 -0.0860 -0.9708
vn -0.1786 0.4902 -0.8531
vn -0.8154 -0.0703 -0.5747
vn -0.9708 -0.0860 0.2241
vn -0.8531 0.4902 0.1786
vn -0.9540 0.2220 0.2014
vn -0.8217 0.2045 0.5320
vn -0.7458 0.4564 0.4852
vn -0.9059 -0.3570 0.2276
vn -0.7593 -0.2963 0.5793
vn -0.8154 -0.0703 0.5747
vn -0.7593 -0.2963 -0.5793
vn -0.9059 -0.3570 -0.2276
vn -0.9708 -0.0860 -0.2241
vn -0.2014 0.2220 -0.9540
vn -0.5320 0.2045 -0.8217
vn -0.4852 0.4564 -0.7458
vn -0.2276 -0.3570 -0.9059
vn -0.5793 -0.2963 -0.7593
vn -0.5747 -0.0703 -0.8154
vn 0.5793 -0.2963 -0.7593
vn 0.2276 -0.3570 -0.9059
vn 0.2241 -0.0860 -0.9708
vn 0.9540 0.2220 -0.2014
vn 0.8217 0.2045 -0.5320
vn 0.7458 0.4564 -0.4853
vn 0.9059 -0.3570 -0.2276
vn 0.7593 -0.2963 -0.5793
vn 0.8154 -0.0703 -0.5746
vn 0.7593 -0.2963 0.5793
vn 0.9059 -0.3570 0.2276
vn 0.9708 -0.0860 0.2241
vn 0.1921 0.0779 0.9783
vn 0.5320 0.2045 0.8217
vn 0.6693 0.2526 0.6987
vn 0.0801 -0.3418 0.9363
vn 0.5793 -0.2963 0.7593
vn 0.5746 -0.0703 0.8154
vn -0.5793 -0.2963 0.7593
vn -0.0801 -0.3418 0.9363
vn -0.0349 -0.0805 0.9961
vn 0.2943 -0.9093 -0.2943
vn 0.2710 -0.6763 -0.6850
vn 0.6513 -0.5332 -0.5399
vn -0.6850 -0.6763 -0.2710
vn -0.5399 -0.5332 -0.6513
vn -0.2092 -0.6451 -0.7349
vn -0.5399 -0.5332 0.6513
vn -0.6850 -0.6763 0.2710
vn -0.3283 -0.8857 0.3283
vn 0.2319 0.9447 0.2319
vn 0.1710 0.6963 -0.6971
vn -0.5239 0.6716 -0.5239
vn 0.6971 0.6963 0.1710
vn 0.6272 0.4618 -0.6272
vn 0.1984 0.9000 -0.3882
vn 0.6754 0.5118 0.5309
vn 0.7100 0.6773 -0.1925
vn 0.1122 0.8463 0.5208
vn 0.1303 0.9829 -0.1303
vn -0.3882 0.9000 0.1984
vn 0.2710 -0.6763 0.6850
vn 0.2943 -0.9093 0.2943
vn 0.7349 -0.6451 0.2092
vn -0.5320 0.2045 0.8217
vn -0.1921 0.0779 0.9783
vn -0.0366 0.3687 0.9288
vn 0.8217 0.2045 0.5320
vn 0.9540 0.2220 0.2014
vn 0.8531 0.4902 0.1786
vn 0.5320 0.2045 -0.8217
vn 0.2014 0.2220 -0.9540
vn 0.1786 0.4902 -0.8531
vn -0.8217 0.2045 -0.5320
vn -0.9540 0.2220 -0.2014
vn -0.8531 0.4902 -0.1786
vn -0.3704 0.7971 -0.4769
vn 0.4769 0.7971 -0.3704
vn 0.3704 0.7972 0.4768
vn -0.4768 0.7971 0.3705
vn -0.5828 0.6078 0.5394
vn 0.2818 0.8716 0.4011
vn 0.1243 0.9633 -0.2380
vn -0.4011 0.8717 -0.2817
vn -0.4376 0.1297 0.8898
vn 0.1116 0.2429 0.9636
vn 0.2713 0.6361 0.7223
vn 0.8917 0.1090 0.4393
vn 0.9675 0.2265 -0.1124
vn 0.7224 0.6361 -0.2712
vn 0.4388 0.1168 -0.8910
vn -0.1114 0.2442 -0.9633
vn -0.2712 0.6361 -0.7224
vn -0.8888 0.1376 -0.4370
vn -0.9590 0.2609 0.1106
vn -0.7223 0.6361 0.2712
vn -0.9901 -0.0826 0.1138
vn -0.8955 -0.1211 0.4284
vn -0.3704 0.7971 0.4769
vn -0.7510 0.6299 0.1978
vn -0.6769 0.6496 0.3462
vn -0.8889 0.1369 0.4371
vn -0.7071 0.6104 -0.3569
vn -0.7512 0.6299 -0.1973
vn -0.9590 0.2609 -0.1106
vn -0.1137 -0.0826 -0.9901
vn -0.4283 -0.1210 -0.8955
vn -0.4768 0.7971 -0.3705
vn -0.1918 0.6292 -0.7532
vn -0.3517 0.6108 -0.7094
vn -0.4375 0.1311 -0.8896
vn 0.3566 0.6106 -0.7071
vn 0.2010 0.6301 -0.7500
vn 0.1115 0.2447 -0.9632
vn 0.9901 -0.0826 -0.1137
vn 0.8955 -0.1210 -0.4283
vn 0.3705 0.7972 -0.4768
vn 0.7523 0.6293 -0.1951
vn 0.7095 0.6110 -0.3510
vn 0.8917 0.1097 -0.4392
vn 0.6828 0.6457 0.3418
vn 0.7521 0.6294 0.1955
vn 0.9675 0.2265 0.1124
vn 0.1138 -0.0826 0.9901
vn 0.4284 -0.1211 0.8955
vn 0.4768 0.7972 0.3704
vn 0.1950 0.6826 0.7043
vn 0.3413 0.6634 0.6659
vn 0.4389 0.1154 0.8911
vn -0.3366 0.6633 0.6683
vn -0.1861 0.6815 0.7077
vn -0.1115 0.2424 0.9637
vn -0.2379 0.9633 -0.1242
vn -0.1655 0.7529 -0.6370
vn -0.5828 0.6078 -0.5394
vn 0.6370 0.7529 -0.1656
vn 0.5395 0.6077 -0.5828
vn 0.2818 0.8716 -0.4011
vn 0.5395 0.6077 0.5828
vn 0.6370 0.7529 0.1656
vn 0.1243 0.9633 0.2380
vn -0.1655 0.7529 0.6370
vn -0.2379 0.9633 0.1242
vn -0.4011 0.8717 0.2817
vn -0.4283 -0.1210 0.8955
vn -0.1137 -0.0826 0.9901
vn -0.2711 0.6361 0.7224
vn 0.8955 -0.1211 0.4283
vn 0.9901 -0.0826 0.1137
vn 0.7224 0.6361 0.2712
vn 0.4284 -0.1211 -0.8955
vn 0.1138 -0.0826 -0.9901
vn 0.2713 0.6361 -0.7223
vn -0.8955 -0.1210 -0.4284
vn -0.9901 -0.0826 -0.1138
vn -0.7223 0.6361 -0.2712
vn -0.5982 0.6051 -0.5254
vn 0.5829 -0.0229 -0.8122
vn 0.8361 -0.1575 0.5254
vn -0.3449 0.4704 0.8122
vn 0.3495 -0.6908 0.6329
vn -0.3495 0.6908 0.6329
vn 0.4845 0.2734 0.8310
vn 0.7590 0.4718 -0.4486
vn -0.4757 0.8421 -0.2541
vn -0.4845 -0.2734 0.8310
vn -0.7590 -0.4718 -0.4487
vn 0.4757 -0.8421 -0.2541
vn -0.5473 0.2132 0.8093
vn 0.1626 -0.1818 0.9698
vn 0.3029 0.1513 0.9409
vn 0.6823 -0.4406 0.5833
vn 0.8168 -0.5296 -0.2289
vn 0.9603 -0.1982 -0.1964
vn 0.4828 -0.3345 -0.8093
vn -0.2417 0.0332 -0.9698
vn -0.0440 0.3357 -0.9409
vn -0.7468 0.3193 -0.5833
vn -0.8958 0.3810 0.2290
vn -0.7013 0.6853 0.1964
vn -0.8158 0.5397 0.2078
vn -0.6962 0.4674 0.5449
vn -0.5982 0.6051 0.5254
vn -0.9460 0.2205 0.2377
vn -0.7816 0.1842 0.5959
vn -0.7468 0.3193 0.5833
vn -0.7816 0.1842 -0.5959
vn -0.9460 0.2205 -0.2377
vn -0.8958 0.3810 -0.2290
vn -0.1396 0.1801 -0.9737
vn -0.4408 0.3316 -0.8341
vn -0.3449 0.4704 -0.8122
vn -0.3270 -0.1086 -0.9388
vn -0.6221 0.0994 -0.7766
vn -0.5473 0.2132 -0.8093
vn 0.4302 -0.4601 -0.7766
vn 0.0928 -0.3318 -0.9388
vn 0.1626 -0.1818 -0.9698
vn 0.9036 -0.3746 -0.2078
vn 0.7768 -0.3158 -0.5449
vn 0.8361 -0.1575 -0.5254
vn 0.7118 -0.6609 -0.2378
vn 0.5898 -0.5450 -0.5959
vn 0.6823 -0.4406 -0.5833
vn 0.5898 -0.5450 0.5959
vn 0.7118 -0.6609 0.2378
vn 0.8168 -0.5296 0.2289
vn 0.2274 -0.0150 0.9737
vn 0.5214 -0.1799 0.8341
vn 0.5829 -0.0229 0.8122
vn 0.0928 -0.3318 0.9388
vn 0.4303 -0.4601 0.7766
vn 0.4828 -0.3345 0.8093
vn -0.6221 0.0994 0.7766
vn -0.3270 -0.1086 0.9388
vn -0.2417 0.0332 0.9698
vn -0.0091 -0.9082 -0.4184
vn -0.0198 -0.5786 -0.8154
vn 0.3495 -0.6908 -0.6329
vn -0.9538 -0.0239 -0.2994
vn -0.7448 0.0198 -0.6669
vn -0.4845 -0.2734 -0.8310
vn -0.7448 0.0198 0.6669
vn -0.9538 -0.0239 0.2994
vn -0.7590 -0.4718 0.4487
vn 0.0091 0.9082 -0.4184
vn 0.0198 0.5786 -0.8154
vn -0.3495 0.6908 -0.6329
vn 0.9538 0.0238 -0.2994
vn 0.7448 -0.0198 -0.6670
vn 0.4845 0.2734 -0.8310
vn 0.7448 -0.0198 0.6670
vn 0.9538 0.0238 0.2994
vn 0.7590 0.4718 0.4487
vn 0.0198 0.5786 0.8154
vn 0.0091 0.9082 0.4184
vn -0.4757 0.8421 0.2541
vn -0.0198 -0.5786 0.8154
vn -0.0091 -0.9082 0.4184
vn 0.4757 -0.8421 0.2541
vn -0.4408 0.3316 0.8341
vn -0.1396 0.1801 0.9737
vn -0.0440 0.3357 0.9409
vn 0.7768 -0.3158 0.5449
vn 0.9036 -0.3746 0.2078
vn 0.9603 -0.1982 0.1964
vn 0.5214 -0.1799 -0.8341
vn 0.2274 -0.0150 -0.9737
vn 0.3029 0.1513 -0.9409
vn -0.6962 0.4674 -0.5449
vn -0.8158 0.5397 -0.2078
vn -0.7013 0.6853 -0.1964
vn -0.8362 -0.1577 -0.5252
vn 0.3451 0.4705 -0.8121
vn 0.5983 0.6051 0.5252
vn -0.5831 -0.0230 0.8121
vn 0.7683 -0.0963 0.6328
vn -0.7683 0.0963 0.6328
vn 0.0444 0.5546 0.8309
vn 0.0335 0.8931 -0.4486
vn -0.9642 0.0763 -0.2540
vn -0.0444 -0.5546 0.8309
vn -0.0335 -0.8931 -0.4486
vn 0.9642 -0.0763 -0.2540
vn -0.4830 -0.3346 0.8092
vn 0.2418 0.0332 0.9698
vn 0.0441 0.3358 0.9409
vn 0.7470 0.3194 0.5831
vn 0.8958 0.3810 -0.2288
vn 0.7014 0.6852 -0.1963
vn 0.5475 0.2133 -0.8092
vn -0.1627 -0.1819 -0.9698
vn -0.3030 0.1512 -0.9409
vn -0.6825 -0.4407 -0.5831
vn -0.8168 -0.5296 0.2288
vn -0.9603 -0.1984 0.1963
vn -0.9036 -0.3746 0.2077
vn -0.7769 -0.3158 0.5447
vn -0.8362 -0.1577 0.5252
vn -0.7119 -0.6608 0.2376
vn -0.5900 -0.5450 0.5957
vn -0.6825 -0.4407 0.5831
vn -0.5900 -0.5450 -0.5957
vn -0.7119 -0.6608 -0.2376
vn -0.8168 -0.5296 -0.2288
vn -0.2275 -0.0151 -0.9737
vn -0.5216 -0.1801 -0.8340
vn -0.5831 -0.0230 -0.8121
vn -0.0930 -0.3318 -0.9387
vn -0.4305 -0.4602 -0.7765
vn -0.4830 -0.3346 -0.8092
vn 0.6222 0.0995 -0.7765
vn 0.3271 -0.1085 -0.9387
vn 0.2418 0.0332 -0.9698
vn 0.8159 0.5396 -0.2077
vn 0.6963 0.4675 -0.5446
vn 0.5983 0.6051 -0.5252
vn 0.9460 0.2207 -0.2376
vn 0.7817 0.1844 -0.5957
vn 0.7470 0.3194 -0.5831
vn 0.7817 0.1844 0.5957
vn 0.9460 0.2207 0.2376
vn 0.8958 0.3810 0.2288
vn 0.1397 0.1801 0.9737
vn 0.4409 0.3317 0.8340
vn 0.3451 0.4705 0.8121
vn 0.3271 -0.1085 0.9387
vn 0.6222 0.0995 0.7765
vn 0.5475 0.2133 0.8092
vn -0.4305 -0.4602 0.7765
vn -0.0930 -0.3318 0.9387
vn -0.1627 -0.1819 0.9698
vn 0.7480 -0.5153 -0.4183
vn 0.4687 -0.3399 -0.8153
vn 0.7683 -0.0963 -0.6328
vn -0.5138 -0.8040 -0.2993
vn -0.4332 -0.6064 -0.6668
vn -0.0444 -0.5546 -0.8309
vn -0.4332 -0.6064 0.6668
vn -0.5138 -0.8040 0.2993
vn -0.0335 -0.8931 0.4486
vn -0.7480 0.5153 -0.4183
vn -0.4687 0.3399 -0.8153
vn -0.7683 0.0963 -0.6328
vn 0.5138 0.8040 -0.2993
vn 0.4331 0.6064 -0.6668
vn 0.0444 0.5546 -0.8309
vn 0.4331 0.6064 0.6668
vn 0.5138 0.8040 0.2993
vn 0.0335 0.8931 0.4486
vn -0.4687 0.3399 0.8153
vn -0.7480 0.5153 0.4183
vn -0.9642 0.0763 0.2540
vn 0.4687 -0.3399 0.8153
vn 0.7480 -0.5153 0.4183
vn 0.9642 -0.0763 0.2540
vn -0.5216 -0.1801 0.8340
vn -0.2275 -0.0151 0.9737
vn -0.3030 0.1512 0.9409
vn 0.6963 0.4675 0.5446
vn 0.8159 0.5396 0.2077
vn 0.7014 0.6852 0.1963
vn 0.4409 0.3317 -0.8340
vn 0.1397 0.1801 -0.9737
vn 0.0441 0.3358 -0.9409
vn -0.7769 -0.3158 -0.5447
vn -0.9036 -0.3746 -0.2077
vn -0.9603 -0.1984 -0.1963
vn -0.5653 0.4338 -0.7017
vn 0.2988 0.3544 -0.8860
vn 0.5653 0.4338 0.7016
vn -0.2989 0.3544 0.8860
vn 0.4339 -0.5654 0.7015
vn -0.4338 0.5653 0.7017
vn 0.1214 0.5818 0.8042
vn 0.1907 0.8942 -0.4050
vn -0.5561 0.7716 -0.3089
vn -0.1215 -0.5818 0.8042
vn -0.1908 -0.8942 -0.4050
vn 0.5561 -0.7715 -0.3090
vn -0.3500 -0.1014 0.9312
vn 0.1214 -0.1098 0.9865
vn 0.1014 0.3500 0.9312
vn 0.5817 -0.1214 0.8043
vn 0.8942 -0.1908 -0.4050
vn 0.7716 0.5561 -0.3089
vn 0.3501 -0.1014 -0.9312
vn -0.1214 -0.1098 -0.9865
vn -0.1013 0.3500 -0.9312
vn -0.5818 -0.1215 -0.8042
vn -0.8942 -0.1908 0.4049
vn -0.7716 0.5561 0.3089
vn -0.9042 0.2135 0.3700
vn -0.6161 0.1559 0.7721
vn -0.5655 0.4338 0.7014
vn -0.7756 -0.5066 0.3766
vn -0.5281 -0.3417 0.7774
vn -0.5818 -0.1214 0.8042
vn -0.5281 -0.3417 -0.7774
vn -0.7756 -0.5067 -0.3766
vn -0.8942 -0.1907 -0.4049
vn -0.1098 0.1214 -0.9865
vn -0.3199 0.1241 -0.9393
vn -0.2989 0.3544 -0.8861
vn -0.1241 -0.3199 -0.9393
vn -0.3544 -0.2988 -0.8860
vn -0.3500 -0.1014 -0.9312
vn 0.3545 -0.2988 -0.8860
vn 0.1241 -0.3199 -0.9393
vn 0.1214 -0.1098 -0.9865
vn 0.9041 0.2135 -0.3701
vn 0.6161 0.1560 -0.7721
vn 0.5653 0.4338 -0.7016
vn 0.7755 -0.5066 -0.3767
vn 0.5281 -0.3416 -0.7774
vn 0.5817 -0.1214 -0.8043
vn 0.5281 -0.3416 0.7774
vn 0.7755 -0.5066 0.3767
vn 0.8942 -0.1908 0.4050
vn 0.1098 0.1214 0.9865
vn 0.3199 0.1241 0.9393
vn 0.2988 0.3544 0.8860
vn 0.1241 -0.3199 0.9393
vn 0.3545 -0.2988 0.8860
vn 0.3501 -0.1014 0.9312
vn -0.3544 -0.2988 0.8860
vn -0.1241 -0.3199 0.9393
vn -0.1214 -0.1098 0.9865
vn 0.2135 -0.9041 -0.3701
vn 0.1560 -0.6161 -0.7721
vn 0.4339 -0.5654 -0.7015
vn -0.5066 -0.7756 -0.3767
vn -0.3417 -0.5281 -0.7774
vn -0.1215 -0.5818 -0.8042
vn -0.3417 -0.5281 0.7774
vn -0.5066 -0.7755 0.3767
vn -0.1908 -0.8942 0.4050
vn -0.2135 0.9042 -0.3699
vn -0.1559 0.6161 -0.7720
vn -0.4338 0.5652 -0.7017
vn 0.5067 0.7756 -0.3765
vn 0.3417 0.5281 -0.7774
vn 0.1214 0.5818 -0.8042
vn 0.3417 0.5281 0.7774
vn 0.5067 0.7756 0.3765
vn 0.1907 0.8942 0.4050
vn -0.1559 0.6161 0.7720
vn -0.2135 0.9042 0.3699
vn -0.5561 0.7716 0.3089
vn 0.1560 -0.6161 0.7721
vn 0.2135 -0.9041 0.3701
vn 0.5561 -0.7715 0.3090
vn -0.3199 0.1241 0.9393
vn -0.1098 0.1214 0.9865
vn -0.1013 0.3500 0.9312
vn 0.6161 0.1560 0.7721
vn 0.9041 0.2135 0.3701
vn 0.7716 0.5561 0.3089
vn 0.3199 0.1241 -0.9393
vn 0.1098 0.1214 -0.9865
vn 0.1014 0.3500 -0.9312
vn -0.6161 0.1559 -0.7721
vn -0.9041 0.2133 -0.3702
vn -0.7716 0.5561 -0.3089
vn -0.7128 0.2779 -0.6440
vn 0.4075 0.2456 -0.8796
vn -0.4075 0.2456 0.8796
vn 0.5181 -0.4559 0.7236
vn -0.5181 0.4560 0.7236
vn 0.3631 0.7817 -0.5071
vn -0.7402 0.5903 -0.3220
vn -0.3632 -0.7818 -0.5069
vn 0.7401 -0.5903 -0.3221
vn 0.1661 -0.0763 0.9831
vn 0.7028 -0.0745 0.7075
vn 0.9448 -0.1025 -0.3112
vn 0.9056 0.3317 -0.2641
vn 0.4577 -0.0673 -0.8865
vn -0.1430 0.2511 -0.9573
vn -0.9447 -0.1025 0.3115
vn -0.9057 0.3318 0.2639
vn -0.9520 0.1142 0.2838
vn -0.7355 0.0947 0.6709
vn -0.7128 0.2779 0.6440
vn -0.8997 -0.2986 0.3183
vn -0.6655 -0.2189 0.7136
vn -0.7028 -0.0745 0.7075
vn -0.6658 -0.2188 -0.7133
vn -0.8998 -0.2986 -0.3182
vn -0.9447 -0.1025 -0.3115
vn -0.4222 0.0833 -0.9027
vn -0.4075 0.2456 -0.8796
vn -0.4715 -0.2020 -0.8584
vn 0.4716 -0.2021 -0.8584
vn 0.1738 -0.2277 -0.9581
vn 0.9521 0.1142 -0.2838
vn 0.7355 0.0947 -0.6708
vn 0.8998 -0.2986 -0.3182
vn 0.6657 -0.2189 -0.7133
vn 0.7028 -0.0745 -0.7075
vn 0.6657 -0.2189 0.7133
vn 0.8998 -0.2986 0.3182
vn 0.9447 -0.1025 0.3116
vn 0.1503 0.0846 0.9850
vn 0.4222 0.0832 0.9027
vn 0.4075 0.2456 0.8796
vn 0.4717 -0.2021 0.8583
vn 0.4577 -0.0673 0.8866
vn -0.4715 -0.2020 0.8584
vn 0.3382 -0.8140 -0.4722
vn 0.1903 -0.4868 -0.8525
vn 0.5182 -0.4559 -0.7236
vn -0.5473 -0.3408 -0.7644
vn -0.5473 -0.3408 0.7644
vn -0.3631 -0.7817 0.5070
vn -0.1902 0.4869 -0.8525
vn -0.5181 0.4562 -0.7235
vn 0.7558 0.5330 -0.3803
vn 0.5474 0.3408 -0.7644
vn 0.5474 0.3408 0.7644
vn 0.7558 0.5330 0.3803
vn 0.3631 0.7816 0.5072
vn -0.1902 0.4869 0.8525
vn -0.7401 0.5903 0.3220
vn 0.1903 -0.4868 0.8525
vn 0.3382 -0.8140 0.4723
vn 0.7401 -0.5903 0.3221
vn -0.1506 0.0846 0.9850
vn 0.7355 0.0947 0.6709
vn 0.9521 0.1143 0.2835
vn 0.9056 0.3317 0.2642
vn 0.4222 0.0832 -0.9027
vn 0.1430 0.2511 -0.9573
vn -0.7355 0.0946 -0.6709
vn -0.9057 0.3318 -0.2639
vn -0.5654 0.4339 -0.7015
vn 0.2988 0.3545 -0.8860
vn 0.5654 0.4339 0.7015
vn -0.2988 0.3544 0.8860
vn 0.4338 -0.5657 0.7013
vn -0.4338 0.5654 0.7016
vn 0.1215 0.5817 0.8043
vn 0.1909 0.8942 -0.4050
vn -0.5560 0.7716 -0.3091
vn -0.1214 -0.5817 0.8043
vn 0.5561 -0.7716 -0.3089
vn 0.5816 -0.1214 0.8044
vn 0.8942 -0.1909 -0.4050
vn 0.7715 0.5562 -0.3089
vn 0.3499 -0.1013 -0.9313
vn -0.1215 -0.1097 -0.9865
vn -0.1014 0.3499 -0.9313
vn -0.7716 0.5560 0.3090
vn -0.6161 0.1560 0.7721
vn -0.5653 0.4338 0.7016
vn -0.5817 -0.1214 0.8043
vn -0.5282 -0.3417 -0.7773
vn -0.7756 -0.5066 -0.3766
vn -0.8942 -0.1908 -0.4049
vn -0.1097 0.1215 -0.9865
vn -0.3199 0.1240 -0.9393
vn -0.2987 0.3548 -0.8859
vn -0.1240 -0.3198 -0.9393
vn -0.3499 -0.1014 -0.9313
vn 0.1240 -0.3199 -0.9393
vn 0.1215 -0.1097 -0.9865
vn 0.9041 0.2135 -0.3702
vn 0.6162 0.1561 -0.7720
vn 0.5655 0.4339 -0.7014
vn 0.7755 -0.5066 -0.3768
vn 0.5282 -0.3416 -0.7773
vn 0.7756 -0.5066 0.3767
vn 0.8942 -0.1909 0.4049
vn 0.2988 0.3545 0.8860
vn -0.1241 -0.3198 0.9393
vn 0.2135 -0.9042 -0.3700
vn 0.1560 -0.6162 -0.7720
vn -0.5066 -0.7756 -0.3766
vn -0.3418 -0.5282 -0.7773
vn -0.1214 -0.5818 -0.8042
vn -0.5066 -0.7756 0.3766
vn -0.1908 -0.8942 0.4049
vn -0.2135 0.9041 -0.3702
vn -0.1561 0.6162 -0.7720
vn -0.4338 0.5655 -0.7014
vn 0.5066 0.7755 -0.3767
vn 0.3416 0.5282 -0.7773
vn 0.1212 0.5819 -0.8042
vn 0.3416 0.5281 0.7774
vn 0.5066 0.7755 0.3767
vn 0.1909 0.8942 0.4049
vn -0.1559 0.6163 0.7719
vn -0.2135 0.9041 0.3701
vn -0.5560 0.7716 0.3091
vn 0.2135 -0.9042 0.3699
vn 0.5561 -0.7716 0.3089
vn -0.1014 0.3500 0.9312
vn 0.6161 0.1561 0.7721
vn 0.7715 0.5562 0.3089
vn 0.3199 0.1240 -0.9393
vn 0.1097 0.1215 -0.9865
vn 0.1014 0.3499 -0.9313
vn -0.6162 0.1560 -0.7720
vn -0.9041 0.2132 -0.3703
vn -0.7716 0.5560 -0.3091
usemtl マテリアル
s 1
f 1/1/1 2/2/1 3/3/1
f 4/4/2 5/5/2 6/6/2
f 7/7/3 8/8/3 9/9/3
f 10/10/4 11/11/4 12/12/4
f 13/13/5 14/14/5 15/15/5
f 16/16/6 11/17/6 17/18/6
f 18/19/7 19/20/7 20/21/7
f 21/22/8 22/23/8 23/24/8
f 24/25/9 25/26/9 26/27/9
f 27/28/10 28/29/10 29/30/10
f 30/31/11 31/32/11 32/33/11
f 33/34/12 34/35/12 35/36/12
f 36/37/13 37/38/13 38/39/13
f 39/40/14 40/41/14 41/42/14
f 19/43/15 42/44/15 43/45/15
f 44/46/16 45/47/16 46/48/16
f 47/49/17 48/50/17 49/51/17
f 50/52/18 51/53/18 52/54/18
f 53/55/19 54/56/19 55/57/19
f 56/58/20 57/59/20 58/60/20
f 59/61/21 60/62/21 61/63/21
f 62/64/22 63/65/22 64/66/22
f 65/67/23 66/68/23 67/69/23
f 68/70/24 69/71/24 70/72/24
f 70/72/25 66/68/25 71/73/25
f 12/74/26 71/73/26 72/75/26
f 11/76/27 70/72/27 12/74/27
f 73/77/28 67/69/28 74/78/28
f 75/79/29 65/67/29 73/77/29
f 37/80/30 71/73/30 65/67/30
f 64/66/31 76/81/31 77/82/31
f 67/69/32 77/82/32 74/78/32
f 66/68/33 64/66/33 67/69/33
f 61/63/34 57/59/34 78/83/34
f 3/3/35 78/83/35 79/84/35
f 2/2/36 61/63/36 3/3/36
f 80/85/37 58/60/37 81/86/37
f 76/81/38 56/58/38 80/85/38
f 63/65/39 78/83/39 56/58/39
f 55/57/40 82/87/40 83/88/40
f 58/60/41 83/88/41 81/86/41
f 57/59/42 55/57/42 58/60/42
f 52/54/43 48/50/43 84/89/43
f 6/6/44 84/89/44 85/90/44
f 5/5/45 52/54/45 6/6/45
f 33/34/46 49/51/46 86/91/46
f 82/87/47 47/49/47 33/34/47
f 54/56/48 84/89/48 47/49/48
f 46/48/49 14/14/49 87/92/49
f 49/51/50 87/92/50 86/91/50
f 48/50/51 46/48/51 49/51/51
f 43/45/52 40/41/52 88/93/52
f 9/9/53 88/93/53 89/94/53
f 8/8/54 43/45/54 9/9/54
f 15/95/55 41/42/55 90/96/55
f 14/14/56 39/40/56 15/95/56
f 45/47/57 88/93/57 39/40/57
f 38/39/58 75/97/58 28/98/58
f 41/42/59 28/98/59 90/96/59
f 40/41/60 38/39/60 41/42/60
f 35/36/61 31/32/61 91/99/61
f 83/100/62 91/99/62 81/101/62
f 82/87/63 35/36/63 83/100/63
f 77/102/64 32/33/64 74/103/64
f 76/104/65 30/31/65 77/102/65
f 80/105/66 91/99/66 30/31/66
f 29/30/67 75/106/67 73/107/67
f 32/33/68 73/107/68 74/103/68
f 31/32/69 29/30/69 32/33/69
f 26/27/70 22/23/70 92/108/70
f 59/109/71 92/108/71 93/110/71
f 2/111/72 26/27/72 59/109/72
f 50/52/73 23/24/73 94/112/73
f 5/5/74 21/22/74 50/52/74
f 95/113/75 92/108/75 21/22/75
f 20/21/76 8/8/76 96/114/76
f 23/24/77 96/114/77 94/112/77
f 22/23/78 20/21/78 23/24/78
f 18/19/79 17/18/79 97/115/79
f 22/23/80 16/16/80 18/19/80
f 25/26/81 68/116/81 16/16/81
f 27/28/82 15/15/82 90/117/82
f 31/32/83 13/13/83 27/28/83
f 34/35/84 87/92/84 13/13/84
f 36/37/85 12/12/85 72/118/85
f 40/41/86 10/10/86 36/37/86
f 42/44/87 17/119/87 10/10/87
f 44/46/88 9/9/88 89/94/88
f 48/50/89 7/7/89 44/46/89
f 51/53/90 96/114/90 7/7/90
f 53/55/91 6/6/91 85/90/91
f 57/59/92 4/4/92 53/55/92
f 60/62/93 95/120/93 4/4/93
f 62/64/94 3/3/94 79/84/94
f 66/68/95 1/1/95 62/64/95
f 69/71/96 24/121/96 1/1/96
f 98/122/97 99/123/97 100/124/97
f 101/125/98 102/126/98 103/127/98
f 104/128/99 105/129/99 106/130/99
f 107/131/100 108/132/100 109/133/100
f 110/134/101 111/135/101 112/136/101
f 113/137/102 114/138/102 115/139/102
f 116/140/103 117/141/103 118/142/103
f 119/143/104 120/144/104 121/145/104
f 122/146/105 123/147/105 124/148/105
f 125/149/106 126/150/106 127/151/106
f 128/152/107 129/153/107 130/154/107
f 131/155/108 132/156/108 133/157/108
f 134/158/109 135/159/109 136/160/109
f 137/161/110 138/162/110 139/163/110
f 118/164/111 140/165/111 141/166/111
f 142/167/112 143/168/112 144/169/112
f 145/170/113 146/171/113 147/172/113
f 148/173/114 149/174/114 150/175/114
f 151/176/115 152/177/115 153/178/115
f 154/179/116 155/180/116 156/181/116
f 157/182/117 158/183/117 159/184/117
f 160/185/118 161/186/118 162/187/118
f 163/188/119 164/189/119 165/190/119
f 113/191/120 166/192/120 167/193/120
f 167/193/121 164/189/121 168/194/121
f 109/195/122 168/194/122 169/196/122
f 108/197/123 167/193/123 109/195/123
f 170/198/124 165/190/124 171/199/124
f 172/200/125 163/188/125 170/198/125
f 135/201/126 168/194/126 163/188/126
f 162/187/127 173/202/127 174/203/127
f 165/190/128 174/203/128 171/199/128
f 164/189/129 162/187/129 165/190/129
f 159/184/130 155/180/130 175/204/130
f 100/124/131 175/204/131 176/205/131
f 99/123/132 159/184/132 100/124/132
f 177/206/133 156/181/133 178/207/133
f 173/202/134 154/179/134 177/206/134
f 161/186/135 175/204/135 154/179/135
f 153/178/136 179/208/136 180/209/136
f 156/181/137 180/209/137 178/207/137
f 155/180/138 153/178/138 156/181/138
f 150/175/139 146/171/139 181/210/139
f 103/127/140 181/210/140 182/211/140
f 102/126/141 150/175/141 103/127/141
f 183/212/142 147/172/142 132/156/142
f 179/208/143 145/170/143 183/212/143
f 152/177/144 181/210/144 145/170/144
f 144/169/145 184/213/145 110/134/145
f 147/172/146 110/134/146 132/156/146
f 146/171/147 144/169/147 147/172/147
f 141/166/148 138/162/148 185/214/148
f 106/130/149 185/214/149 186/215/149
f 105/129/150 141/166/150 106/130/150
f 111/216/151 139/163/151 126/217/151
f 184/213/152 137/161/152 111/216/152
f 143/168/153 185/214/153 137/161/153
f 136/160/154 172/218/154 127/219/154
f 139/163/155 127/219/155 126/217/155
f 138/162/156 136/160/156 139/163/156
f 128/152/157 133/157/157 187/220/157
f 178/221/158 131/155/158 128/152/158
f 180/222/159 183/212/159 131/155/159
f 130/154/160 171/223/160 174/224/160
f 177/225/161 174/224/161 173/226/161
f 178/221/162 130/154/162 177/225/162
f 170/227/163 127/151/163 172/228/163
f 171/223/164 125/149/164 170/227/164
f 129/153/165 188/229/165 125/149/165
f 119/143/166 124/148/166 189/230/166
f 190/231/167 122/146/167 119/143/167
f 157/232/168 191/233/168 122/146/168
f 121/145/169 192/234/169 148/173/169
f 193/235/170 148/173/170 102/126/170
f 190/231/171 121/145/171 193/235/171
f 194/236/172 118/142/172 105/129/172
f 192/234/173 116/140/173 194/236/173
f 120/144/174 195/237/174 116/140/174
f 115/139/175 117/141/175 195/237/175
f 124/148/176 195/237/176 189/230/176
f 123/147/177 115/139/177 124/148/177
f 112/136/178 126/150/178 188/229/178
f 133/157/179 188/229/179 187/220/179
f 132/156/180 112/136/180 133/157/180
f 134/158/181 109/133/181 169/238/181
f 138/162/182 107/131/182 134/158/182
f 140/165/183 114/239/183 107/131/183
f 142/167/184 106/130/184 186/215/184
f 146/171/185 104/128/185 142/167/185
f 149/174/186 194/236/186 104/128/186
f 151/176/187 103/127/187 182/211/187
f 155/180/188 101/125/188 151/176/188
f 158/183/189 193/240/189 101/125/189
f 160/185/190 100/124/190 176/205/190
f 164/189/191 98/122/191 160/185/191
f 166/192/192 191/241/192 98/122/192
f 196/242/193 197/243/193 198/244/193
f 199/245/194 200/246/194 201/247/194
f 202/248/195 203/249/195 204/250/195
f 205/251/196 206/252/196 207/253/196
f 208/254/197 209/255/197 210/256/197
f 211/257/198 206/258/198 212/259/198
f 213/260/199 214/261/199 215/262/199
f 216/263/200 217/264/200 218/265/200
f 219/266/201 220/267/201 221/268/201
f 222/269/202 223/270/202 224/271/202
f 225/272/203 226/273/203 227/274/203
f 228/275/204 229/276/204 230/277/204
f 231/278/205 232/279/205 233/280/205
f 234/281/206 235/282/206 236/283/206
f 214/284/207 237/285/207 238/286/207
f 239/287/208 240/288/208 241/289/208
f 242/290/209 243/291/209 244/292/209
f 245/293/210 246/294/210 247/295/210
f 248/296/211 249/297/211 250/298/211
f 251/299/212 252/300/212 253/301/212
f 254/302/213 255/303/213 256/304/213
f 257/305/214 258/306/214 259/307/214
f 260/308/215 261/309/215 262/310/215
f 263/311/216 264/312/216 265/313/216
f 265/313/217 261/309/217 266/314/217
f 207/315/218 266/314/218 267/316/218
f 206/317/219 265/313/219 207/315/219
f 268/318/220 262/310/220 269/319/220
f 270/320/221 260/308/221 268/318/221
f 232/321/222 266/314/222 260/308/222
f 259/307/223 271/322/223 272/323/223
f 262/310/224 272/323/224 269/319/224
f 261/309/225 259/307/225 262/310/225
f 256/304/226 252/300/226 273/324/226
f 198/244/227 273/324/227 274/325/227
f 197/243/228 256/304/228 198/244/228
f 275/326/229 253/301/229 276/327/229
f 271/322/230 251/299/230 275/326/230
f 258/306/231 273/324/231 251/299/231
f 250/298/232 277/328/232 278/329/232
f 253/301/233 278/329/233 276/327/233
f 252/300/234 250/298/234 253/301/234
f 247/295/235 243/291/235 279/330/235
f 201/247/236 279/330/236 280/331/236
f 200/246/237 247/295/237 201/247/237
f 228/275/238 244/292/238 281/332/238
f 277/328/239 242/290/239 228/275/239
f 249/297/240 279/330/240 242/290/240
f 241/289/241 209/255/241 282/333/241
f 244/292/242 282/333/242 281/332/242
f 243/291/243 241/289/243 244/292/243
f 238/286/244 235/282/244 283/334/244
f 204/250/245 283/334/245 284/335/245
f 203/249/246 238/286/246 204/250/246
f 210/336/247 236/283/247 285/337/247
f 209/255/248 234/281/248 210/336/248
f 240/288/249 283/334/249 234/281/249
f 233/280/250 270/338/250 223/339/250
f 236/283/251 223/339/251 285/337/251
f 235/282/252 233/280/252 236/283/252
f 225/272/253 229/276/253 286/340/253
f 278/341/254 225/272/254 276/342/254
f 277/328/255 230/277/255 278/341/255
f 272/343/256 226/273/256 269/344/256
f 271/345/257 227/274/257 272/343/257
f 275/346/258 225/272/258 227/274/258
f 224/271/259 270/347/259 268/348/259
f 226/273/260 268/348/260 269/344/260
f 226/273/261 222/269/261 224/271/261
f 216/263/262 220/267/262 287/349/262
f 254/350/263 216/263/263 288/351/263
f 254/350/264 219/266/264 221/268/264
f 245/293/265 217/264/265 289/352/265
f 290/353/266 245/293/266 200/246/266
f 290/353/267 216/263/267 218/265/267
f 215/262/268 203/249/268 291/354/268
f 217/264/269 291/354/269 289/352/269
f 217/264/270 213/260/270 215/262/270
f 213/260/271 212/259/271 292/355/271
f 220/267/262 213/260/262 287/349/262
f 220/267/272 263/356/272 211/257/272
f 222/269/273 210/256/273 285/357/273
f 229/276/274 222/269/274 286/340/274
f 229/276/275 282/333/275 208/254/275
f 231/278/276 207/253/276 267/358/276
f 235/282/277 205/251/277 231/278/277
f 237/285/278 212/359/278 205/251/278
f 239/287/279 204/250/279 284/335/279
f 243/291/280 202/248/280 239/287/280
f 246/294/281 291/354/281 202/248/281
f 248/296/282 201/247/282 280/331/282
f 252/300/283 199/245/283 248/296/283
f 255/303/284 290/360/284 199/245/284
f 257/305/285 198/244/285 274/325/285
f 261/309/286 196/242/286 257/305/286
f 264/312/287 219/361/287 196/242/287
f 293/362/288 294/363/288 295/364/288
f 296/365/289 297/366/289 298/367/289
f 299/368/290 300/369/290 301/370/290
f 302/371/291 303/372/291 304/373/291
f 305/374/292 306/375/292 302/371/292
f 307/376/293 308/377/293 309/378/293
f 310/379/294 311/380/294 312/381/294
f 293/362/295 313/382/295 314/383/295
f 315/384/296 316/385/296 317/386/296
f 318/387/297 319/388/297 320/389/297
f 321/390/298 322/391/298 323/392/298
f 324/393/299 325/394/299 326/395/299
f 327/396/300 328/397/300 329/398/300
f 330/399/301 331/400/301 332/401/301
f 333/402/302 334/403/302 335/404/302
f 336/405/303 337/406/303 338/407/303
f 339/408/304 340/409/304 341/410/304
f 342/411/305 343/412/305 344/413/305
f 345/414/306 346/415/306 347/416/306
f 348/417/307 349/418/307 350/419/307
f 345/414/308 350/419/308 351/420/308
f 316/385/309 348/417/309 345/414/309
f 303/372/310 352/421/310 348/417/310
f 353/422/311 346/415/311 354/423/311
f 355/424/312 347/416/312 353/422/312
f 316/385/313 347/416/313 317/386/313
f 356/425/314 344/413/314 357/426/314
f 346/415/315 356/425/315 354/423/315
f 346/415/316 358/427/316 342/411/316
f 336/405/317 341/410/317 359/428/317
f 343/412/318 339/408/318 336/405/318
f 294/363/319 360/429/319 339/408/319
f 361/430/320 337/406/320 362/431/320
f 344/413/321 361/430/321 357/426/321
f 343/412/322 338/407/322 344/413/322
f 363/432/323 335/404/323 364/433/323
f 337/406/324 363/432/325 362/431/326
f 337/406/327 365/434/327 333/402/327
f 327/396/328 332/401/328 366/435/328
f 334/403/329 330/399/329 327/396/329
f 297/366/330 367/436/330 330/399/330
f 368/437/331 328/397/331 369/438/331
f 335/404/332 368/437/332 364/433/332
f 334/403/333 329/398/333 335/404/333
f 324/393/334 370/439/334 371/440/334
f 328/397/335 371/440/335 369/438/335
f 328/397/336 372/441/336 324/393/336
f 318/387/337 323/392/337 373/442/337
f 325/394/338 321/390/338 318/387/338
f 300/369/339 308/377/339 321/390/339
f 374/443/340 319/388/340 375/444/340
f 326/395/341 374/443/341 370/439/341
f 325/394/342 320/389/342 326/395/342
f 376/445/343 317/386/343 355/424/343
f 319/388/344 376/445/344 375/444/344
f 319/388/345 377/446/345 315/384/345
f 314/383/346 311/380/346 378/447/346
f 360/429/347 378/447/347 340/409/347
f 379/448/348 314/383/348 360/429/348
f 367/436/349 312/381/349 331/400/349
f 380/449/350 310/379/350 367/436/350
f 296/365/351 378/447/351 310/379/351
f 309/378/352 381/450/352 299/368/352
f 312/381/353 299/368/353 331/400/353
f 311/380/354 309/378/354 312/381/354
f 307/376/355 302/371/355 322/391/355
f 311/380/356 305/374/356 307/376/356
f 313/382/357 352/421/357 305/374/357
f 304/373/358 316/385/358 377/446/358
f 323/392/359 377/446/359 373/442/359
f 322/391/360 304/373/360 323/392/360
f 301/370/361 325/394/361 372/441/361
f 332/401/362 372/441/362 366/435/362
f 331/400/363 301/370/363 332/401/363
f 298/367/364 334/403/364 365/434/364
f 341/410/365 365/434/365 359/428/365
f 340/409/366 298/367/366 341/410/366
f 295/364/367 343/412/367 358/427/367
f 350/419/368 358/427/368 351/420/368
f 349/418/369 295/364/369 350/419/369
f 382/451/370 383/452/370 384/453/370
f 385/454/371 386/455/371 387/456/371
f 388/457/372 389/458/372 390/459/372
f 391/460/373 392/461/373 393/462/373
f 394/463/374 395/464/374 396/465/374
f 397/466/375 398/467/375 399/468/375
f 400/469/376 401/470/376 402/471/376
f 403/472/377 404/473/377 405/474/377
f 406/475/378 407/476/378 408/477/378
f 409/478/379 410/479/379 411/480/379
f 412/481/380 413/482/380 414/483/380
f 415/484/381 416/485/381 417/486/381
f 418/487/382 419/488/382 420/489/382
f 421/490/383 422/491/383 423/492/383
f 402/493/384 424/494/384 425/495/384
f 426/496/385 427/497/385 428/498/385
f 429/499/386 430/500/386 431/501/386
f 432/502/387 433/503/387 434/504/387
f 435/505/388 436/506/388 437/507/388
f 438/508/389 439/509/389 440/510/389
f 441/511/390 442/512/390 443/513/390
f 444/514/391 445/515/391 446/516/391
f 447/517/392 448/518/392 449/519/392
f 397/520/393 450/521/393 451/522/393
f 451/522/394 448/518/394 452/523/394
f 393/524/395 452/523/395 453/525/395
f 392/526/396 451/522/396 393/524/396
f 454/527/397 449/519/397 455/528/397
f 456/529/398 447/517/398 454/527/398
f 419/530/399 452/523/399 447/517/399
f 446/516/400 457/531/400 458/532/400
f 449/519/401 458/532/401 455/528/401
f 448/518/402 446/516/402 449/519/402
f 443/513/403 439/509/403 459/533/403
f 384/453/404 459/533/404 460/534/404
f 383/452/405 443/513/405 384/453/405
f 461/535/406 440/510/406 462/536/406
f 457/531/407 438/508/407 461/535/407
f 445/515/408 459/533/408 438/508/408
f 437/507/409 463/537/409 464/538/409
f 440/510/410 464/538/410 462/536/410
f 439/509/411 437/507/411 440/510/411
f 434/504/412 430/500/412 465/539/412
f 387/456/413 465/539/413 466/540/413
f 386/455/414 434/504/414 387/456/414
f 467/541/415 431/501/415 416/485/415
f 463/537/416 429/499/416 467/541/416
f 436/506/417 465/539/417 429/499/417
f 428/498/418 468/542/418 394/463/418
f 431/501/419 394/463/419 416/485/419
f 430/500/420 428/498/420 431/501/420
f 425/495/421 422/491/421 469/543/421
f 390/459/422 469/543/422 470/544/422
f 389/458/423 425/495/423 390/459/423
f 395/545/424 423/492/424 410/546/424
f 468/542/425 421/490/425 395/545/425
f 427/497/426 469/543/426 421/490/426
f 420/489/427 456/547/427 411/548/427
f 423/492/428 411/548/428 410/546/428
f 422/491/429 420/489/429 423/492/429
f 412/481/430 417/486/430 471/549/430
f 462/550/431 415/484/431 412/481/431
f 464/551/432 467/541/432 415/484/432
f 414/483/433 455/552/433 458/553/433
f 461/554/434 458/553/434 457/555/434
f 462/550/435 414/483/435 461/554/435
f 454/556/436 411/480/436 456/557/436
f 455/552/437 409/478/437 454/556/437
f 413/482/438 472/558/438 409/478/438
f 403/472/439 408/477/439 473/559/439
f 474/560/440 406/475/440 403/472/440
f 441/561/441 475/562/441 406/475/441
f 405/474/442 476/563/442 432/502/442
f 477/564/443 432/502/443 386/455/443
f 474/560/444 405/474/444 477/564/444
f 478/565/445 402/471/445 389/458/445
f 476/563/446 400/469/446 478/565/446
f 404/473/447 479/566/447 400/469/447
f 399/468/448 401/470/448 479/566/448
f 408/477/449 479/566/449 473/559/449
f 407/476/450 399/468/450 408/477/450
f 396/465/451 410/479/451 472/558/451
f 417/486/452 472/558/452 471/549/452
f 416/485/453 396/465/453 417/486/453
f 418/487/454 393/462/454 453/567/454
f 422/491/455 391/460/455 418/487/455
f 424/494/456 398/568/456 391/460/456
f 426/496/457 390/459/457 470/544/457
f 430/500/458 388/457/458 426/496/458
f 433/503/459 478/565/459 388/457/459
f 435/505/460 387/456/460 466/540/460
f 439/509/461 385/454/461 435/505/461
f 442/512/462 477/569/462 385/454/462
f 444/514/463 384/453/463 460/534/463
f 448/518/464 382/451/464 444/514/464
f 450/521/465 475/570/465 382/451/465
f 480/571/466 481/572/466 482/573/466
f 483/574/467 484/575/467 485/576/467
f 486/577/468 487/578/468 488/579/468
f 489/580/469 490/581/469 491/582/469
f 492/583/470 493/584/470 494/585/470
f 495/586/471 496/587/471 497/588/471
f 498/589/472 499/590/472 500/591/472
f 501/592/473 502/593/473 503/594/473
f 504/595/474 505/596/474 506/597/474
f 507/598/475 508/599/475 509/600/475
f 510/601/476 511/602/476 512/603/476
f 513/604/477 514/605/477 515/606/477
f 516/607/478 517/608/478 518/609/478
f 519/610/479 520/611/479 521/612/479
f 500/613/480 522/614/480 523/615/480
f 524/616/481 525/617/481 526/618/481
f 527/619/482 528/620/482 529/621/482
f 530/622/483 531/623/483 532/624/483
f 533/625/484 534/626/484 535/627/484
f 536/628/485 537/629/485 538/630/485
f 539/631/486 540/632/486 541/633/486
f 542/634/487 543/635/487 544/636/487
f 545/637/488 546/638/488 547/639/488
f 495/640/489 548/641/489 549/642/489
f 549/642/490 546/638/490 550/643/490
f 491/644/491 550/643/491 551/645/491
f 490/646/492 549/642/492 491/644/492
f 552/647/493 547/639/493 553/648/493
f 554/649/494 545/637/494 552/647/494
f 517/650/495 550/643/495 545/637/495
f 544/636/496 555/651/496 556/652/496
f 547/639/497 556/652/497 553/648/497
f 546/638/498 544/636/498 547/639/498
f 541/633/499 537/629/499 557/653/499
f 482/573/500 557/653/500 558/654/500
f 481/572/501 541/633/501 482/573/501
f 559/655/502 538/630/502 560/656/502
f 555/651/503 536/628/503 559/655/503
f 543/635/504 557/653/504 536/628/504
f 535/627/505 561/657/505 562/658/505
f 538/630/506 562/658/506 560/656/506
f 537/629/507 535/627/507 538/630/507
f 532/624/508 528/620/508 563/659/508
f 485/576/509 563/659/509 564/660/509
f 484/575/510 532/624/510 485/576/510
f 565/661/511 529/621/511 514/605/511
f 561/657/512 527/619/512 565/661/512
f 534/626/513 563/659/513 527/619/513
f 526/618/514 566/662/514 492/583/514
f 529/621/515 492/583/515 514/605/515
f 528/620/516 526/618/516 529/621/516
f 523/615/517 520/611/517 567/663/517
f 488/579/518 567/663/518 568/664/518
f 487/578/519 523/615/519 488/579/519
f 493/665/520 521/612/520 508/666/520
f 566/662/521 519/610/521 493/665/521
f 525/617/522 567/663/522 519/610/522
f 518/609/523 554/667/523 509/668/523
f 521/612/524 509/668/524 508/666/524
f 520/611/525 518/609/525 521/612/525
f 510/601/526 515/606/526 569/669/526
f 560/670/527 513/604/527 510/601/527
f 562/671/528 565/661/528 513/604/528
f 512/603/529 553/672/529 556/673/529
f 559/674/530 556/673/530 555/675/530
f 560/670/531 512/603/531 559/674/531
f 552/676/532 509/600/532 554/677/532
f 553/672/533 507/598/533 552/676/533
f 511/602/534 570/678/534 507/598/534
f 501/592/535 506/597/535 571/679/535
f 572/680/536 504/595/536 501/592/536
f 539/681/537 573/682/537 504/595/537
f 503/594/538 574/683/538 530/622/538
f 575/684/539 530/622/539 484/575/539
f 572/680/540 503/594/540 575/684/540
f 576/685/541 500/591/541 487/578/541
f 574/683/542 498/589/542 576/685/542
f 502/593/543 577/686/543 498/589/543
f 497/588/544 499/590/544 577/686/544
f 506/597/545 577/686/545 571/679/545
f 505/596/546 497/588/546 506/597/546
f 494/585/547 508/599/547 570/678/547
f 515/606/548 570/678/548 569/669/548
f 514/605/549 494/585/549 515/606/549
f 516/607/550 491/582/550 551/687/550
f 520/611/551 489/580/551 516/607/551
f 522/614/552 496/688/552 489/580/552
f 524/616/553 488/579/553 568/664/553
f 528/620/554 486/577/554 524/616/554
f 531/623/555 576/685/555 486/577/555
f 533/625/556 485/576/556 564/660/556
f 537/629/557 483/574/557 533/625/557
f 540/632/558 575/689/558 483/574/558
f 542/634/559 482/573/559 558/654/559
f 546/638/560 480/571/560 542/634/560
f 548/641/561 573/690/561 480/571/561
f 578/691/562 579/692/562 580/693/562
f 581/694/563 582/695/563 583/696/563
f 584/697/564 585/698/564 586/699/564
f 587/700/565 588/701/565 589/702/565
f 590/703/566 591/704/566 592/705/566
f 593/706/567 588/707/567 594/708/567
f 595/709/568 596/710/568 597/711/568
f 598/712/569 599/713/569 600/714/569
f 601/715/570 602/716/570 603/717/570
f 604/718/571 605/719/571 606/720/571
f 607/721/572 608/722/572 609/723/572
f 610/724/573 611/725/573 612/726/573
f 613/727/574 614/728/574 615/729/574
f 616/730/575 617/731/575 618/732/575
f 596/733/576 619/734/576 620/735/576
f 621/736/577 622/737/577 623/738/577
f 624/739/578 625/740/578 626/741/578
f 627/742/579 628/743/579 629/744/579
f 630/745/580 631/746/580 632/747/580
f 633/748/581 634/749/581 635/750/581
f 636/751/582 637/752/582 638/753/582
f 639/754/583 640/755/583 641/756/583
f 642/757/584 643/758/584 644/759/584
f 645/760/585 646/761/585 647/762/585
f 647/762/586 643/758/586 648/763/586
f 589/764/587 648/763/587 649/765/587
f 588/766/588 647/762/588 589/764/588
f 650/767/589 644/759/589 651/768/589
f 652/769/590 642/757/590 650/767/590
f 614/770/591 648/763/591 642/757/591
f 641/756/592 653/771/592 654/772/592
f 644/759/593 654/772/593 651/768/593
f 643/758/594 641/756/594 644/759/594
f 638/753/595 634/749/595 655/773/595
f 580/693/596 655/773/596 656/774/596
f 579/692/597 638/753/597 580/693/597
f 657/775/598 635/750/598 658/776/598
f 653/771/599 633/748/599 657/775/599
f 640/755/600 655/773/600 633/748/600
f 632/747/601 659/777/601 660/778/601
f 635/750/602 660/778/602 658/776/602
f 634/749/603 632/747/603 635/750/603
f 629/744/604 625/740/604 661/779/604
f 583/696/605 661/779/605 662/780/605
f 582/695/606 629/744/606 583/696/606
f 610/724/607 626/741/607 663/781/607
f 659/777/608 624/739/608 610/724/608
f 631/746/609 661/779/609 624/739/609
f 623/738/610 591/704/610 664/782/610
f 626/741/611 664/782/611 663/781/611
f 625/740/612 623/738/612 626/741/612
f 620/735/613 617/731/613 665/783/613
f 586/699/614 665/783/614 666/784/614
f 585/698/615 620/735/615 586/699/615
f 592/785/616 618/732/616 667/786/616
f 591/704/617 616/730/617 592/785/617
f 622/737/618 665/783/618 616/730/618
f 615/729/619 652/787/619 605/788/619
f 618/732/620 605/788/620 667/786/620
f 617/731/621 615/729/621 618/732/621
f 612/726/622 608/722/622 668/789/622
f 660/790/623 668/789/623 658/791/623
f 659/777/624 612/726/624 660/790/624
f 654/792/625 609/723/625 651/793/625
f 653/794/626 607/721/626 654/792/626
f 657/795/627 668/789/627 607/721/627
f 606/720/628 652/796/628 650/797/628
f 609/723/629 650/797/629 651/793/629
f 608/722/630 606/720/630 609/723/630
f 603/717/631 599/713/631 669/798/631
f 636/799/632 669/798/632 670/800/632
f 579/801/633 603/717/633 636/799/633
f 627/742/634 600/714/634 671/802/634
f 582/695/635 598/712/635 627/742/635
f 672/803/636 669/798/636 598/712/636
f 597/711/637 585/698/637 673/804/637
f 600/714/638 673/804/638 671/802/638
f 599/713/639 597/711/639 600/714/639
f 595/709/640 594/708/640 674/805/640
f 599/713/641 593/706/641 595/709/641
f 602/716/642 645/806/642 593/706/642
f 604/718/643 592/705/643 667/807/643
f 608/722/644 590/703/644 604/718/644
f 611/725/645 664/782/645 590/703/645
f 613/727/646 589/702/646 649/808/646
f 617/731/647 587/700/647 613/727/647
f 619/734/648 594/809/648 587/700/648
f 621/736/649 586/699/649 666/784/649
f 625/740/650 584/697/650 621/736/650
f 628/743/651 673/804/651 584/697/651
f 630/745/652 583/696/652 662/780/652
f 634/749/653 581/694/653 630/745/653
f 637/752/654 672/810/654 581/694/654
f 639/754/655 580/693/655 656/774/655
f 643/758/656 578/691/656 639/754/656
f 646/761/657 601/811/657 578/691/657
f 675/812/658 676/813/658 677/814/658
f 678/815/659 679/816/659 680/817/659
f 681/818/660 682/819/660 683/820/660
f 684/821/661 685/822/661 686/823/661
f 687/824/662 688/825/662 689/826/662
f 690/827/102 691/828/102 692/829/102
f 693/830/663 694/831/663 695/832/663
f 696/833/664 697/834/664 698/835/664
f 699/836/665 700/837/665 701/838/665
f 702/839/666 703/840/666 704/841/666
f 705/842/667 706/843/667 707/844/667
f 708/845/668 709/846/668 710/847/668
f 711/848/109 712/849/109 713/850/109
f 714/851/110 715/852/110 716/853/110
f 695/854/669 717/855/669 718/856/669
f 719/857/112 720/858/112 721/859/112
f 722/860/670 723/861/670 724/862/670
f 725/863/671 726/864/671 727/865/671
f 728/866/672 729/867/672 730/868/672
f 731/869/116 732/870/116 733/871/116
f 734/872/117 735/873/117 736/874/117
f 737/875/673 738/876/673 739/877/673
f 740/878/674 741/879/674 742/880/674
f 690/881/675 743/882/675 744/883/675
f 744/883/676 741/879/676 745/884/676
f 686/885/122 745/884/122 746/886/122
f 685/887/677 744/883/677 686/885/677
f 747/888/678 742/880/678 748/889/678
f 749/890/679 740/878/679 747/888/679
f 712/891/680 745/884/680 740/878/680
f 739/877/681 750/892/681 751/893/681
f 742/880/682 751/893/682 748/889/682
f 741/879/683 739/877/683 742/880/683
f 736/874/130 732/870/130 752/894/130
f 677/814/131 752/894/131 753/895/131
f 676/813/684 736/874/684 677/814/684
f 754/896/133 733/871/133 755/897/133
f 750/892/685 731/869/685 754/896/685
f 738/876/135 752/894/135 731/869/135
f 730/868/136 756/898/136 757/899/136
f 733/871/137 757/899/137 755/897/137
f 732/870/686 730/868/686 733/871/686
f 727/865/687 723/861/687 758/900/687
f 680/817/688 758/900/688 759/901/688
f 679/816/689 727/865/689 680/817/689
f 760/902/690 724/862/690 709/846/690
f 756/898/691 722/860/691 760/902/691
f 729/867/692 758/900/692 722/860/692
f 721/859/693 761/903/693 687/824/693
f 724/862/694 687/824/694 709/846/694
f 723/861/695 721/859/695 724/862/695
f 718/856/148 715/852/148 762/904/148
f 683/820/696 762/904/696 763/905/696
f 682/819/697 718/856/697 683/820/697
f 688/906/151 716/853/151 703/907/151
f 761/903/698 714/851/698 688/906/698
f 720/858/699 762/904/699 714/851/699
f 713/850/700 749/908/700 704/909/700
f 716/853/155 704/909/155 703/907/155
f 715/852/156 713/850/156 716/853/156
f 705/842/701 710/847/701 764/910/701
f 755/911/158 708/845/158 705/842/158
f 757/912/702 760/902/702 708/845/702
f 707/844/703 748/913/703 751/914/703
f 754/915/161 751/914/161 750/916/161
f 755/911/704 707/844/704 754/915/704
f 747/917/163 704/841/163 749/918/163
f 748/913/705 702/839/705 747/917/705
f 706/843/706 765/919/706 702/839/706
f 696/833/166 701/838/166 766/920/166
f 767/921/167 699/836/167 696/833/167
f 734/922/168 768/923/168 699/836/168
f 698/835/169 769/924/169 725/863/169
f 770/925/707 725/863/707 679/816/707
f 767/921/708 698/835/708 770/925/708
f 771/926/709 695/832/709 682/819/709
f 769/924/710 693/830/710 771/926/710
f 697/834/711 772/927/711 693/830/711
f 692/829/175 694/831/175 772/927/175
f 701/838/176 772/927/176 766/920/176
f 700/837/712 692/829/712 701/838/712
f 689/826/178 703/840/178 765/919/178
f 710/847/713 765/919/713 764/910/713
f 709/846/180 689/826/180 710/847/180
f 711/848/714 686/823/714 746/928/714
f 715/852/182 684/821/182 711/848/182
f 717/855/715 691/929/715 684/821/715
f 719/857/716 683/820/716 763/905/716
f 723/861/717 681/818/717 719/857/717
f 726/864/718 771/926/718 681/818/718
f 728/866/719 680/817/719 759/901/719
f 732/870/720 678/815/720 728/866/720
f 735/873/189 770/930/189 678/815/189
f 737/875/190 677/814/190 753/895/190
f 741/879/721 675/812/721 737/875/721
f 743/882/192 768/931/192 675/812/192
f 773/932/722 774/933/722 775/934/722
f 776/935/563 777/936/563 778/937/563
f 779/938/564 780/939/564 781/940/564
f 782/941/565 783/942/565 784/943/565
f 785/944/723 786/945/723 787/946/723
f 788/947/567 783/948/567 789/949/567
f 790/950/724 791/951/724 792/952/724
f 793/953/725 794/954/725 795/955/725
f 796/956/726 797/957/726 798/958/726
f 799/959/727 800/960/727 801/961/727
f 802/962/728 803/963/728 804/964/728
f 805/965/729 806/966/729 807/967/729
f 808/968/574 809/969/574 810/970/574
f 811/971/575 812/972/575 813/973/575
f 791/974/576 814/975/576 815/976/576
f 816/977/730 817/978/730 818/979/730
f 819/980/731 820/981/731 821/982/731
f 822/983/732 823/984/732 824/985/732
f 825/986/733 826/987/733 827/988/733
f 828/989/734 829/990/734 830/991/734
f 831/992/735 832/993/735 833/994/735
f 834/995/736 835/996/736 836/997/736
f 837/998/584 838/999/584 839/1000/584
f 840/1001/585 841/1002/585 842/1003/585
f 842/1003/586 838/999/586 843/1004/586
f 784/1005/737 843/1004/737 844/1006/737
f 783/1007/738 842/1003/738 784/1005/738
f 845/1008/739 839/1000/739 846/1009/739
f 847/1010/740 837/998/740 845/1008/740
f 809/1011/741 843/1004/741 837/998/741
f 836/997/742 848/1012/742 849/1013/742
f 839/1000/593 849/1013/593 846/1009/593
f 838/999/743 836/997/743 839/1000/743
f 833/994/744 829/990/744 850/1014/744
f 775/934/745 850/1014/745 851/1015/745
f 774/933/597 833/994/597 775/934/597
f 852/1016/746 830/991/746 853/1017/746
f 848/1012/747 828/989/747 852/1016/747
f 835/996/748 850/1014/748 828/989/748
f 827/988/749 854/1018/749 855/1019/749
f 830/991/750 855/1019/750 853/1017/750
f 829/990/751 827/988/751 830/991/751
f 824/985/752 820/981/752 856/1020/752
f 778/937/605 856/1020/605 857/1021/605
f 777/936/753 824/985/753 778/937/753
f 805/965/754 821/982/754 858/1022/754
f 854/1018/755 819/980/755 805/965/755
f 826/987/756 856/1020/756 819/980/756
f 818/979/757 786/945/757 859/1023/757
f 821/982/758 859/1023/758 858/1022/758
f 820/981/612 818/979/612 821/982/612
f 815/976/613 812/972/613 860/1024/613
f 781/940/614 860/1024/614 861/1025/614
f 780/939/615 815/976/615 781/940/615
f 787/1026/616 813/973/616 862/1027/616
f 786/945/759 811/971/759 787/1026/759
f 817/978/618 860/1024/618 811/971/618
f 810/970/760 847/1028/760 800/1029/760
f 813/973/761 800/1029/761 862/1027/761
f 812/972/621 810/970/621 813/973/621
f 807/967/622 803/963/622 863/1030/622
f 855/1031/762 863/1030/762 853/1032/762
f 854/1018/763 807/967/763 855/1031/763
f 849/1033/764 804/964/764 846/1034/764
f 848/1035/765 802/962/765 849/1033/765
f 852/1036/766 863/1030/766 802/962/766
f 801/961/767 847/1037/767 845/1038/767
f 804/964/768 845/1038/768 846/1034/768
f 803/963/769 801/961/769 804/964/769
f 798/958/770 794/954/770 864/1039/770
f 831/1040/771 864/1039/771 865/1041/771
f 774/1042/772 798/958/772 831/1040/772
f 822/983/773 795/955/773 866/1043/773
f 777/936/774 793/953/774 822/983/774
f 867/1044/775 864/1039/775 793/953/775
f 792/952/776 780/939/776 868/1045/776
f 795/955/777 868/1045/777 866/1043/777
f 794/954/778 792/952/778 795/955/778
f 790/950/779 789/949/779 869/1046/779
f 794/954/780 788/947/780 790/950/780
f 797/957/781 840/1047/781 788/947/781
f 799/959/782 787/946/782 862/1048/782
f 803/963/783 785/944/783 799/959/783
f 806/966/784 859/1023/784 785/944/784
f 808/968/646 784/943/646 844/1049/646
f 812/972/647 782/941/647 808/968/647
f 814/975/648 789/1050/648 782/941/648
f 816/977/785 781/940/785 861/1025/785
f 820/981/786 779/938/786 816/977/786
f 823/984/787 868/1045/787 779/938/787
f 825/986/788 778/937/788 857/1021/788
f 829/990/789 776/935/789 825/986/789
f 832/993/790 867/1051/790 776/935/790
f 834/995/655 775/934/655 851/1015/655
f 838/999/791 773/932/791 834/995/791
f 841/1002/792 796/1052/792 773/932/792
f 1/1/793 24/121/793 2/2/793
f 4/4/794 95/120/794 5/5/794
f 7/7/795 96/114/795 8/8/795
f 10/10/796 17/119/796 11/11/796
f 13/13/797 87/92/797 14/14/797
f 16/16/798 68/116/798 11/17/798
f 18/19/799 97/115/799 19/20/799
f 21/22/800 92/108/800 22/23/800
f 24/25/801 870/1053/801 25/26/801
f 27/28/802 90/117/802 28/29/802
f 30/31/803 91/99/803 31/32/803
f 33/34/804 86/91/804 34/35/804
f 36/37/805 72/118/805 37/38/805
f 39/40/806 88/93/806 40/41/806
f 19/43/807 97/1054/807 42/44/807
f 44/46/808 89/94/808 45/47/808
f 47/49/809 84/89/809 48/50/809
f 50/52/810 94/112/810 51/53/810
f 53/55/811 85/90/811 54/56/811
f 56/58/812 78/83/812 57/59/812
f 59/61/813 93/1055/813 60/62/813
f 62/64/814 79/84/814 63/65/814
f 65/67/815 71/73/815 66/68/815
f 68/70/816 870/1056/816 69/71/816
f 70/72/817 69/71/817 66/68/817
f 12/74/818 70/72/818 71/73/818
f 11/76/819 68/70/819 70/72/819
f 73/77/820 65/67/820 67/69/820
f 75/79/821 37/80/821 65/67/821
f 37/80/822 72/75/822 71/73/822
f 64/66/823 63/65/823 76/81/823
f 67/69/824 64/66/824 77/82/824
f 66/68/825 62/64/825 64/66/825
f 61/63/826 60/62/826 57/59/826
f 3/3/827 61/63/827 78/83/827
f 2/2/828 59/61/828 61/63/828
f 80/85/829 56/58/829 58/60/829
f 76/81/830 63/65/830 56/58/830
f 63/65/831 79/84/831 78/83/831
f 55/57/832 54/56/832 82/87/832
f 58/60/833 55/57/833 83/88/833
f 57/59/834 53/55/834 55/57/834
f 52/54/835 51/53/835 48/50/835
f 6/6/836 52/54/836 84/89/836
f 5/5/837 50/52/837 52/54/837
f 33/34/838 47/49/838 49/51/838
f 82/87/839 54/56/839 47/49/839
f 54/56/840 85/90/840 84/89/840
f 46/48/841 45/47/841 14/14/841
f 49/51/842 46/48/842 87/92/842
f 48/50/843 44/46/843 46/48/843
f 43/45/844 42/44/844 40/41/844
f 9/9/845 43/45/845 88/93/845
f 8/8/846 19/43/846 43/45/846
f 15/95/847 39/40/847 41/42/847
f 14/14/848 45/47/848 39/40/848
f 45/47/849 89/94/849 88/93/849
f 38/39/850 37/38/850 75/97/850
f 41/42/851 38/39/851 28/98/851
f 40/41/852 36/37/852 38/39/852
f 35/36/853 34/35/853 31/32/853
f 83/100/854 35/36/854 91/99/854
f 82/87/855 33/34/855 35/36/855
f 77/102/856 30/31/856 32/33/856
f 76/104/857 80/105/857 30/31/857
f 80/105/858 81/101/858 91/99/858
f 29/30/859 28/29/859 75/106/859
f 32/33/860 29/30/860 73/107/860
f 31/32/861 27/28/861 29/30/861
f 26/27/862 25/26/862 22/23/862
f 59/109/863 26/27/863 92/108/863
f 2/111/864 24/25/864 26/27/864
f 50/52/865 21/22/865 23/24/865
f 5/5/866 95/113/866 21/22/866
f 95/113/867 93/110/867 92/108/867
f 20/21/868 19/20/868 8/8/868
f 23/24/869 20/21/869 96/114/869
f 22/23/870 18/19/870 20/21/870
f 18/19/871 16/16/871 17/18/871
f 22/23/872 25/26/872 16/16/872
f 25/26/873 870/1053/873 68/116/873
f 27/28/874 13/13/874 15/15/874
f 31/32/875 34/35/875 13/13/875
f 34/35/876 86/91/876 87/92/876
f 36/37/877 10/10/877 12/12/877
f 40/41/878 42/44/878 10/10/878
f 42/44/879 97/1054/879 17/119/879
f 44/46/880 7/7/880 9/9/880
f 48/50/881 51/53/881 7/7/881
f 51/53/882 94/112/882 96/114/882
f 53/55/883 4/4/883 6/6/883
f 57/59/884 60/62/884 4/4/884
f 60/62/885 93/1055/885 95/120/885
f 62/64/886 1/1/886 3/3/886
f 66/68/887 69/71/887 1/1/887
f 69/71/888 870/1056/888 24/121/888
f 98/122/889 191/241/889 99/123/889
f 101/125/890 193/240/890 102/126/890
f 104/128/891 194/236/891 105/129/891
f 107/131/892 114/239/892 108/132/892
f 110/134/893 184/213/893 111/135/893
f 113/137/894 108/1057/894 114/138/894
f 116/140/895 195/237/895 117/141/895
f 119/143/896 189/230/896 120/144/896
f 122/146/897 191/233/897 123/147/897
f 125/149/898 188/229/898 126/150/898
f 128/152/899 187/220/899 129/153/899
f 131/155/900 183/212/900 132/156/900
f 134/158/901 169/238/901 135/159/901
f 137/161/902 185/214/902 138/162/902
f 118/164/903 117/1058/903 140/165/903
f 142/167/904 186/215/904 143/168/904
f 145/170/905 181/210/905 146/171/905
f 148/173/906 192/234/906 149/174/906
f 151/176/907 182/211/907 152/177/907
f 154/179/908 175/204/908 155/180/908
f 157/182/909 190/1059/909 158/183/909
f 160/185/910 176/205/910 161/186/910
f 163/188/911 168/194/911 164/189/911
f 113/191/912 123/1060/912 166/192/912
f 167/193/913 166/192/913 164/189/913
f 109/195/914 167/193/914 168/194/914
f 108/197/915 113/191/915 167/193/915
f 170/198/916 163/188/916 165/190/916
f 172/200/917 135/201/917 163/188/917
f 135/201/918 169/196/918 168/194/918
f 162/187/919 161/186/919 173/202/919
f 165/190/920 162/187/920 174/203/920
f 164/189/921 160/185/921 162/187/921
f 159/184/922 158/183/922 155/180/922
f 100/124/923 159/184/923 175/204/923
f 99/123/924 157/182/924 159/184/924
f 177/206/925 154/179/925 156/181/925
f 173/202/926 161/186/926 154/179/926
f 161/186/927 176/205/927 175/204/927
f 153/178/928 152/177/928 179/208/928
f 156/181/929 153/178/929 180/209/929
f 155/180/930 151/176/930 153/178/930
f 150/175/931 149/174/931 146/171/931
f 103/127/932 150/175/932 181/210/932
f 102/126/933 148/173/933 150/175/933
f 183/212/934 145/170/934 147/172/934
f 179/208/935 152/177/935 145/170/935
f 152/177/936 182/211/936 181/210/936
f 144/169/937 143/168/937 184/213/937
f 147/172/938 144/169/938 110/134/938
f 146/171/939 142/167/939 144/169/939
f 141/166/940 140/165/940 138/162/940
f 106/130/941 141/166/941 185/214/941
f 105/129/942 118/164/942 141/166/942
f 111/216/943 137/161/943 139/163/943
f 184/213/944 143/168/944 137/161/944
f 143/168/945 186/215/945 185/214/945
f 136/160/946 135/159/946 172/218/946
f 139/163/947 136/160/947 127/219/947
f 138/162/948 134/158/948 136/160/948
f 128/152/949 131/155/949 133/157/949
f 178/221/950 180/222/950 131/155/950
f 180/222/951 179/208/951 183/212/951
f 130/154/952 129/153/952 171/223/952
f 177/225/953 130/154/953 174/224/953
f 178/221/954 128/152/954 130/154/954
f 170/227/955 125/149/955 127/151/955
f 171/223/956 129/153/956 125/149/956
f 129/153/957 187/220/957 188/229/957
f 119/143/958 122/146/958 124/148/958
f 190/231/959 157/232/959 122/146/959
f 157/232/960 99/1061/960 191/233/960
f 121/145/961 120/144/961 192/234/961
f 193/235/962 121/145/962 148/173/962
f 190/231/963 119/143/963 121/145/963
f 194/236/964 116/140/964 118/142/964
f 192/234/965 120/144/965 116/140/965
f 120/144/966 189/230/966 195/237/966
f 115/139/967 114/138/967 117/141/967
f 124/148/968 115/139/968 195/237/968
f 123/147/969 113/137/969 115/139/969
f 112/136/970 111/135/970 126/150/970
f 133/157/971 112/136/971 188/229/971
f 132/156/972 110/134/972 112/136/972
f 134/158/973 107/131/973 109/133/973
f 138/162/974 140/165/974 107/131/974
f 140/165/975 117/1058/975 114/239/975
f 142/167/976 104/128/976 106/130/976
f 146/171/977 149/174/977 104/128/977
f 149/174/978 192/234/978 194/236/978
f 151/176/979 101/125/979 103/127/979
f 155/180/980 158/183/980 101/125/980
f 158/183/981 190/1059/981 193/240/981
f 160/185/982 98/122/982 100/124/982
f 164/189/983 166/192/983 98/122/983
f 166/192/984 123/1060/984 191/241/984
f 196/242/985 219/361/985 197/243/985
f 199/245/986 290/360/986 200/246/986
f 202/248/987 291/354/987 203/249/987
f 205/251/988 212/359/988 206/252/988
f 208/254/989 282/333/989 209/255/989
f 211/257/990 263/356/990 206/258/990
f 213/260/991 292/355/991 214/261/991
f 216/263/262 287/349/262 217/264/262
f 219/266/992 871/1062/992 220/267/992
f 222/269/993 285/357/993 223/270/993
f 225/272/994 286/340/994 226/273/994
f 228/275/995 281/332/995 229/276/995
f 231/278/996 267/358/996 232/279/996
f 234/281/997 283/334/997 235/282/997
f 214/284/998 292/1063/998 237/285/998
f 239/287/999 284/335/999 240/288/999
f 242/290/1000 279/330/1000 243/291/1000
f 245/293/1001 289/352/1001 246/294/1001
f 248/296/1002 280/331/1002 249/297/1002
f 251/299/1003 273/324/1003 252/300/1003
f 254/302/1004 288/1064/1004 255/303/1004
f 257/305/1005 274/325/1005 258/306/1005
f 260/308/1006 266/314/1006 261/309/1006
f 263/311/1007 871/1065/1007 264/312/1007
f 265/313/1008 264/312/1008 261/309/1008
f 207/315/1009 265/313/1009 266/314/1009
f 206/317/1010 263/311/1010 265/313/1010
f 268/318/1011 260/308/1011 262/310/1011
f 270/320/1012 232/321/1012 260/308/1012
f 232/321/1013 267/316/1013 266/314/1013
f 259/307/1014 258/306/1014 271/322/1014
f 262/310/1015 259/307/1015 272/323/1015
f 261/309/1016 257/305/1016 259/307/1016
f 256/304/1017 255/303/1017 252/300/1017
f 198/244/1018 256/304/1018 273/324/1018
f 197/243/1019 254/302/1019 256/304/1019
f 275/326/1020 251/299/1020 253/301/1020
f 271/322/1021 258/306/1021 251/299/1021
f 258/306/1022 274/325/1022 273/324/1022
f 250/298/1023 249/297/1023 277/328/1023
f 253/301/1024 250/298/1024 278/329/1024
f 252/300/1025 248/296/1025 250/298/1025
f 247/295/1026 246/294/1026 243/291/1026
f 201/247/1027 247/295/1027 279/330/1027
f 200/246/1028 245/293/1028 247/295/1028
f 228/275/1029 242/290/1029 244/292/1029
f 277/328/1030 249/297/1030 242/290/1030
f 249/297/1031 280/331/1031 279/330/1031
f 241/289/1032 240/288/1032 209/255/1032
f 244/292/1033 241/289/1033 282/333/1033
f 243/291/1034 239/287/1034 241/289/1034
f 238/286/1035 237/285/1035 235/282/1035
f 204/250/1036 238/286/1036 283/334/1036
f 203/249/1037 214/284/1037 238/286/1037
f 210/336/1038 234/281/1038 236/283/1038
f 209/255/1039 240/288/1039 234/281/1039
f 240/288/1040 284/335/1040 283/334/1040
f 233/280/1041 232/279/1041 270/338/1041
f 236/283/1042 233/280/1042 223/339/1042
f 235/282/1043 231/278/1043 233/280/1043
f 225/272/1044 230/277/1044 229/276/1044
f 278/341/1045 230/277/1045 225/272/1045
f 277/328/1046 228/275/1046 230/277/1046
f 272/343/1047 227/274/1047 226/273/1047
f 271/345/1048 275/346/1048 227/274/1048
f 275/346/1049 276/342/1049 225/272/1049
f 224/271/1050 223/270/1050 270/347/1050
f 226/273/1051 224/271/1051 268/348/1051
f 226/273/1052 286/340/1052 222/269/1052
f 216/263/1053 221/268/1053 220/267/1053
f 254/350/1054 221/268/1054 216/263/1054
f 254/350/1055 197/1066/1055 219/266/1055
f 245/293/1056 218/265/1056 217/264/1056
f 290/353/1057 218/265/1057 245/293/1057
f 290/353/1058 288/351/1058 216/263/1058
f 215/262/1059 214/261/1059 203/249/1059
f 217/264/1060 215/262/1060 291/354/1060
f 217/264/262 287/349/262 213/260/262
f 213/260/1061 211/257/1061 212/259/1061
f 220/267/1062 211/257/1062 213/260/1062
f 220/267/1063 871/1062/1063 263/356/1063
f 222/269/1064 208/254/1064 210/256/1064
f 229/276/1065 208/254/1065 222/269/1065
f 229/276/1066 281/332/1066 282/333/1066
f 231/278/1067 205/251/1067 207/253/1067
f 235/282/1068 237/285/1068 205/251/1068
f 237/285/1069 292/1063/1069 212/359/1069
f 239/287/1070 202/248/1070 204/250/1070
f 243/291/1071 246/294/1071 202/248/1071
f 246/294/1072 289/352/1072 291/354/1072
f 248/296/1073 199/245/1073 201/247/1073
f 252/300/1074 255/303/1074 199/245/1074
f 255/303/1075 288/1064/1075 290/360/1075
f 257/305/1076 196/242/1076 198/244/1076
f 261/309/1077 264/312/1077 196/242/1077
f 264/312/1078 871/1065/1078 219/361/1078
f 293/362/1079 379/448/1079 294/363/1079
f 296/365/1080 380/449/1080 297/366/1080
f 299/368/1081 381/450/1081 300/369/1081
f 302/371/1082 306/375/1082 303/372/1082
f 305/374/1083 352/421/1083 306/375/1083
f 307/376/1084 322/391/1084 308/377/1084
f 310/379/1085 378/447/1085 311/380/1085
f 293/362/1086 349/418/1086 313/382/1086
f 315/384/1087 377/446/1087 316/385/1087
f 318/387/1088 373/442/1088 319/388/1088
f 321/390/1089 308/377/1089 322/391/1089
f 324/393/1090 372/441/1090 325/394/1090
f 327/396/1091 366/435/1091 328/397/1091
f 330/399/1092 367/436/1092 331/400/1092
f 333/402/1093 365/434/1093 334/403/1093
f 336/405/1094 359/428/1094 337/406/1094
f 339/408/1095 360/429/1095 340/409/1095
f 342/411/1096 358/427/1096 343/412/1096
f 345/414/1097 351/420/1097 346/415/1097
f 348/417/1098 352/421/1098 349/418/1098
f 345/414/1099 348/417/1099 350/419/1099
f 316/385/1100 303/372/1100 348/417/1100
f 303/372/1101 306/375/1101 352/421/1101
f 353/422/1102 347/416/1102 346/415/1102
f 355/424/1103 317/386/1103 347/416/1103
f 316/385/1104 345/414/1104 347/416/1104
f 356/425/1105 342/411/1105 344/413/1105
f 346/415/1106 342/411/1106 356/425/1106
f 346/415/1107 351/420/1107 358/427/1107
f 336/405/1108 339/408/1108 341/410/1108
f 343/412/1109 294/363/1109 339/408/1109
f 294/363/1110 379/448/1110 360/429/1110
f 361/430/1111 338/407/1111 337/406/1111
f 344/413/1112 338/407/1112 361/430/1112
f 343/412/1113 336/405/1113 338/407/1113
f 363/432/1114 333/402/1114 335/404/1114
f 337/406/324 333/402/1115 363/432/325
f 337/406/1116 359/428/1116 365/434/1116
f 327/396/1117 330/399/1117 332/401/1117
f 334/403/1118 297/366/1118 330/399/1118
f 297/366/1119 380/449/1119 367/436/1119
f 368/437/1120 329/398/1120 328/397/1120
f 335/404/1121 329/398/1121 368/437/1121
f 334/403/1122 327/396/1122 329/398/1122
f 324/393/1123 326/395/1123 370/439/1123
f 328/397/1124 324/393/1124 371/440/1124
f 328/397/1125 366/435/1125 372/441/1125
f 318/387/1126 321/390/1126 323/392/1126
f 325/394/1127 300/369/1127 321/390/1127
f 300/369/1128 381/450/1128 308/377/1128
f 374/443/1129 320/389/1129 319/388/1129
f 326/395/1130 320/389/1130 374/443/1130
f 325/394/1131 318/387/1131 320/389/1131
f 376/445/1132 315/384/1132 317/386/1132
f 319/388/1133 315/384/1133 376/445/1133
f 319/388/1134 373/442/1134 377/446/1134
f 314/383/1135 313/382/1135 311/380/1135
f 360/429/1136 314/383/1136 378/447/1136
f 379/448/1137 293/362/1137 314/383/1137
f 367/436/1138 310/379/1138 312/381/1138
f 380/449/1139 296/365/1139 310/379/1139
f 296/365/1140 340/409/1140 378/447/1140
f 309/378/1141 308/377/1141 381/450/1141
f 312/381/1142 309/378/1142 299/368/1142
f 311/380/1143 307/376/1143 309/378/1143
f 307/376/1144 305/374/1144 302/371/1144
f 311/380/1145 313/382/1145 305/374/1145
f 313/382/1146 349/418/1146 352/421/1146
f 304/373/1147 303/372/1147 316/385/1147
f 323/392/1148 304/373/1148 377/446/1148
f 322/391/1149 302/371/1149 304/373/1149
f 301/370/1150 300/369/1150 325/394/1150
f 332/401/1151 301/370/1151 372/441/1151
f 331/400/1152 299/368/1152 301/370/1152
f 298/367/1153 297/366/1153 334/403/1153
f 341/410/1154 298/367/1154 365/434/1154
f 340/409/1155 296/365/1155 298/367/1155
f 295/364/1156 294/363/1156 343/412/1156
f 350/419/1157 295/364/1157 358/427/1157
f 349/418/1158 293/362/1158 295/364/1158
f 382/451/1159 475/570/1159 383/452/1159
f 385/454/1160 477/569/1160 386/455/1160
f 388/457/1161 478/565/1161 389/458/1161
f 391/460/1162 398/568/1162 392/461/1162
f 394/463/1163 468/542/1163 395/464/1163
f 397/466/1164 392/1067/1164 398/467/1164
f 400/469/1165 479/566/1165 401/470/1165
f 403/472/1166 473/559/1166 404/473/1166
f 406/475/1167 475/562/1167 407/476/1167
f 409/478/1168 472/558/1168 410/479/1168
f 412/481/1169 471/549/1169 413/482/1169
f 415/484/1170 467/541/1170 416/485/1170
f 418/487/1171 453/567/1171 419/488/1171
f 421/490/1172 469/543/1172 422/491/1172
f 402/493/1173 401/1068/1173 424/494/1173
f 426/496/1174 470/544/1174 427/497/1174
f 429/499/1175 465/539/1175 430/500/1175
f 432/502/1176 476/563/1176 433/503/1176
f 435/505/1177 466/540/1177 436/506/1177
f 438/508/1178 459/533/1178 439/509/1178
f 441/511/1179 474/1069/1179 442/512/1179
f 444/514/1180 460/534/1180 445/515/1180
f 447/517/1181 452/523/1181 448/518/1181
f 397/520/1182 407/1070/1182 450/521/1182
f 451/522/1183 450/521/1183 448/518/1183
f 393/524/1184 451/522/1184 452/523/1184
f 392/526/1185 397/520/1185 451/522/1185
f 454/527/1186 447/517/1186 449/519/1186
f 456/529/1187 419/530/1187 447/517/1187
f 419/530/1188 453/525/1188 452/523/1188
f 446/516/1189 445/515/1189 457/531/1189
f 449/519/1190 446/516/1190 458/532/1190
f 448/518/1191 444/514/1191 446/516/1191
f 443/513/1192 442/512/1192 439/509/1192
f 384/453/1193 443/513/1193 459/533/1193
f 383/452/1194 441/511/1194 443/513/1194
f 461/535/1195 438/508/1195 440/510/1195
f 457/531/1196 445/515/1196 438/508/1196
f 445/515/1197 460/534/1197 459/533/1197
f 437/507/1198 436/506/1198 463/537/1198
f 440/510/1199 437/507/1199 464/538/1199
f 439/509/1200 435/505/1200 437/507/1200
f 434/504/1201 433/503/1201 430/500/1201
f 387/456/1202 434/504/1202 465/539/1202
f 386/455/1203 432/502/1203 434/504/1203
f 467/541/1204 429/499/1204 431/501/1204
f 463/537/1205 436/506/1205 429/499/1205
f 436/506/1206 466/540/1206 465/539/1206
f 428/498/1207 427/497/1207 468/542/1207
f 431/501/1208 428/498/1208 394/463/1208
f 430/500/1209 426/496/1209 428/498/1209
f 425/495/1210 424/494/1210 422/491/1210
f 390/459/1211 425/495/1211 469/543/1211
f 389/458/1212 402/493/1212 425/495/1212
f 395/545/1213 421/490/1213 423/492/1213
f 468/542/1214 427/497/1214 421/490/1214
f 427/497/1215 470/544/1215 469/543/1215
f 420/489/1216 419/488/1216 456/547/1216
f 423/492/1217 420/489/1217 411/548/1217
f 422/491/1218 418/487/1218 420/489/1218
f 412/481/1219 415/484/1219 417/486/1219
f 462/550/1220 464/551/1220 415/484/1220
f 464/551/1221 463/537/1221 467/541/1221
f 414/483/1222 413/482/1222 455/552/1222
f 461/554/1223 414/483/1223 458/553/1223
f 462/550/1224 412/481/1224 414/483/1224
f 454/556/1225 409/478/1225 411/480/1225
f 455/552/1226 413/482/1226 409/478/1226
f 413/482/1227 471/549/1227 472/558/1227
f 403/472/1228 406/475/1228 408/477/1228
f 474/560/1229 441/561/1229 406/475/1229
f 441/561/1230 383/1071/1230 475/562/1230
f 405/474/1231 404/473/1231 476/563/1231
f 477/564/1232 405/474/1232 432/502/1232
f 474/560/1233 403/472/1233 405/474/1233
f 478/565/1234 400/469/1234 402/471/1234
f 476/563/1235 404/473/1235 400/469/1235
f 404/473/1236 473/559/1236 479/566/1236
f 399/468/1237 398/467/1237 401/470/1237
f 408/477/1238 399/468/1238 479/566/1238
f 407/476/1239 397/466/1239 399/468/1239
f 396/465/1240 395/464/1240 410/479/1240
f 417/486/1241 396/465/1241 472/558/1241
f 416/485/1242 394/463/1242 396/465/1242
f 418/487/1243 391/460/1243 393/462/1243
f 422/491/1244 424/494/1244 391/460/1244
f 424/494/1245 401/1068/1245 398/568/1245
f 426/496/1246 388/457/1246 390/459/1246
f 430/500/1247 433/503/1247 388/457/1247
f 433/503/1248 476/563/1248 478/565/1248
f 435/505/1249 385/454/1249 387/456/1249
f 439/509/1250 442/512/1250 385/454/1250
f 442/512/1251 474/1069/1251 477/569/1251
f 444/514/1252 382/451/1252 384/453/1252
f 448/518/1253 450/521/1253 382/451/1253
f 450/521/1254 407/1070/1254 475/570/1254
f 480/571/1255 573/690/1255 481/572/1255
f 483/574/1256 575/689/1256 484/575/1256
f 486/577/1257 576/685/1257 487/578/1257
f 489/580/1258 496/688/1258 490/581/1258
f 492/583/1259 566/662/1259 493/584/1259
f 495/586/1260 490/1072/1260 496/587/1260
f 498/589/1261 577/686/1261 499/590/1261
f 501/592/1262 571/679/1262 502/593/1262
f 504/595/1263 573/682/1263 505/596/1263
f 507/598/1264 570/678/1264 508/599/1264
f 510/601/1265 569/669/1265 511/602/1265
f 513/604/1266 565/661/1266 514/605/1266
f 516/607/1267 551/687/1267 517/608/1267
f 519/610/1268 567/663/1268 520/611/1268
f 500/613/1269 499/1073/1269 522/614/1269
f 524/616/1270 568/664/1270 525/617/1270
f 527/619/1271 563/659/1271 528/620/1271
f 530/622/1272 574/683/1272 531/623/1272
f 533/625/1273 564/660/1273 534/626/1273
f 536/628/1274 557/653/1274 537/629/1274
f 539/631/1275 572/1074/1275 540/632/1275
f 542/634/1276 558/654/1276 543/635/1276
f 545/637/1277 550/643/1277 546/638/1277
f 495/640/1278 505/1075/1278 548/641/1278
f 549/642/1279 548/641/1279 546/638/1279
f 491/644/1280 549/642/1280 550/643/1280
f 490/646/1281 495/640/1281 549/642/1281
f 552/647/1282 545/637/1282 547/639/1282
f 554/649/1283 517/650/1283 545/637/1283
f 517/650/1284 551/645/1284 550/643/1284
f 544/636/1285 543/635/1285 555/651/1285
f 547/639/1286 544/636/1286 556/652/1286
f 546/638/1287 542/634/1287 544/636/1287
f 541/633/1288 540/632/1288 537/629/1288
f 482/573/1289 541/633/1289 557/653/1289
f 481/572/1290 539/631/1290 541/633/1290
f 559/655/1291 536/628/1291 538/630/1291
f 555/651/1292 543/635/1292 536/628/1292
f 543/635/1293 558/654/1293 557/653/1293
f 535/627/1294 534/626/1294 561/657/1294
f 538/630/1295 535/627/1295 562/658/1295
f 537/629/1296 533/625/1296 535/627/1296
f 532/624/1297 531/623/1297 528/620/1297
f 485/576/1298 532/624/1298 563/659/1298
f 484/575/1299 530/622/1299 532/624/1299
f 565/661/1300 527/619/1300 529/621/1300
f 561/657/1301 534/626/1301 527/619/1301
f 534/626/1302 564/660/1302 563/659/1302
f 526/618/1303 525/617/1303 566/662/1303
f 529/621/1304 526/618/1304 492/583/1304
f 528/620/1305 524/616/1305 526/618/1305
f 523/615/1306 522/614/1306 520/611/1306
f 488/579/1307 523/615/1307 567/663/1307
f 487/578/1308 500/613/1308 523/615/1308
f 493/665/1309 519/610/1309 521/612/1309
f 566/662/1310 525/617/1310 519/610/1310
f 525/617/1311 568/664/1311 567/663/1311
f 518/609/1312 517/608/1312 554/667/1312
f 521/612/1313 518/609/1313 509/668/1313
f 520/611/1314 516/607/1314 518/609/1314
f 510/601/1315 513/604/1315 515/606/1315
f 560/670/1316 562/671/1316 513/604/1316
f 562/671/1317 561/657/1317 565/661/1317
f 512/603/1318 511/602/1318 553/672/1318
f 559/674/1319 512/603/1319 556/673/1319
f 560/670/1320 510/601/1320 512/603/1320
f 552/676/1321 507/598/1321 509/600/1321
f 553/672/1322 511/602/1322 507/598/1322
f 511/602/1323 569/669/1323 570/678/1323
f 501/592/1324 504/595/1324 506/597/1324
f 572/680/1325 539/681/1325 504/595/1325
f 539/681/1326 481/1076/1326 573/682/1326
f 503/594/1327 502/593/1327 574/683/1327
f 575/684/1328 503/594/1328 530/622/1328
f 572/680/1329 501/592/1329 503/594/1329
f 576/685/1330 498/589/1330 500/591/1330
f 574/683/1331 502/593/1331 498/589/1331
f 502/593/1332 571/679/1332 577/686/1332
f 497/588/1333 496/587/1333 499/590/1333
f 506/597/1334 497/588/1334 577/686/1334
f 505/596/1335 495/586/1335 497/588/1335
f 494/585/1336 493/584/1336 508/599/1336
f 515/606/1337 494/585/1337 570/678/1337
f 514/605/1338 492/583/1338 494/585/1338
f 516/607/1339 489/580/1339 491/582/1339
f 520/611/1340 522/614/1340 489/580/1340
f 522/614/1341 499/1073/1341 496/688/1341
f 524/616/1342 486/577/1342 488/579/1342
f 528/620/1343 531/623/1343 486/577/1343
f 531/623/1344 574/683/1344 576/685/1344
f 533/625/1345 483/574/1345 485/576/1345
f 537/629/1346 540/632/1346 483/574/1346
f 540/632/1347 572/1074/1347 575/689/1347
f 542/634/1348 480/571/1348 482/573/1348
f 546/638/1349 548/641/1349 480/571/1349
f 548/641/1350 505/1075/1350 573/690/1350
f 578/691/1351 601/811/1351 579/692/1351
f 581/694/1352 672/810/1352 582/695/1352
f 584/697/1353 673/804/1353 585/698/1353
f 587/700/1354 594/809/1354 588/701/1354
f 590/703/1355 664/782/1355 591/704/1355
f 593/706/1356 645/806/1356 588/707/1356
f 595/709/1357 674/805/1357 596/710/1357
f 598/712/1358 669/798/1358 599/713/1358
f 601/715/1359 872/1077/1359 602/716/1359
f 604/718/1360 667/807/1360 605/719/1360
f 607/721/1361 668/789/1361 608/722/1361
f 610/724/1362 663/781/1362 611/725/1362
f 613/727/1363 649/808/1363 614/728/1363
f 616/730/1364 665/783/1364 617/731/1364
f 596/733/1365 674/1078/1365 619/734/1365
f 621/736/1366 666/784/1366 622/737/1366
f 624/739/1367 661/779/1367 625/740/1367
f 627/742/1368 671/802/1368 628/743/1368
f 630/745/1369 662/780/1369 631/746/1369
f 633/748/1370 655/773/1370 634/749/1370
f 636/751/1371 670/1079/1371 637/752/1371
f 639/754/1372 656/774/1372 640/755/1372
f 642/757/1373 648/763/1373 643/758/1373
f 645/760/1374 872/1080/1374 646/761/1374
f 647/762/1375 646/761/1375 643/758/1375
f 589/764/1376 647/762/1376 648/763/1376
f 588/766/1377 645/760/1377 647/762/1377
f 650/767/1378 642/757/1378 644/759/1378
f 652/769/1379 614/770/1379 642/757/1379
f 614/770/1380 649/765/1380 648/763/1380
f 641/756/1381 640/755/1381 653/771/1381
f 644/759/1382 641/756/1382 654/772/1382
f 643/758/1383 639/754/1383 641/756/1383
f 638/753/1384 637/752/1384 634/749/1384
f 580/693/1385 638/753/1385 655/773/1385
f 579/692/1386 636/751/1386 638/753/1386
f 657/775/1387 633/748/1387 635/750/1387
f 653/771/1388 640/755/1388 633/748/1388
f 640/755/1389 656/774/1389 655/773/1389
f 632/747/1390 631/746/1390 659/777/1390
f 635/750/1391 632/747/1391 660/778/1391
f 634/749/1392 630/745/1392 632/747/1392
f 629/744/1393 628/743/1393 625/740/1393
f 583/696/1394 629/744/1394 661/779/1394
f 582/695/1395 627/742/1395 629/744/1395
f 610/724/1396 624/739/1396 626/741/1396
f 659/777/1397 631/746/1397 624/739/1397
f 631/746/1398 662/780/1398 661/779/1398
f 623/738/1399 622/737/1399 591/704/1399
f 626/741/1400 623/738/1400 664/782/1400
f 625/740/1401 621/736/1401 623/738/1401
f 620/735/1402 619/734/1402 617/731/1402
f 586/699/1403 620/735/1403 665/783/1403
f 585/698/1404 596/733/1404 620/735/1404
f 592/785/1405 616/730/1405 618/732/1405
f 591/704/1406 622/737/1406 616/730/1406
f 622/737/1407 666/784/1407 665/783/1407
f 615/729/1408 614/728/1408 652/787/1408
f 618/732/1409 615/729/1409 605/788/1409
f 617/731/1410 613/727/1410 615/729/1410
f 612/726/1411 611/725/1411 608/722/1411
f 660/790/1412 612/726/1412 668/789/1412
f 659/777/1413 610/724/1413 612/726/1413
f 654/792/1414 607/721/1414 609/723/1414
f 653/794/1415 657/795/1415 607/721/1415
f 657/795/1416 658/791/1416 668/789/1416
f 606/720/1417 605/719/1417 652/796/1417
f 609/723/1418 606/720/1418 650/797/1418
f 608/722/1419 604/718/1419 606/720/1419
f 603/717/1420 602/716/1420 599/713/1420
f 636/799/1421 603/717/1421 669/798/1421
f 579/801/1422 601/715/1422 603/717/1422
f 627/742/1423 598/712/1423 600/714/1423
f 582/695/1424 672/803/1424 598/712/1424
f 672/803/1425 670/800/1425 669/798/1425
f 597/711/1426 596/710/1426 585/698/1426
f 600/714/1427 597/711/1427 673/804/1427
f 599/713/1428 595/709/1428 597/711/1428
f 595/709/1429 593/706/1429 594/708/1429
f 599/713/1430 602/716/1430 593/706/1430
f 602/716/1431 872/1077/1431 645/806/1431
f 604/718/1432 590/703/1432 592/705/1432
f 608/722/1433 611/725/1433 590/703/1433
f 611/725/1434 663/781/1434 664/782/1434
f 613/727/1435 587/700/1435 589/702/1435
f 617/731/1436 619/734/1436 587/700/1436
f 619/734/1437 674/1078/1437 594/809/1437
f 621/736/1438 584/697/1438 586/699/1438
f 625/740/1439 628/743/1439 584/697/1439
f 628/743/1440 671/802/1440 673/804/1440
f 630/745/1441 581/694/1441 583/696/1441
f 634/749/1442 637/752/1442 581/694/1442
f 637/752/1443 670/1079/1443 672/810/1443
f 639/754/1444 578/691/1444 580/693/1444
f 643/758/1445 646/761/1445 578/691/1445
f 646/761/1446 872/1080/1446 601/811/1446
f 675/812/1447 768/931/1447 676/813/1447
f 678/815/1448 770/930/1448 679/816/1448
f 681/818/891 771/926/891 682/819/891
f 684/821/1449 691/929/1449 685/822/1449
f 687/824/1450 761/903/1450 688/825/1450
f 690/827/1451 685/1081/1451 691/828/1451
f 693/830/895 772/927/895 694/831/895
f 696/833/1452 766/920/1452 697/834/1452
f 699/836/1453 768/923/1453 700/837/1453
f 702/839/898 765/919/898 703/840/898
f 705/842/1454 764/910/1454 706/843/1454
f 708/845/1455 760/902/1455 709/846/1455
f 711/848/901 746/928/901 712/849/901
f 714/851/1456 762/904/1456 715/852/1456
f 695/854/903 694/1082/903 717/855/903
f 719/857/1457 763/905/1457 720/858/1457
f 722/860/1458 758/900/1458 723/861/1458
f 725/863/1459 769/924/1459 726/864/1459
f 728/866/1460 759/901/1460 729/867/1460
f 731/869/908 752/894/908 732/870/908
f 734/872/1461 767/1083/1461 735/873/1461
f 737/875/910 753/895/910 738/876/910
f 740/878/1462 745/884/1462 741/879/1462
f 690/881/1463 700/1084/1463 743/882/1463
f 744/883/1464 743/882/1464 741/879/1464
f 686/885/1465 744/883/1465 745/884/1465
f 685/887/1466 690/881/1466 744/883/1466
f 747/888/1467 740/878/1467 742/880/1467
f 749/890/1468 712/891/1468 740/878/1468
f 712/891/1469 746/886/1469 745/884/1469
f 739/877/1470 738/876/1470 750/892/1470
f 742/880/1471 739/877/1471 751/893/1471
f 741/879/1472 737/875/1472 739/877/1472
f 736/874/922 735/873/922 732/870/922
f 677/814/1473 736/874/1473 752/894/1473
f 676/813/1474 734/872/1474 736/874/1474
f 754/896/925 731/869/925 733/871/925
f 750/892/1475 738/876/1475 731/869/1475
f 738/876/927 753/895/927 752/894/927
f 730/868/1476 729/867/1476 756/898/1476
f 733/871/1477 730/868/1477 757/899/1477
f 732/870/930 728/866/930 730/868/930
f 727/865/1478 726/864/1478 723/861/1478
f 680/817/1479 727/865/1479 758/900/1479
f 679/816/933 725/863/933 727/865/933
f 760/902/1480 722/860/1480 724/862/1480
f 756/898/1481 729/867/1481 722/860/1481
f 729/867/1482 759/901/1482 758/900/1482
f 721/859/1483 720/858/1483 761/903/1483
f 724/862/1484 721/859/1484 687/824/1484
f 723/861/1485 719/857/1485 721/859/1485
f 718/856/1486 717/855/1486 715/852/1486
f 683/820/1487 718/856/1487 762/904/1487
f 682/819/1488 695/854/1488 718/856/1488
f 688/906/943 714/851/943 716/853/943
f 761/903/1489 720/858/1489 714/851/1489
f 720/858/1490 763/905/1490 762/904/1490
f 713/850/1491 712/849/1491 749/908/1491
f 716/853/947 713/850/947 704/909/947
f 715/852/948 711/848/948 713/850/948
f 705/842/1492 708/845/1492 710/847/1492
f 755/911/1493 757/912/1493 708/845/1493
f 757/912/1494 756/898/1494 760/902/1494
f 707/844/952 706/843/952 748/913/952
f 754/915/1495 707/844/1495 751/914/1495
f 755/911/954 705/842/954 707/844/954
f 747/917/1496 702/839/1496 704/841/1496
f 748/913/956 706/843/956 702/839/956
f 706/843/1497 764/910/1497 765/919/1497
f 696/833/958 699/836/958 701/838/958
f 767/921/1498 734/922/1498 699/836/1498
f 734/922/1499 676/1085/1499 768/923/1499
f 698/835/1500 697/834/1500 769/924/1500
f 770/925/1501 698/835/1501 725/863/1501
f 767/921/963 696/833/963 698/835/963
f 771/926/1502 693/830/1502 695/832/1502
f 769/924/1503 697/834/1503 693/830/1503
f 697/834/1504 766/920/1504 772/927/1504
f 692/829/1505 691/828/1505 694/831/1505
f 701/838/968 692/829/968 772/927/968
f 700/837/1506 690/827/1506 692/829/1506
f 689/826/1507 688/825/1507 703/840/1507
f 710/847/1508 689/826/1508 765/919/1508
f 709/846/1509 687/824/1509 689/826/1509
f 711/848/973 684/821/973 686/823/973
f 715/852/1510 717/855/1510 684/821/1510
f 717/855/975 694/1082/975 691/929/975
f 719/857/1511 681/818/1511 683/820/1511
f 723/861/1512 726/864/1512 681/818/1512
f 726/864/1513 769/924/1513 771/926/1513
f 728/866/1514 678/815/1514 680/817/1514
f 732/870/980 735/873/980 678/815/980
f 735/873/1515 767/1083/1515 770/930/1515
f 737/875/1516 675/812/1516 677/814/1516
f 741/879/983 743/882/983 675/812/983
f 743/882/1517 700/1084/1517 768/931/1517
f 773/932/1518 796/1052/1518 774/933/1518
f 776/935/1519 867/1051/1519 777/936/1519
f 779/938/1520 868/1045/1520 780/939/1520
f 782/941/1521 789/1050/1521 783/942/1521
f 785/944/1522 859/1023/1522 786/945/1522
f 788/947/1523 840/1047/1523 783/948/1523
f 790/950/1524 869/1046/1524 791/951/1524
f 793/953/1525 864/1039/1525 794/954/1525
f 796/956/1526 873/1086/1526 797/957/1526
f 799/959/1527 862/1048/1527 800/960/1527
f 802/962/1361 863/1030/1361 803/963/1361
f 805/965/1528 858/1022/1528 806/966/1528
f 808/968/1363 844/1049/1363 809/969/1363
f 811/971/1364 860/1024/1364 812/972/1364
f 791/974/1365 869/1087/1365 814/975/1365
f 816/977/1529 861/1025/1529 817/978/1529
f 819/980/1530 856/1020/1530 820/981/1530
f 822/983/1531 866/1043/1531 823/984/1531
f 825/986/1532 857/1021/1532 826/987/1532
f 828/989/1533 850/1014/1533 829/990/1533
f 831/992/1534 865/1088/1534 832/993/1534
f 834/995/1372 851/1015/1372 835/996/1372
f 837/998/1373 843/1004/1373 838/999/1373
f 840/1001/1535 873/1089/1535 841/1002/1535
f 842/1003/1375 841/1002/1375 838/999/1375
f 784/1005/1536 842/1003/1536 843/1004/1536
f 783/1007/1537 840/1001/1537 842/1003/1537
f 845/1008/1378 837/998/1378 839/1000/1378
f 847/1010/1379 809/1011/1379 837/998/1379
f 809/1011/1538 844/1006/1538 843/1004/1538
f 836/997/1539 835/996/1539 848/1012/1539
f 839/1000/1540 836/997/1540 849/1013/1540
f 838/999/1541 834/995/1541 836/997/1541
f 833/994/1542 832/993/1542 829/990/1542
f 775/934/1543 833/994/1543 850/1014/1543
f 774/933/1544 831/992/1544 833/994/1544
f 852/1016/1545 828/989/1545 830/991/1545
f 848/1012/1388 835/996/1388 828/989/1388
f 835/996/1546 851/1015/1546 850/1014/1546
f 827/988/1390 826/987/1390 854/1018/1390
f 830/991/1547 827/988/1547 855/1019/1547
f 829/990/1548 825/986/1548 827/988/1548
f 824/985/1549 823/984/1549 820/981/1549
f 778/937/1550 824/985/1550 856/1020/1550
f 777/936/1551 822/983/1551 824/985/1551
f 805/965/1552 819/980/1552 821/982/1552
f 854/1018/1553 826/987/1553 819/980/1553
f 826/987/1398 857/1021/1398 856/1020/1398
f 818/979/1399 817/978/1399 786/945/1399
f 821/982/1554 818/979/1554 859/1023/1554
f 820/981/1555 816/977/1555 818/979/1555
f 815/976/1402 814/975/1402 812/972/1402
f 781/940/1403 815/976/1403 860/1024/1403
f 780/939/1556 791/974/1556 815/976/1556
f 787/1026/1405 811/971/1405 813/973/1405
f 786/945/1406 817/978/1406 811/971/1406
f 817/978/1407 861/1025/1407 860/1024/1407
f 810/970/1408 809/969/1408 847/1028/1408
f 813/973/1557 810/970/1557 800/1029/1557
f 812/972/1410 808/968/1410 810/970/1410
f 807/967/1558 806/966/1558 803/963/1558
f 855/1031/1559 807/967/1559 863/1030/1559
f 854/1018/1413 805/965/1413 807/967/1413
f 849/1033/1560 802/962/1560 804/964/1560
f 848/1035/1561 852/1036/1561 802/962/1561
f 852/1036/1562 853/1032/1562 863/1030/1562
f 801/961/1417 800/960/1417 847/1037/1417
f 804/964/1563 801/961/1563 845/1038/1563
f 803/963/1564 799/959/1564 801/961/1564
f 798/958/1565 797/957/1565 794/954/1565
f 831/1040/1566 798/958/1566 864/1039/1566
f 774/1042/1567 796/956/1567 798/958/1567
f 822/983/1568 793/953/1568 795/955/1568
f 777/936/1569 867/1044/1569 793/953/1569
f 867/1044/1570 865/1041/1570 864/1039/1570
f 792/952/1571 791/951/1571 780/939/1571
f 795/955/1572 792/952/1572 868/1045/1572
f 794/954/1573 790/950/1573 792/952/1573
f 790/950/1574 788/947/1574 789/949/1574
f 794/954/1575 797/957/1575 788/947/1575
f 797/957/1576 873/1086/1576 840/1047/1576
f 799/959/1432 785/944/1432 787/946/1432
f 803/963/1577 806/966/1577 785/944/1577
f 806/966/1578 858/1022/1578 859/1023/1578
f 808/968/1435 782/941/1435 784/943/1435
f 812/972/1436 814/975/1436 782/941/1436
f 814/975/1579 869/1087/1579 789/1050/1579
f 816/977/1580 779/938/1580 781/940/1580
f 820/981/1439 823/984/1439 779/938/1439
f 823/984/1581 866/1043/1581 868/1045/1581
f 825/986/1582 776/935/1582 778/937/1582
f 829/990/1583 832/993/1583 776/935/1583
f 832/993/1584 865/1088/1584 867/1051/1584
f 834/995/1585 773/932/1585 775/934/1585
f 838/999/1586 841/1002/1586 773/932/1586
f 841/1002/1587 873/1089/1587 796/1052/1587
