# Blender 4.4.1
# www.blender.org
mtllib titleFont.mtl
o テキスト.001
v -10.183031 1.725641 0.000000
v -10.202417 1.708620 0.000000
v -10.220119 1.691795 0.000000
v -10.236134 1.675163 0.000000
v -10.250463 1.658726 0.000000
v -10.263107 1.642484 0.000000
v -10.274065 1.626436 0.000000
v -10.283337 1.610583 0.000000
v -10.290922 1.594924 0.000000
v -10.296824 1.579460 0.000000
v -10.301039 1.564190 0.000000
v -10.303566 1.549115 0.000000
v -10.304411 1.534234 0.000000
v -10.303553 1.516354 0.000000
v -10.300976 1.499285 0.000000
v -10.296679 1.483026 0.000000
v -10.290665 1.467578 0.000000
v -10.282932 1.452941 0.000000
v -10.273483 1.439113 0.000000
v -10.262316 1.426097 0.000000
v -10.249428 1.413891 0.000000
v -10.234823 1.402495 0.000000
v -10.218500 1.391910 0.000000
v -10.200457 1.382136 0.000000
v -10.180696 1.373172 0.000000
v -10.169676 1.367758 0.000000
v -10.158394 1.360852 0.000000
v -10.146852 1.352455 0.000000
v -10.135052 1.342568 0.000000
v -10.122992 1.331188 0.000000
v -10.110672 1.318317 0.000000
v -10.098093 1.303955 0.000000
v -10.085253 1.288102 0.000000
v -10.072155 1.270757 0.000000
v -10.058798 1.251921 0.000000
v -10.045179 1.231594 0.000000
v -10.031305 1.209775 0.000000
v -9.935911 1.061811 0.000000
v -9.841131 0.919034 0.000000
v -9.746967 0.781444 0.000000
v -9.653419 0.649041 0.000000
v -9.560488 0.521825 0.000000
v -9.468172 0.399797 0.000000
v -9.376472 0.282955 0.000000
v -9.285389 0.171301 0.000000
v -9.194921 0.064834 0.000000
v -9.105070 -0.036445 0.000000
v -9.015835 -0.132538 0.000000
v -8.927214 -0.223444 0.000000
v -8.808054 -0.342668 0.000000
v -8.687111 -0.456024 0.000000
v -8.564384 -0.563512 0.000000
v -8.439877 -0.665133 0.000000
v -8.313585 -0.760885 0.000000
v -8.185511 -0.850769 0.000000
v -8.055651 -0.934785 0.000000
v -7.924009 -1.012933 0.000000
v -7.790586 -1.085214 0.000000
v -7.655380 -1.151626 0.000000
v -7.518391 -1.212170 -0.000000
v -7.379618 -1.266846 -0.000000
v -7.367073 -1.271320 -0.000000
v -7.355110 -1.275405 -0.000000
v -7.343731 -1.279101 -0.000000
v -7.332935 -1.282408 -0.000000
v -7.322721 -1.285326 -0.000000
v -7.313093 -1.287854 -0.000000
v -7.304047 -1.289994 -0.000000
v -7.295586 -1.291745 -0.000000
v -7.287706 -1.293106 -0.000000
v -7.280411 -1.294079 -0.000000
v -7.273701 -1.294662 -0.000000
v -7.267574 -1.294857 -0.000000
v -7.260117 -1.294565 -0.000000
v -7.253309 -1.293690 -0.000000
v -7.247149 -1.292231 -0.000000
v -7.241638 -1.290189 -0.000000
v -7.236774 -1.287562 -0.000000
v -7.232561 -1.284353 -0.000000
v -7.228994 -1.280560 -0.000000
v -7.226076 -1.276183 -0.000000
v -7.223808 -1.271223 -0.000000
v -7.222185 -1.265679 -0.000000
v -7.221214 -1.259552 -0.000000
v -7.220890 -1.252841 -0.000000
v -7.221458 -1.247248 -0.000000
v -7.223160 -1.241364 -0.000000
v -7.225996 -1.235188 -0.000000
v -7.229967 -1.228720 -0.000000
v -7.235073 -1.221961 -0.000000
v -7.241314 -1.214910 -0.000000
v -7.248690 -1.207566 -0.000000
v -7.257200 -1.199932 -0.000000
v -7.266844 -1.192005 -0.000000
v -7.277624 -1.183786 -0.000000
v -7.289539 -1.175276 0.000000
v -7.302588 -1.166474 0.000000
v -7.439238 -1.075228 0.000000
v -7.572191 -0.982005 0.000000
v -7.701448 -0.886804 0.000000
v -7.827011 -0.789625 0.000000
v -7.948877 -0.690469 0.000000
v -8.067049 -0.589335 0.000000
v -8.181524 -0.486223 0.000000
v -8.292301 -0.381134 0.000000
v -8.399384 -0.274067 0.000000
v -8.502771 -0.165023 0.000000
v -8.602463 -0.054001 0.000000
v -8.698458 0.058998 0.000000
v -8.803417 0.188840 0.000000
v -8.903545 0.316931 0.000000
v -8.998846 0.443271 0.000000
v -9.089314 0.567861 0.000000
v -9.174952 0.690700 0.000000
v -9.255756 0.811789 0.000000
v -9.331734 0.931126 0.000000
v -9.402880 1.048713 0.000000
v -9.469194 1.164550 0.000000
v -9.530678 1.278635 0.000000
v -9.587332 1.390970 0.000000
v -9.639154 1.501555 0.000000
v -9.641390 1.507601 0.000000
v -9.643433 1.513290 0.000000
v -9.645281 1.518623 0.000000
v -9.646935 1.523600 0.000000
v -9.648394 1.528220 0.000000
v -9.649658 1.532483 0.000000
v -9.650726 1.536389 0.000000
v -9.651604 1.539940 0.000000
v -9.652285 1.543133 0.000000
v -9.652769 1.545970 0.000000
v -9.653063 1.548450 0.000000
v -9.653160 1.550573 0.000000
v -9.652998 1.553556 0.000000
v -9.652512 1.556279 0.000000
v -9.651703 1.558743 0.000000
v -9.650566 1.560948 0.000000
v -9.649107 1.562893 0.000000
v -9.647324 1.564578 0.000000
v -9.645216 1.566005 0.000000
v -9.642786 1.567172 0.000000
v -9.640030 1.568080 0.000000
v -9.636951 1.568728 0.000000
v -9.633547 1.569117 0.000000
v -9.629818 1.569247 0.000000
v -9.617935 1.567545 0.000000
v -9.604855 1.565551 0.000000
v -9.590574 1.563265 0.000000
v -9.575094 1.560688 0.000000
v -9.558413 1.557819 0.000000
v -9.540533 1.554658 0.000000
v -9.521454 1.551205 0.000000
v -9.501175 1.547461 0.000000
v -9.479696 1.543424 0.000000
v -9.457018 1.539097 0.000000
v -9.433142 1.534477 0.000000
v -9.408066 1.529565 0.000000
v -9.378435 1.523502 0.000000
v -9.350231 1.517764 0.000000
v -9.323452 1.512350 0.000000
v -9.298101 1.507260 0.000000
v -9.274176 1.502494 0.000000
v -9.251677 1.498053 0.000000
v -9.230604 1.493935 0.000000
v -9.210958 1.490142 0.000000
v -9.192738 1.486673 0.000000
v -9.175943 1.483529 0.000000
v -9.160576 1.480708 0.000000
v -9.146631 1.478212 0.000000
v -9.140163 1.476899 0.000000
v -9.132431 1.475294 0.000000
v -9.123434 1.473398 0.000000
v -9.113173 1.471209 0.000000
v -9.101646 1.468729 0.000000
v -9.088858 1.465957 0.000000
v -9.074802 1.462894 0.000000
v -9.059484 1.459538 0.000000
v -9.042900 1.455891 0.000000
v -9.025053 1.451952 0.000000
v -9.005941 1.447721 0.000000
v -8.985569 1.443198 0.000000
v -8.975616 1.440961 0.000000
v -8.965988 1.438919 0.000000
v -8.956682 1.437071 0.000000
v -8.947701 1.435418 0.000000
v -8.939045 1.433959 0.000000
v -8.930714 1.432694 0.000000
v -8.922707 1.431625 0.000000
v -8.915024 1.430749 0.000000
v -8.907663 1.430068 0.000000
v -8.900627 1.429582 0.000000
v -8.893917 1.429290 0.000000
v -8.887531 1.429193 0.000000
v -8.873234 1.429760 0.000000
v -8.857576 1.431462 0.000000
v -8.840557 1.434299 0.000000
v -8.822174 1.438270 0.000000
v -8.802431 1.443377 0.000000
v -8.781324 1.449618 0.000000
v -8.758858 1.456993 0.000000
v -8.735029 1.465503 0.000000
v -8.709839 1.475148 0.000000
v -8.683289 1.485928 0.000000
v -8.655375 1.497842 0.000000
v -8.626097 1.510891 0.000000
v -8.580418 1.451514 0.000000
v -8.534414 1.393207 0.000000
v -8.488087 1.335969 0.000000
v -8.441435 1.279802 0.000000
v -8.394457 1.224704 0.000000
v -8.347157 1.170677 0.000000
v -8.299532 1.117719 0.000000
v -8.251585 1.065831 0.000000
v -8.203310 1.015013 0.000000
v -8.154713 0.965264 0.000000
v -8.105791 0.916586 0.000000
v -8.056545 0.868977 0.000000
v -8.004301 0.821077 0.000000
v -7.951052 0.773857 0.000000
v -7.896797 0.727318 0.000000
v -7.841537 0.681460 0.000000
v -7.785273 0.636283 0.000000
v -7.728004 0.591787 0.000000
v -7.669729 0.547971 0.000000
v -7.610449 0.504836 0.000000
v -7.550163 0.462382 0.000000
v -7.488873 0.420609 0.000000
v -7.426577 0.379517 0.000000
v -7.363277 0.339106 0.000000
v -7.344395 0.327548 0.000000
v -7.326645 0.316996 0.000000
v -7.310030 0.307448 0.000000
v -7.294550 0.298905 0.000000
v -7.280205 0.291368 0.000000
v -7.266993 0.284835 0.000000
v -7.254917 0.279307 0.000000
v -7.243975 0.274785 0.000000
v -7.234169 0.271267 0.000000
v -7.225494 0.268754 0.000000
v -7.217958 0.267247 0.000000
v -7.211552 0.266744 0.000000
v -7.202230 0.267117 0.000000
v -7.193722 0.268236 0.000000
v -7.186024 0.270100 0.000000
v -7.179132 0.272710 0.000000
v -7.173056 0.276065 0.000000
v -7.167788 0.280166 0.000000
v -7.163328 0.285013 0.000000
v -7.159681 0.290606 0.000000
v -7.156845 0.296944 0.000000
v -7.154818 0.304027 0.000000
v -7.153603 0.311857 0.000000
v -7.153196 0.320432 0.000000
v -7.154461 0.324679 0.000000
v -7.158255 0.331195 0.000000
v -7.164576 0.339981 0.000000
v -7.173426 0.351036 0.000000
v -7.184805 0.364361 0.000000
v -7.198713 0.379955 0.000000
v -7.215151 0.397818 0.000000
v -7.234116 0.417951 0.000000
v -7.255610 0.440353 0.000000
v -7.279633 0.465025 0.000000
v -7.306185 0.491966 0.000000
v -7.335266 0.521176 0.000000
v -7.391094 0.579127 0.000000
v -7.445753 0.637045 0.000000
v -7.499247 0.694931 0.000000
v -7.551573 0.752784 0.000000
v -7.602732 0.810605 0.000000
v -7.652723 0.868393 0.000000
v -7.701546 0.926149 0.000000
v -7.749205 0.983873 0.000000
v -7.795694 1.041564 0.000000
v -7.841019 1.099223 0.000000
v -7.885174 1.156849 0.000000
v -7.928162 1.214443 0.000000
v -7.960436 1.257626 0.000000
v -7.992678 1.301588 0.000000
v -8.024887 1.346327 0.000000
v -8.057064 1.391845 0.000000
v -8.089209 1.438141 0.000000
v -8.121321 1.485214 0.000000
v -8.153400 1.533066 0.000000
v -8.185446 1.581696 0.000000
v -8.217461 1.631104 0.000000
v -8.249443 1.681290 0.000000
v -8.281393 1.732254 0.000000
v -8.313309 1.783996 0.000000
v -8.338659 1.826142 0.000000
v -8.361807 1.866213 0.000000
v -8.382750 1.904209 0.000000
v -8.401489 1.940131 0.000000
v -8.418024 1.973977 0.000000
v -8.432354 2.005748 0.000000
v -8.444477 2.035445 0.000000
v -8.454397 2.063066 0.000000
v -8.462114 2.088614 0.000000
v -8.467627 2.112085 0.000000
v -8.470934 2.133482 0.000000
v -8.472036 2.152805 0.000000
v -8.470854 2.168723 0.000000
v -8.467304 2.184577 0.000000
v -8.461390 2.200365 0.000000
v -8.453106 2.216088 0.000000
v -8.442457 2.231747 0.000000
v -8.429440 2.247341 0.000000
v -8.414057 2.262870 0.000000
v -8.396307 2.278335 0.000000
v -8.376190 2.293734 0.000000
v -8.353706 2.309069 0.000000
v -8.328857 2.324338 0.000000
v -8.301638 2.339543 0.000000
v -8.292318 2.344569 0.000000
v -8.283806 2.349529 0.000000
v -8.276108 2.354424 0.000000
v -8.269217 2.359255 0.000000
v -8.263140 2.364020 0.000000
v -8.257872 2.368721 0.000000
v -8.253412 2.373357 0.000000
v -8.249765 2.377928 0.000000
v -8.246929 2.382435 0.000000
v -8.244904 2.386877 0.000000
v -8.243689 2.391253 0.000000
v -8.243282 2.395565 0.000000
v -8.243622 2.399845 0.000000
v -8.244642 2.404124 0.000000
v -8.246344 2.408403 0.000000
v -8.248726 2.412683 0.000000
v -8.251789 2.416962 0.000000
v -8.255533 2.421242 0.000000
v -8.259958 2.425521 0.000000
v -8.265066 2.429801 0.000000
v -8.270853 2.434080 0.000000
v -8.277321 2.438359 0.000000
v -8.284470 2.442639 0.000000
v -8.292299 2.446918 0.000000
v -8.300550 2.451019 0.000000
v -8.308966 2.454764 0.000000
v -8.317541 2.458152 0.000000
v -8.326277 2.461183 0.000000
v -8.335176 2.463858 0.000000
v -8.344238 2.466176 0.000000
v -8.353462 2.468137 0.000000
v -8.362846 2.469742 0.000000
v -8.372395 2.470990 0.000000
v -8.382103 2.471882 0.000000
v -8.391975 2.472416 0.000000
v -8.402010 2.472595 0.000000
v -8.434496 2.471395 0.000000
v -8.468147 2.467797 0.000000
v -8.502966 2.461799 0.000000
v -8.538952 2.453402 0.000000
v -8.576103 2.442606 0.000000
v -8.614426 2.429411 0.000000
v -8.653913 2.413817 0.000000
v -8.694567 2.395824 0.000000
v -8.736389 2.375432 0.000000
v -8.779377 2.352641 0.000000
v -8.823532 2.327451 0.000000
v -8.868856 2.299861 0.000000
v -8.897192 2.281901 0.000000
v -8.923061 2.263811 0.000000
v -8.946468 2.245591 0.000000
v -8.967413 2.227241 0.000000
v -8.985891 2.208762 0.000000
v -9.001907 2.190153 0.000000
v -9.015457 2.171414 0.000000
v -9.026545 2.152546 0.000000
v -9.035168 2.133548 0.000000
v -9.041328 2.114420 0.000000
v -9.045025 2.095162 0.000000
v -9.046257 2.075776 0.000000
v -9.045527 2.062256 0.000000
v -9.043339 2.048932 0.000000
v -9.039692 2.035801 0.000000
v -9.034586 2.022866 0.000000
v -9.028019 2.010125 0.000000
v -9.019997 1.997579 0.000000
v -9.010513 1.985227 0.000000
v -8.999571 1.973069 0.000000
v -8.987171 1.961106 0.000000
v -8.973312 1.949338 0.000000
v -8.957994 1.937764 0.000000
v -8.941217 1.926385 0.000000
v -8.932367 1.919739 0.000000
v -8.922155 1.910693 0.000000
v -8.910580 1.899249 0.000000
v -8.897644 1.885406 0.000000
v -8.883347 1.869164 0.000000
v -8.867687 1.850522 0.000000
v -8.850668 1.829481 0.000000
v -8.832285 1.806042 0.000000
v -8.812542 1.780203 0.000000
v -8.791435 1.751966 0.000000
v -8.768972 1.721329 0.000000
v -8.745144 1.688293 0.000000
v -8.747786 1.687547 0.000000
v -8.751045 1.686866 0.000000
v -8.754919 1.686250 0.000000
v -8.759409 1.685699 0.000000
v -8.764515 1.685212 0.000000
v -8.770239 1.684791 0.000000
v -8.776575 1.684434 0.000000
v -8.783529 1.684142 0.000000
v -8.791100 1.683916 0.000000
v -8.799286 1.683754 0.000000
v -8.808086 1.683656 0.000000
v -8.817505 1.683624 0.000000
v -8.835773 1.684694 0.000000
v -8.856346 1.686347 0.000000
v -8.879217 1.688584 0.000000
v -8.904390 1.691405 0.000000
v -8.931868 1.694809 0.000000
v -8.961645 1.698797 0.000000
v -8.993723 1.703368 0.000000
v -9.028105 1.708523 0.000000
v -9.064789 1.714261 0.000000
v -9.103773 1.720583 0.000000
v -9.145061 1.727489 0.000000
v -9.188648 1.734977 0.000000
v -9.222334 1.740862 0.000000
v -9.255693 1.746843 0.000000
v -9.288727 1.752922 0.000000
v -9.321440 1.759098 0.000000
v -9.353827 1.765371 0.000000
v -9.385891 1.771742 0.000000
v -9.417629 1.778209 0.000000
v -9.449045 1.784774 0.000000
v -9.480135 1.791437 0.000000
v -9.510902 1.798196 0.000000
v -9.541344 1.805053 0.000000
v -9.571461 1.812007 0.000000
v -9.581074 1.814536 0.000000
v -9.590460 1.817454 0.000000
v -9.599619 1.820760 0.000000
v -9.608551 1.824456 0.000000
v -9.617254 1.828541 0.000000
v -9.625732 1.833015 0.000000
v -9.633984 1.837878 0.000000
v -9.642008 1.843130 0.000000
v -9.649805 1.848771 0.000000
v -9.657375 1.854802 0.000000
v -9.664717 1.861221 0.000000
v -9.671831 1.868029 0.000000
v -9.683048 1.878841 0.000000
v -9.694138 1.888713 0.000000
v -9.705095 1.897645 0.000000
v -9.715923 1.905636 0.000000
v -9.726622 1.912687 0.000000
v -9.737192 1.918799 0.000000
v -9.747631 1.923969 0.000000
v -9.757940 1.928200 0.000000
v -9.768120 1.931491 0.000000
v -9.778170 1.933841 0.000000
v -9.788090 1.935252 0.000000
v -9.797880 1.935722 0.000000
v -9.824450 1.934263 0.000000
v -9.852024 1.929886 0.000000
v -9.880602 1.922592 0.000000
v -9.910187 1.912379 0.000000
v -9.940775 1.899249 0.000000
v -9.972368 1.883201 0.000000
v -10.004967 1.864236 0.000000
v -10.038570 1.842353 0.000000
v -10.073177 1.817551 0.000000
v -10.108791 1.789832 0.000000
v -10.145409 1.759195 0.000000
v -3.640177 1.300808 0.000000
v -3.633839 1.309481 0.000000
v -3.628052 1.317602 0.000000
v -3.622816 1.325172 0.000000
v -3.618132 1.332191 0.000000
v -3.613997 1.338658 0.000000
v -3.610415 1.344575 0.000000
v -3.607384 1.349940 0.000000
v -3.604904 1.354755 0.000000
v -3.602976 1.359018 0.000000
v -3.601597 1.362730 0.000000
v -3.600771 1.365891 0.000000
v -3.600494 1.368501 0.000000
v -3.600721 1.373721 0.000000
v -3.601404 1.378487 0.000000
v -3.602537 1.382798 0.000000
v -3.604126 1.386656 0.000000
v -3.606169 1.390060 0.000000
v -3.608665 1.393010 0.000000
v -3.611616 1.395507 0.000000
v -3.615019 1.397549 0.000000
v -3.618877 1.399138 0.000000
v -3.623190 1.400272 0.000000
v -3.627954 1.400953 0.000000
v -3.633175 1.401180 0.000000
v -3.637730 1.400986 0.000000
v -3.642836 1.400402 0.000000
v -3.648493 1.399429 0.000000
v -3.654701 1.398068 0.000000
v -3.661461 1.396317 0.000000
v -3.668772 1.394177 0.000000
v -3.676632 1.391649 0.000000
v -3.685047 1.388731 0.000000
v -3.694010 1.385424 0.000000
v -3.703526 1.381728 0.000000
v -3.713593 1.377643 0.000000
v -3.724211 1.373170 0.000000
v -3.761621 1.356166 0.000000
v -3.797607 1.338610 0.000000
v -3.832167 1.320504 0.000000
v -3.865299 1.301846 0.000000
v -3.897007 1.282637 0.000000
v -3.927286 1.262877 0.000000
v -3.956141 1.242566 0.000000
v -3.983568 1.221704 0.000000
v -4.009569 1.200291 0.000000
v -4.034145 1.178326 0.000000
v -4.057293 1.155811 0.000000
v -4.079014 1.132744 0.000000
v -4.101383 1.106954 0.000000
v -4.121809 1.080937 0.000000
v -4.140289 1.054693 0.000000
v -4.156822 1.028222 0.000000
v -4.171412 1.001524 0.000000
v -4.184055 0.974600 0.000000
v -4.194754 0.947448 0.000000
v -4.203506 0.920070 0.000000
v -4.210314 0.892464 0.000000
v -4.215176 0.864632 0.000000
v -4.218094 0.836572 0.000000
v -4.219067 0.808285 0.000000
v -4.218613 0.789903 0.000000
v -4.217251 0.772105 0.000000
v -4.214981 0.754890 0.000000
v -4.211805 0.738259 0.000000
v -4.207720 0.722211 0.000000
v -4.202726 0.706746 0.000000
v -4.196825 0.691866 0.000000
v -4.190018 0.677568 0.000000
v -4.182302 0.663855 0.000000
v -4.173679 0.650725 0.000000
v -4.164146 0.638178 0.000000
v -4.153709 0.626215 0.000000
v -4.143740 0.616149 0.000000
v -4.133284 0.606958 0.000000
v -4.122341 0.598642 0.000000
v -4.110914 0.591202 0.000000
v -4.098999 0.584637 0.000000
v -4.086599 0.578947 0.000000
v -4.073713 0.574133 0.000000
v -4.060339 0.570194 0.000000
v -4.046480 0.567130 0.000000
v -4.032135 0.564942 0.000000
v -4.017302 0.563629 0.000000
v -4.001984 0.563191 0.000000
v -3.984558 0.563596 0.000000
v -3.968071 0.564812 0.000000
v -3.952526 0.566838 0.000000
v -3.937922 0.569675 0.000000
v -3.924259 0.573322 0.000000
v -3.911533 0.577780 0.000000
v -3.899748 0.583048 0.000000
v -3.888903 0.589127 0.000000
v -3.879000 0.596016 0.000000
v -3.870035 0.603716 0.000000
v -3.862011 0.612226 0.000000
v -3.854927 0.621547 0.000000
v -3.850389 0.628177 0.000000
v -3.846109 0.635617 0.000000
v -3.842091 0.643868 0.000000
v -3.838331 0.652929 0.000000
v -3.834829 0.662801 0.000000
v -3.831587 0.673483 0.000000
v -3.828604 0.684976 0.000000
v -3.825880 0.697280 0.000000
v -3.823416 0.710393 0.000000
v -3.821211 0.724318 0.000000
v -3.819265 0.739053 0.000000
v -3.817579 0.754598 0.000000
v -3.813900 0.781734 0.000000
v -3.809862 0.808674 0.000000
v -3.805471 0.835421 0.000000
v -3.800722 0.861973 0.000000
v -3.795616 0.888330 0.000000
v -3.790152 0.914493 0.000000
v -3.784332 0.940462 0.000000
v -3.778156 0.966236 0.000000
v -3.771624 0.991815 0.000000
v -3.764734 1.017200 0.000000
v -3.757488 1.042390 0.000000
v -3.749886 1.067385 0.000000
v -3.741280 1.091473 0.000000
v -3.732574 1.114718 0.000000
v -3.723774 1.137120 0.000000
v -3.714874 1.158680 0.000000
v -3.705877 1.179396 0.000000
v -3.696783 1.199269 0.000000
v -3.687592 1.218300 0.000000
v -3.678305 1.236488 0.000000
v -3.668921 1.253832 0.000000
v -3.659437 1.270334 0.000000
v -3.649857 1.285993 0.000000
v -4.839972 1.090728 0.000000
v -4.839615 1.098557 0.000000
v -4.838545 1.106484 0.000000
v -4.836761 1.114508 0.000000
v -4.834267 1.122629 0.000000
v -4.831057 1.130848 0.000000
v -4.827135 1.139163 0.000000
v -4.822498 1.147576 0.000000
v -4.817148 1.156087 0.000000
v -4.811087 1.164694 0.000000
v -4.804310 1.173399 0.000000
v -4.796822 1.182201 0.000000
v -4.788618 1.191100 0.000000
v -4.778666 1.200712 0.000000
v -4.768261 1.210098 0.000000
v -4.757401 1.219257 0.000000
v -4.746084 1.228188 0.000000
v -4.734318 1.236893 0.000000
v -4.722095 1.245371 0.000000
v -4.709419 1.253621 0.000000
v -4.696289 1.261645 0.000000
v -4.682705 1.269442 0.000000
v -4.668667 1.277012 0.000000
v -4.654175 1.284356 0.000000
v -4.639229 1.291472 0.000000
v -4.635500 1.292736 0.000000
v -4.632095 1.294195 0.000000
v -4.629015 1.295848 0.000000
v -4.626259 1.297697 0.000000
v -4.623829 1.299739 0.000000
v -4.621721 1.301976 0.000000
v -4.619938 1.304407 0.000000
v -4.618479 1.307033 0.000000
v -4.617344 1.309854 0.000000
v -4.616535 1.312869 0.000000
v -4.616049 1.316078 0.000000
v -4.615887 1.319483 0.000000
v -4.616146 1.323357 0.000000
v -4.616924 1.327199 0.000000
v -4.618223 1.331008 0.000000
v -4.620037 1.334785 0.000000
v -4.622372 1.338530 0.000000
v -4.625223 1.342242 0.000000
v -4.628595 1.345922 0.000000
v -4.632486 1.349569 0.000000
v -4.636896 1.353184 0.000000
v -4.641825 1.356766 0.000000
v -4.647270 1.360316 0.000000
v -4.653234 1.363833 0.000000
v -4.663187 1.369053 0.000000
v -4.673595 1.373819 0.000000
v -4.684456 1.378130 0.000000
v -4.695770 1.381988 0.000000
v -4.707539 1.385392 0.000000
v -4.719759 1.388342 0.000000
v -4.732437 1.390839 0.000000
v -4.745565 1.392881 0.000000
v -4.759150 1.394470 0.000000
v -4.773188 1.395604 0.000000
v -4.787678 1.396285 0.000000
v -4.802624 1.396512 0.000000
v -4.825788 1.395556 0.000000
v -4.850153 1.392687 0.000000
v -4.875715 1.387905 0.000000
v -4.902477 1.381210 0.000000
v -4.930439 1.372603 0.000000
v -4.959602 1.362082 0.000000
v -4.989962 1.349649 0.000000
v -5.021523 1.335303 0.000000
v -5.054283 1.319045 0.000000
v -5.088243 1.300874 0.000000
v -5.123402 1.280789 0.000000
v -5.159761 1.258793 0.000000
v -5.191826 1.237120 0.000000
v -5.221100 1.215674 0.000000
v -5.247587 1.194456 0.000000
v -5.271286 1.173464 0.000000
v -5.292198 1.152699 0.000000
v -5.310320 1.132161 0.000000
v -5.325655 1.111850 0.000000
v -5.338200 1.091766 0.000000
v -5.347958 1.071908 0.000000
v -5.354927 1.052278 0.000000
v -5.359110 1.032875 0.000000
v -5.360506 1.013698 0.000000
v -5.359776 1.002757 0.000000
v -5.357588 0.991718 0.000000
v -5.353941 0.980581 0.000000
v -5.348835 0.969348 0.000000
v -5.342268 0.958017 0.000000
v -5.334246 0.946589 0.000000
v -5.324762 0.935064 0.000000
v -5.313820 0.923442 0.000000
v -5.301420 0.911722 0.000000
v -5.287561 0.899905 0.000000
v -5.272243 0.887990 0.000000
v -5.255466 0.875979 0.000000
v -5.245140 0.868652 0.000000
v -5.235172 0.860677 0.000000
v -5.225559 0.852053 0.000000
v -5.216303 0.842780 0.000000
v -5.207403 0.832860 0.000000
v -5.198860 0.822291 0.000000
v -5.190676 0.811074 0.000000
v -5.182846 0.799208 0.000000
v -5.175373 0.786694 0.000000
v -5.168257 0.773532 0.000000
v -5.161497 0.759721 0.000000
v -5.155094 0.745262 0.000000
v -5.103611 0.644776 0.000000
v -5.049534 0.545620 0.000000
v -4.992865 0.447793 0.000000
v -4.933601 0.351295 0.000000
v -4.871742 0.256126 0.000000
v -4.807291 0.162287 0.000000
v -4.740248 0.069777 0.000000
v -4.670610 -0.021404 0.000000
v -4.598377 -0.111256 0.000000
v -4.523552 -0.199779 0.000000
v -4.446133 -0.286972 0.000000
v -4.366123 -0.372836 0.000000
v -4.278297 -0.462493 0.000000
v -4.188332 -0.548617 0.000000
v -4.096228 -0.631206 0.000000
v -4.001984 -0.710262 0.000000
v -3.905600 -0.785785 0.000000
v -3.807076 -0.857773 0.000000
v -3.706411 -0.926228 0.000000
v -3.603607 -0.991149 0.000000
v -3.498665 -1.052536 0.000000
v -3.391582 -1.110389 0.000000
v -3.282359 -1.164709 0.000000
v -3.170997 -1.215494 -0.000000
v -3.163298 -1.219223 -0.000000
v -3.155760 -1.222627 -0.000000
v -3.148384 -1.225707 -0.000000
v -3.141171 -1.228462 -0.000000
v -3.134119 -1.230894 -0.000000
v -3.127230 -1.233001 -0.000000
v -3.120503 -1.234784 -0.000000
v -3.113938 -1.236243 -0.000000
v -3.107535 -1.237378 -0.000000
v -3.101295 -1.238188 -0.000000
v -3.095216 -1.238675 -0.000000
v -3.089298 -1.238837 -0.000000
v -3.083333 -1.238480 -0.000000
v -3.077887 -1.237410 -0.000000
v -3.072959 -1.235627 -0.000000
v -3.068550 -1.233131 -0.000000
v -3.064659 -1.229921 -0.000000
v -3.061288 -1.225999 -0.000000
v -3.058435 -1.221362 -0.000000
v -3.056101 -1.216013 -0.000000
v -3.054285 -1.209951 -0.000000
v -3.052989 -1.203175 -0.000000
v -3.052210 -1.195686 -0.000000
v -3.051950 -1.187484 -0.000000
v -3.052210 -1.182831 -0.000000
v -3.052989 -1.178212 -0.000000
v -3.054285 -1.173624 0.000000
v -3.056101 -1.169069 0.000000
v -3.058435 -1.164547 0.000000
v -3.061288 -1.160056 0.000000
v -3.064659 -1.155599 0.000000
v -3.068550 -1.151173 0.000000
v -3.072959 -1.146780 0.000000
v -3.077887 -1.142420 0.000000
v -3.083333 -1.138092 0.000000
v -3.089298 -1.133796 0.000000
v -3.201827 -1.050817 0.000000
v -3.311440 -0.966056 0.000000
v -3.418133 -0.879511 0.000000
v -3.521910 -0.791183 0.000000
v -3.622768 -0.701072 0.000000
v -3.720707 -0.609177 0.000000
v -3.815729 -0.515500 0.000000
v -3.907835 -0.420040 0.000000
v -3.997023 -0.322796 0.000000
v -4.083292 -0.223770 0.000000
v -4.166645 -0.122960 0.000000
v -4.247078 -0.020367 0.000000
v -4.302111 0.054134 0.000000
v -4.355165 0.129024 0.000000
v -4.406242 0.204303 0.000000
v -4.455343 0.279971 0.000000
v -4.502466 0.356028 0.000000
v -4.547609 0.432474 0.000000
v -4.590778 0.509309 0.000000
v -4.631968 0.586533 0.000000
v -4.671179 0.664147 0.000000
v -4.708414 0.742149 0.000000
v -4.743671 0.820540 0.000000
v -4.776949 0.899321 0.000000
v -4.787014 0.922403 0.000000
v -4.796207 0.944190 0.000000
v -4.804523 0.964679 0.000000
v -4.811962 0.983871 0.000000
v -4.818529 1.001767 0.000000
v -4.824219 1.018366 0.000000
v -4.829031 1.033668 0.000000
v -4.832972 1.047673 0.000000
v -4.836035 1.060382 0.000000
v -4.838221 1.071794 0.000000
v -4.839535 1.081909 0.000000
v -2.797519 1.109401 0.000000
v -2.792299 1.116971 0.000000
v -2.787534 1.124120 0.000000
v -2.783221 1.130847 0.000000
v -2.779363 1.137153 0.000000
v -2.775959 1.143037 0.000000
v -2.773008 1.148500 0.000000
v -2.770513 1.153541 0.000000
v -2.768470 1.158161 0.000000
v -2.766881 1.162359 0.000000
v -2.765746 1.166136 0.000000
v -2.765065 1.169492 0.000000
v -2.764839 1.172425 0.000000
v -2.765066 1.177645 0.000000
v -2.765747 1.182411 0.000000
v -2.766882 1.186723 0.000000
v -2.768471 1.190580 0.000000
v -2.770514 1.193985 0.000000
v -2.773009 1.196935 0.000000
v -2.775960 1.199431 0.000000
v -2.779364 1.201474 0.000000
v -2.783222 1.203062 0.000000
v -2.787535 1.204197 0.000000
v -2.792300 1.204877 0.000000
v -2.797519 1.205105 0.000000
v -2.800517 1.204975 0.000000
v -2.804068 1.204586 0.000000
v -2.808169 1.203937 0.000000
v -2.812821 1.203030 0.000000
v -2.818026 1.201862 0.000000
v -2.823780 1.200436 0.000000
v -2.830086 1.198750 0.000000
v -2.836942 1.196805 0.000000
v -2.844350 1.194600 0.000000
v -2.852308 1.192136 0.000000
v -2.860819 1.189413 0.000000
v -2.869880 1.186431 0.000000
v -2.911831 1.168746 0.000000
v -2.952096 1.150704 0.000000
v -2.990676 1.132306 0.000000
v -3.027570 1.113551 0.000000
v -3.062778 1.094439 0.000000
v -3.096300 1.074971 0.000000
v -3.128137 1.055147 0.000000
v -3.158287 1.034965 0.000000
v -3.186751 1.014427 0.000000
v -3.213531 0.993532 0.000000
v -3.238624 0.972281 0.000000
v -3.262031 0.950673 0.000000
v -3.284774 0.926829 0.000000
v -3.305540 0.902757 0.000000
v -3.324327 0.878458 0.000000
v -3.341137 0.853932 0.000000
v -3.355968 0.829180 0.000000
v -3.368822 0.804200 0.000000
v -3.379700 0.778994 0.000000
v -3.388597 0.753561 0.000000
v -3.395521 0.727900 0.000000
v -3.400465 0.702013 0.000000
v -3.403431 0.675899 0.000000
v -3.404419 0.649557 0.000000
v -3.402798 0.613020 0.000000
v -3.397934 0.579660 0.000000
v -3.389830 0.549477 0.000000
v -3.378483 0.522471 0.000000
v -3.363894 0.498643 0.000000
v -3.346064 0.477991 0.000000
v -3.324989 0.460517 0.000000
v -3.300676 0.446220 0.000000
v -3.273118 0.435100 0.000000
v -3.242319 0.427157 0.000000
v -3.208278 0.422391 0.000000
v -3.170996 0.420803 0.000000
v -3.148399 0.422067 0.000000
v -3.127294 0.425860 0.000000
v -3.107679 0.432182 0.000000
v -3.089557 0.441033 0.000000
v -3.072925 0.452412 0.000000
v -3.057785 0.466320 0.000000
v -3.044136 0.482757 0.000000
v -3.031979 0.501723 0.000000
v -3.021313 0.523217 0.000000
v -3.012137 0.547240 0.000000
v -3.004455 0.573792 0.000000
v -2.998262 0.602873 0.000000
v -2.994097 0.627333 0.000000
v -2.989379 0.651697 0.000000
v -2.984111 0.675963 0.000000
v -2.978292 0.700132 0.000000
v -2.971921 0.724204 0.000000
v -2.964999 0.748179 0.000000
v -2.957526 0.772056 0.000000
v -2.949502 0.795836 0.000000
v -2.940927 0.819519 0.000000
v -2.931800 0.843104 0.000000
v -2.922122 0.866592 0.000000
v -2.911896 0.889983 0.000000
v -2.906466 0.905415 0.000000
v -2.900290 0.921366 0.000000
v -2.893368 0.937835 0.000000
v -2.885701 0.954823 0.000000
v -2.877288 0.972330 0.000000
v -2.868130 0.990355 0.000000
v -2.858225 1.008899 0.000000
v -2.847576 1.027962 0.000000
v -2.836180 1.047544 0.000000
v -2.824039 1.067644 0.000000
v -2.811152 1.088263 0.000000
v 0.724838 1.758316 0.000000
v 0.667811 1.763082 0.000000
v 0.609553 1.768821 0.000000
v 0.550063 1.775532 0.000000
v 0.489340 1.783215 0.000000
v 0.427385 1.791871 0.000000
v 0.364200 1.801500 0.000000
v 0.299782 1.812101 0.000000
v 0.234132 1.823675 0.000000
v 0.167249 1.836222 0.000000
v 0.099134 1.849741 0.000000
v 0.029788 1.864233 0.000000
v -0.040790 1.879697 0.000000
v -0.054163 1.883360 0.000000
v -0.067050 1.887348 0.000000
v -0.079451 1.891660 0.000000
v -0.091364 1.896296 0.000000
v -0.102793 1.901256 0.000000
v -0.113733 1.906541 0.000000
v -0.124189 1.912149 0.000000
v -0.134158 1.918082 0.000000
v -0.143641 1.924339 0.000000
v -0.152638 1.930920 0.000000
v -0.161148 1.937826 0.000000
v -0.169172 1.945056 0.000000
v -0.178283 1.953631 0.000000
v -0.187716 1.961460 0.000000
v -0.197475 1.968544 0.000000
v -0.207558 1.974882 0.000000
v -0.217964 1.980474 0.000000
v -0.228696 1.985321 0.000000
v -0.239751 1.989422 0.000000
v -0.251130 1.992778 0.000000
v -0.262834 1.995387 0.000000
v -0.274861 1.997251 0.000000
v -0.287213 1.998370 0.000000
v -0.299890 1.998743 0.000000
v -0.311480 1.998176 0.000000
v -0.323686 1.996473 0.000000
v -0.336508 1.993637 0.000000
v -0.349946 1.989665 0.000000
v -0.364000 1.984559 0.000000
v -0.378670 1.978318 0.000000
v -0.393956 1.970943 0.000000
v -0.409859 1.962433 0.000000
v -0.426376 1.952788 0.000000
v -0.443510 1.942008 0.000000
v -0.461260 1.930094 0.000000
v -0.479626 1.917045 0.000000
v -0.519518 1.886359 0.000000
v -0.555942 1.856549 0.000000
v -0.588896 1.827615 0.000000
v -0.618382 1.799555 0.000000
v -0.644400 1.772371 0.000000
v -0.666947 1.746063 0.000000
v -0.686027 1.720629 0.000000
v -0.701637 1.696071 0.000000
v -0.713778 1.672389 0.000000
v -0.722450 1.649581 0.000000
v -0.727654 1.627649 0.000000
v -0.729388 1.606592 0.000000
v -0.728692 1.592084 0.000000
v -0.726602 1.578127 0.000000
v -0.723117 1.564721 0.000000
v -0.718238 1.551867 0.000000
v -0.711965 1.539564 0.000000
v -0.704297 1.527811 0.000000
v -0.695236 1.516610 0.000000
v -0.684781 1.505960 0.000000
v -0.672932 1.495862 0.000000
v -0.659688 1.486314 0.000000
v -0.645050 1.477317 0.000000
v -0.629016 1.468872 0.000000
v -0.614930 1.462048 0.000000
v -0.601459 1.454802 0.000000
v -0.588605 1.447134 0.000000
v -0.576365 1.439046 0.000000
v -0.564744 1.430535 0.000000
v -0.553737 1.421604 0.000000
v -0.543346 1.412250 0.000000
v -0.533571 1.402476 0.000000
v -0.524413 1.392280 0.000000
v -0.515871 1.381662 0.000000
v -0.507944 1.370623 0.000000
v -0.500633 1.359163 0.000000
v -0.446605 1.271775 0.000000
v -0.393453 1.187013 0.000000
v -0.341176 1.104877 0.000000
v -0.289774 1.025368 0.000000
v -0.239247 0.948484 0.000000
v -0.189597 0.874226 0.000000
v -0.140821 0.802594 0.000000
v -0.092921 0.733588 0.000000
v -0.045897 0.667209 0.000000
v 0.000254 0.603455 0.000000
v 0.045528 0.542327 0.000000
v 0.089927 0.483826 0.000000
v 0.026546 0.437530 0.000000
v -0.031323 0.391235 0.000000
v -0.083682 0.344939 0.000000
v -0.130528 0.298643 0.000000
v -0.171865 0.252348 0.000000
v -0.207688 0.206052 0.000000
v -0.238001 0.159756 0.000000
v -0.262802 0.113461 0.000000
v -0.282093 0.067165 0.000000
v -0.295871 0.020870 0.000000
v -0.304138 -0.025426 0.000000
v -0.306893 -0.071721 0.000000
v -0.306439 -0.087510 0.000000
v -0.305078 -0.102974 0.000000
v -0.302808 -0.118114 0.000000
v -0.299631 -0.132930 0.000000
v -0.295546 -0.147422 0.000000
v -0.290553 -0.161589 0.000000
v -0.284653 -0.175433 0.000000
v -0.277843 -0.188952 0.000000
v -0.270128 -0.202147 0.000000
v -0.261504 -0.215017 0.000000
v -0.251972 -0.227564 0.000000
v -0.241534 -0.239786 0.000000
v -0.231257 -0.250225 0.000000
v -0.220656 -0.259757 0.000000
v -0.209730 -0.268380 0.000000
v -0.198481 -0.276096 0.000000
v -0.186908 -0.282905 0.000000
v -0.175009 -0.288805 0.000000
v -0.162787 -0.293798 0.000000
v -0.150241 -0.297883 0.000000
v -0.137370 -0.301060 0.000000
v -0.124175 -0.303329 0.000000
v -0.110657 -0.304691 0.000000
v -0.096812 -0.305145 0.000000
v -0.077555 -0.304318 0.000000
v -0.058686 -0.301838 0.000000
v -0.040207 -0.297704 0.000000
v -0.022116 -0.291917 0.000000
v -0.004416 -0.284477 0.000000
v 0.012897 -0.275383 0.000000
v 0.029820 -0.264636 0.000000
v 0.046354 -0.252235 0.000000
v 0.062499 -0.238181 0.000000
v 0.078255 -0.222474 0.000000
v 0.093622 -0.205113 0.000000
v 0.108601 -0.186099 0.000000
v 0.139853 -0.141765 0.000000
v 0.169031 -0.100575 0.000000
v 0.196135 -0.062531 0.000000
v 0.221162 -0.027630 0.000000
v 0.244116 0.004125 0.000000
v 0.264995 0.032735 0.000000
v 0.283798 0.058201 0.000000
v 0.300526 0.080522 0.000000
v 0.315180 0.099699 0.000000
v 0.327759 0.115730 0.000000
v 0.338263 0.128617 0.000000
v 0.346692 0.138359 0.000000
v 0.502874 -0.030516 0.000000
v 0.661748 -0.190119 0.000000
v 0.823313 -0.340450 0.000000
v 0.987569 -0.481509 0.000000
v 1.154515 -0.613296 0.000000
v 1.324152 -0.735811 0.000000
v 1.496480 -0.849054 0.000000
v 1.671498 -0.953025 0.000000
v 1.849209 -1.047723 0.000000
v 2.029609 -1.133150 0.000000
v 2.212701 -1.209304 -0.000000
v 2.398482 -1.276186 -0.000000
v 2.410461 -1.279169 -0.000000
v 2.421500 -1.281892 -0.000000
v 2.431599 -1.284356 -0.000000
v 2.440758 -1.286561 -0.000000
v 2.448976 -1.288506 -0.000000
v 2.456254 -1.290192 -0.000000
v 2.462592 -1.291618 -0.000000
v 2.467990 -1.292785 -0.000000
v 2.472447 -1.293693 -0.000000
v 2.475965 -1.294341 -0.000000
v 2.478543 -1.294730 -0.000000
v 2.480180 -1.294860 -0.000000
v 2.487637 -1.294568 -0.000000
v 2.494445 -1.293693 -0.000000
v 2.500605 -1.292234 -0.000000
v 2.506116 -1.290192 -0.000000
v 2.510980 -1.287566 -0.000000
v 2.515194 -1.284356 -0.000000
v 2.518760 -1.280563 -0.000000
v 2.521678 -1.276186 -0.000000
v 2.523947 -1.271226 -0.000000
v 2.525568 -1.265682 -0.000000
v 2.526541 -1.259555 -0.000000
v 2.526865 -1.252844 -0.000000
v 2.526460 -1.247025 -0.000000
v 2.525245 -1.241238 -0.000000
v 2.523218 -1.235483 -0.000000
v 2.520381 -1.229761 -0.000000
v 2.516733 -1.224071 -0.000000
v 2.512276 -1.218414 -0.000000
v 2.507008 -1.212789 -0.000000
v 2.500929 -1.207197 -0.000000
v 2.494040 -1.201637 -0.000000
v 2.486341 -1.196109 -0.000000
v 2.477830 -1.190614 -0.000000
v 2.468510 -1.185151 -0.000000
v 2.370910 -1.125563 0.000000
v 2.276520 -1.066624 0.000000
v 2.185338 -1.008333 0.000000
v 2.097366 -0.950690 0.000000
v 2.012605 -0.893696 0.000000
v 1.931052 -0.837350 0.000000
v 1.852710 -0.781653 0.000000
v 1.777576 -0.726604 0.000000
v 1.705654 -0.672203 0.000000
v 1.636940 -0.618451 0.000000
v 1.571436 -0.565347 0.000000
v 1.509140 -0.512892 0.000000
v 1.436698 -0.450159 0.000000
v 1.364094 -0.384898 0.000000
v 1.291327 -0.317108 0.000000
v 1.218399 -0.246789 0.000000
v 1.145308 -0.173942 0.000000
v 1.072055 -0.098565 0.000000
v 0.998640 -0.020661 0.000000
v 0.925063 0.059773 0.000000
v 0.851324 0.142736 0.000000
v 0.777424 0.228227 0.000000
v 0.703361 0.316247 0.000000
v 0.629135 0.406796 0.000000
v 0.664521 0.436752 0.000000
v 0.701432 0.466708 0.000000
v 0.739866 0.496664 0.000000
v 0.779823 0.526620 0.000000
v 0.821304 0.556576 0.000000
v 0.864309 0.586532 0.000000
v 0.908838 0.616488 0.000000
v 0.954890 0.646444 0.000000
v 1.002467 0.676400 0.000000
v 1.051567 0.706356 0.000000
v 1.102191 0.736312 0.000000
v 1.154338 0.766268 0.000000
v 1.165895 0.773108 0.000000
v 1.176448 0.779625 0.000000
v 1.185996 0.785817 0.000000
v 1.194539 0.791685 0.000000
v 1.202076 0.797229 0.000000
v 1.208609 0.802448 0.000000
v 1.214136 0.807344 0.000000
v 1.218659 0.811915 0.000000
v 1.222177 0.816162 0.000000
v 1.224689 0.820085 0.000000
v 1.226196 0.823683 0.000000
v 1.226699 0.826958 0.000000
v 1.226342 0.834041 0.000000
v 1.225271 0.840509 0.000000
v 1.223488 0.846361 0.000000
v 1.220992 0.851597 0.000000
v 1.217782 0.856217 0.000000
v 1.213860 0.860220 0.000000
v 1.209223 0.863608 0.000000
v 1.203874 0.866380 0.000000
v 1.197812 0.868536 0.000000
v 1.191036 0.870076 0.000000
v 1.183548 0.871000 0.000000
v 1.175346 0.871308 0.000000
v 1.174163 0.871308 0.000000
v 1.172947 0.871308 0.000000
v 1.171699 0.871308 0.000000
v 1.170417 0.871308 0.000000
v 1.169105 0.871308 0.000000
v 1.167759 0.871308 0.000000
v 1.166381 0.871308 0.000000
v 1.164970 0.871308 0.000000
v 1.163527 0.871308 0.000000
v 1.162052 0.871308 0.000000
v 1.160545 0.871308 0.000000
v 1.159006 0.871308 0.000000
v 1.146086 0.869379 0.000000
v 1.133783 0.867483 0.000000
v 1.122095 0.865619 0.000000
v 1.111025 0.863787 0.000000
v 1.100569 0.861987 0.000000
v 1.090730 0.860221 0.000000
v 1.081506 0.858486 0.000000
v 1.072899 0.856784 0.000000
v 1.064907 0.855114 0.000000
v 1.057532 0.853477 0.000000
v 1.050773 0.851872 0.000000
v 1.044629 0.850300 0.000000
v 0.998302 0.842665 0.000000
v 0.951131 0.833766 0.000000
v 0.903117 0.823602 0.000000
v 0.854260 0.812174 0.000000
v 0.804562 0.799482 0.000000
v 0.754019 0.785525 0.000000
v 0.702634 0.770304 0.000000
v 0.650406 0.753819 0.000000
v 0.597335 0.736069 0.000000
v 0.543421 0.717054 0.000000
v 0.488665 0.696776 0.000000
v 0.433060 0.675233 0.000000
v 0.386796 0.739684 0.000000
v 0.340597 0.806209 0.000000
v 0.294464 0.874810 0.000000
v 0.248395 0.945485 0.000000
v 0.202391 1.018236 0.000000
v 0.156451 1.093061 0.000000
v 0.110578 1.169961 0.000000
v 0.064768 1.248936 0.000000
v 0.019023 1.329985 0.000000
v -0.026656 1.413110 0.000000
v -0.072271 1.498309 0.000000
v -0.117820 1.585584 0.000000
v -0.120056 1.589539 0.000000
v -0.122099 1.593624 0.000000
v -0.123947 1.597839 0.000000
v -0.125601 1.602183 0.000000
v -0.127059 1.606657 0.000000
v -0.128324 1.611260 0.000000
v -0.129394 1.615994 0.000000
v -0.130269 1.620857 0.000000
v -0.130950 1.625849 0.000000
v -0.131435 1.630972 0.000000
v -0.131727 1.636224 0.000000
v -0.131824 1.641605 0.000000
v -0.131614 1.644215 0.000000
v -0.130982 1.646598 0.000000
v -0.129929 1.648754 0.000000
v -0.128453 1.650683 0.000000
v -0.126556 1.652385 0.000000
v -0.124239 1.653860 0.000000
v -0.121499 1.655108 0.000000
v -0.118339 1.656129 0.000000
v -0.114756 1.656924 0.000000
v -0.110752 1.657491 0.000000
v -0.106327 1.657832 0.000000
v -0.101480 1.657945 0.000000
v -0.099923 1.657945 0.000000
v -0.098367 1.657945 0.000000
v -0.096811 1.657945 0.000000
v -0.095255 1.657945 0.000000
v -0.093699 1.657945 0.000000
v -0.092143 1.657945 0.000000
v -0.090587 1.657945 0.000000
v -0.089030 1.657945 0.000000
v -0.087475 1.657945 0.000000
v -0.085918 1.657945 0.000000
v -0.084363 1.657945 0.000000
v -0.082807 1.657945 0.000000
v -0.065008 1.655124 0.000000
v -0.046626 1.652109 0.000000
v -0.027660 1.648900 0.000000
v -0.008112 1.645496 0.000000
v 0.012022 1.641897 0.000000
v 0.032738 1.638104 0.000000
v 0.054038 1.634116 0.000000
v 0.075922 1.629934 0.000000
v 0.098389 1.625557 0.000000
v 0.121439 1.620986 0.000000
v 0.145073 1.616221 0.000000
v 0.169291 1.611260 0.000000
v 0.195551 1.605635 0.000000
v 0.219866 1.600432 0.000000
v 0.242236 1.595650 0.000000
v 0.262661 1.591290 0.000000
v 0.281140 1.587351 0.000000
v 0.297674 1.583833 0.000000
v 0.312263 1.580737 0.000000
v 0.324907 1.578063 0.000000
v 0.335606 1.575810 0.000000
v 0.344358 1.573978 0.000000
v 0.351167 1.572568 0.000000
v 0.356030 1.571578 0.000000
v 0.385468 1.566358 0.000000
v 0.413090 1.561593 0.000000
v 0.438895 1.557281 0.000000
v 0.462886 1.553423 0.000000
v 0.485062 1.550019 0.000000
v 0.505421 1.547069 0.000000
v 0.523965 1.544572 0.000000
v 0.540693 1.542530 0.000000
v 0.555606 1.540942 0.000000
v 0.568704 1.539807 0.000000
v 0.579985 1.539126 0.000000
v 0.589453 1.538899 0.000000
v 0.607560 1.539304 0.000000
v 0.626088 1.540520 0.000000
v 0.645039 1.542546 0.000000
v 0.664410 1.545383 0.000000
v 0.684202 1.549030 0.000000
v 0.704416 1.553488 0.000000
v 0.725052 1.558756 0.000000
v 0.746109 1.564835 0.000000
v 0.767588 1.571724 0.000000
v 0.789488 1.579424 0.000000
v 0.811809 1.587934 0.000000
v 0.834548 1.597254 0.000000
v 0.901673 1.506398 0.000000
v 0.967664 1.419010 0.000000
v 1.032520 1.335091 0.000000
v 1.096241 1.254641 0.000000
v 1.158828 1.177660 0.000000
v 1.220281 1.104148 0.000000
v 1.280598 1.034105 0.000000
v 1.339780 0.967530 0.000000
v 1.397827 0.904425 0.000000
v 1.454741 0.844788 0.000000
v 1.510519 0.788621 0.000000
v 1.565163 0.735922 0.000000
v 1.626777 0.679755 0.000000
v 1.687126 0.626408 0.000000
v 1.746212 0.575882 0.000000
v 1.804033 0.528176 0.000000
v 1.860590 0.483290 0.000000
v 1.915882 0.441226 0.000000
v 1.969910 0.401981 0.000000
v 2.022674 0.365557 0.000000
v 2.074173 0.331954 0.000000
v 2.124408 0.301172 0.000000
v 2.173378 0.273209 0.000000
v 2.221081 0.248068 0.000000
v 2.228667 0.244339 0.000000
v 2.235864 0.240935 0.000000
v 2.242673 0.237855 0.000000
v 2.249092 0.235100 0.000000
v 2.255122 0.232668 0.000000
v 2.260763 0.230561 0.000000
v 2.266014 0.228778 0.000000
v 2.270878 0.227319 0.000000
v 2.275352 0.226184 0.000000
v 2.279436 0.225374 0.000000
v 2.283132 0.224887 0.000000
v 2.286439 0.224725 0.000000
v 2.295014 0.225017 0.000000
v 2.302844 0.225892 0.000000
v 2.309928 0.227351 0.000000
v 2.316266 0.229394 0.000000
v 2.321858 0.232020 0.000000
v 2.326705 0.235229 0.000000
v 2.330806 0.239022 0.000000
v 2.334161 0.243399 0.000000
v 2.336771 0.248359 0.000000
v 2.338635 0.253903 0.000000
v 2.339753 0.260031 0.000000
v 2.340127 0.266741 0.000000
v 2.339868 0.271102 0.000000
v 2.339088 0.275625 0.000000
v 2.337792 0.280309 0.000000
v 2.335977 0.285156 0.000000
v 2.333643 0.290165 0.000000
v 2.330791 0.295336 0.000000
v 2.327419 0.300669 0.000000
v 2.323528 0.306164 0.000000
v 2.319118 0.311821 0.000000
v 2.314191 0.317641 0.000000
v 2.308744 0.323622 0.000000
v 2.302779 0.329766 0.000000
v 2.253274 0.380503 0.000000
v 2.204352 0.431564 0.000000
v 2.156014 0.482950 0.000000
v 2.108260 0.534660 0.000000
v 2.061090 0.586694 0.000000
v 2.014503 0.639052 0.000000
v 1.968498 0.691734 0.000000
v 1.923078 0.744741 0.000000
v 1.878241 0.798072 0.000000
v 1.833987 0.851726 0.000000
v 1.790318 0.905706 0.000000
v 1.747232 0.960009 0.000000
v 1.696219 1.027345 0.000000
v 1.646666 1.093968 0.000000
v 1.598571 1.159877 0.000000
v 1.551935 1.225074 0.000000
v 1.506758 1.289557 0.000000
v 1.463039 1.353327 0.000000
v 1.420780 1.416384 0.000000
v 1.379980 1.478727 0.000000
v 1.340639 1.540358 0.000000
v 1.302755 1.601275 0.000000
v 1.266332 1.661478 0.000000
v 1.231367 1.720969 0.000000
v 1.197813 1.778433 0.000000
v 1.167175 1.832558 0.000000
v 1.139456 1.883344 0.000000
v 1.114655 1.930790 0.000000
v 1.092772 1.974898 0.000000
v 1.073806 2.015666 0.000000
v 1.057758 2.053094 0.000000
v 1.044628 2.087184 0.000000
v 1.034415 2.117934 0.000000
v 1.027121 2.145345 0.000000
v 1.022744 2.169417 0.000000
v 1.021286 2.190149 0.000000
v 1.021513 2.197833 0.000000
v 1.022194 2.205322 0.000000
v 1.023329 2.212616 0.000000
v 1.024918 2.219717 0.000000
v 1.026960 2.226622 0.000000
v 1.029456 2.233333 0.000000
v 1.032407 2.239849 0.000000
v 1.035810 2.246171 0.000000
v 1.039668 2.252298 0.000000
v 1.043981 2.258231 0.000000
v 1.048746 2.263970 0.000000
v 1.053966 2.269514 0.000000
v 1.066869 2.282125 0.000000
v 1.079902 2.294282 0.000000
v 1.093064 2.305986 0.000000
v 1.106357 2.317236 0.000000
v 1.119779 2.328032 0.000000
v 1.133330 2.338374 0.000000
v 1.147012 2.348262 0.000000
v 1.160822 2.357696 0.000000
v 1.174763 2.366676 0.000000
v 1.188832 2.375203 0.000000
v 1.203032 2.383275 0.000000
v 1.217361 2.390893 0.000000
v 1.224818 2.395140 0.000000
v 1.231627 2.399323 0.000000
v 1.237786 2.403440 0.000000
v 1.243298 2.407492 0.000000
v 1.248160 2.411480 0.000000
v 1.252376 2.415403 0.000000
v 1.255941 2.419261 0.000000
v 1.258859 2.423054 0.000000
v 1.261128 2.426782 0.000000
v 1.262750 2.430446 0.000000
v 1.263722 2.434044 0.000000
v 1.264047 2.437578 0.000000
v 1.263625 2.442246 0.000000
v 1.262361 2.446915 0.000000
v 1.260253 2.451583 0.000000
v 1.257303 2.456252 0.000000
v 1.253510 2.460920 0.000000
v 1.248874 2.465589 0.000000
v 1.243395 2.470257 0.000000
v 1.237073 2.474926 0.000000
v 1.229909 2.479594 0.000000
v 1.221901 2.484262 0.000000
v 1.213051 2.488931 0.000000
v 1.203356 2.493600 0.000000
v 1.194829 2.497701 0.000000
v 1.186368 2.501445 0.000000
v 1.177971 2.504833 0.000000
v 1.169640 2.507864 0.000000
v 1.161372 2.510539 0.000000
v 1.153171 2.512857 0.000000
v 1.145034 2.514819 0.000000
v 1.136960 2.516423 0.000000
v 1.128953 2.517672 0.000000
v 1.121010 2.518563 0.000000
v 1.113132 2.519098 0.000000
v 1.105318 2.519276 0.000000
v 1.074519 2.518288 0.000000
v 1.042812 2.515321 0.000000
v 1.010199 2.510377 0.000000
v 0.976676 2.503455 0.000000
v 0.942246 2.494556 0.000000
v 0.906909 2.483679 0.000000
v 0.870665 2.470825 0.000000
v 0.833511 2.455993 0.000000
v 0.795450 2.439183 0.000000
v 0.756481 2.420395 0.000000
v 0.716605 2.399631 0.000000
v 0.675820 2.376888 0.000000
v 0.639282 2.354859 0.000000
v 0.605922 2.333121 0.000000
v 0.575739 2.311676 0.000000
v 0.548733 2.290522 0.000000
v 0.524904 2.269660 0.000000
v 0.504253 2.249089 0.000000
v 0.486778 2.228810 0.000000
v 0.472481 2.208824 0.000000
v 0.461362 2.189128 0.000000
v 0.453418 2.169725 0.000000
v 0.448652 2.150614 0.000000
v 0.447065 2.131794 0.000000
v 0.447568 2.115503 0.000000
v 0.449075 2.100087 0.000000
v 0.451587 2.085547 0.000000
v 0.455105 2.071882 0.000000
v 0.459628 2.059092 0.000000
v 0.465156 2.047178 0.000000
v 0.471688 2.036139 0.000000
v 0.479225 2.025975 0.000000
v 0.487767 2.016686 0.000000
v 0.497315 2.008274 0.000000
v 0.507869 2.000736 0.000000
v 0.519426 1.994074 0.000000
v 0.531178 1.986763 0.000000
v 0.542315 1.979615 0.000000
v 0.552835 1.972628 0.000000
v 0.562738 1.965804 0.000000
v 0.572027 1.959142 0.000000
v 0.580699 1.952642 0.000000
v 0.588756 1.946303 0.000000
v 0.596195 1.940127 0.000000
v 0.603020 1.934114 0.000000
v 0.609228 1.928262 0.000000
v 0.614820 1.922572 0.000000
v 0.619798 1.917045 0.000000
v 0.624093 1.911306 0.000000
v 0.629199 1.904206 0.000000
v 0.635117 1.895744 0.000000
v 0.641843 1.885921 0.000000
v 0.649381 1.874736 0.000000
v 0.657728 1.862190 0.000000
v 0.666887 1.848282 0.000000
v 0.676857 1.833012 0.000000
v 0.687636 1.816381 0.000000
v 0.699226 1.798387 0.000000
v 0.711627 1.779033 0.000000
v 4.616004 2.213490 0.000000
v 4.588415 2.215954 0.000000
v 4.562447 2.218678 0.000000
v 4.538099 2.221661 0.000000
v 4.515373 2.224902 0.000000
v 4.494268 2.228404 0.000000
v 4.474784 2.232164 0.000000
v 4.456921 2.236185 0.000000
v 4.440679 2.240464 0.000000
v 4.426057 2.245003 0.000000
v 4.413056 2.249801 0.000000
v 4.401677 2.254858 0.000000
v 4.391917 2.260175 0.000000
v 4.373763 2.270987 0.000000
v 4.356646 2.280859 0.000000
v 4.340565 2.289791 0.000000
v 4.325522 2.297782 0.000000
v 4.311517 2.304834 0.000000
v 4.298549 2.310945 0.000000
v 4.286618 2.316116 0.000000
v 4.275725 2.320347 0.000000
v 4.265870 2.323637 0.000000
v 4.257051 2.325988 0.000000
v 4.249270 2.327398 0.000000
v 4.242527 2.327868 0.000000
v 4.222054 2.326571 0.000000
v 4.200316 2.322681 0.000000
v 4.177314 2.316197 0.000000
v 4.153047 2.307119 0.000000
v 4.127516 2.295448 0.000000
v 4.100720 2.281183 0.000000
v 4.072660 2.264325 0.000000
v 4.043336 2.244873 0.000000
v 4.012748 2.222827 0.000000
v 3.980895 2.198188 0.000000
v 3.947778 2.170956 0.000000
v 3.913400 2.141129 0.000000
v 3.892797 2.120511 0.000000
v 3.873783 2.101448 0.000000
v 3.856358 2.083941 0.000000
v 3.840521 2.067990 0.000000
v 3.826272 2.053596 0.000000
v 3.813612 2.040758 0.000000
v 3.802541 2.029475 0.000000
v 3.793058 2.019750 0.000000
v 3.785164 2.011580 0.000000
v 3.778858 2.004966 0.000000
v 3.774141 1.999909 0.000000
v 3.771011 1.996407 0.000000
v 3.760945 1.982807 0.000000
v 3.751755 1.969239 0.000000
v 3.743439 1.955704 0.000000
v 3.735999 1.942201 0.000000
v 3.729434 1.928731 0.000000
v 3.723744 1.915293 0.000000
v 3.718930 1.901887 0.000000
v 3.714991 1.888514 0.000000
v 3.711927 1.875173 0.000000
v 3.709739 1.861865 0.000000
v 3.708426 1.848589 0.000000
v 3.707988 1.835345 0.000000
v 3.709252 1.816558 0.000000
v 3.713045 1.799100 0.000000
v 3.719367 1.782971 0.000000
v 3.728218 1.768171 0.000000
v 3.739597 1.754701 0.000000
v 3.753505 1.742560 0.000000
v 3.769941 1.731748 0.000000
v 3.788907 1.722265 0.000000
v 3.810401 1.714111 0.000000
v 3.834424 1.707287 0.000000
v 3.860975 1.701792 0.000000
v 3.890058 1.697626 0.000000
v 3.911196 1.694302 0.000000
v 3.932593 1.689780 0.000000
v 3.954249 1.684058 0.000000
v 3.976165 1.677136 0.000000
v 3.998341 1.669015 0.000000
v 4.020775 1.659694 0.000000
v 4.043468 1.649174 0.000000
v 4.066422 1.637454 0.000000
v 4.089635 1.624535 0.000000
v 4.113107 1.610416 0.000000
v 4.136838 1.595097 0.000000
v 4.160829 1.578580 0.000000
v 4.242250 1.523903 0.000000
v 4.325457 1.469584 0.000000
v 4.410446 1.415621 0.000000
v 4.497217 1.362014 0.000000
v 4.585773 1.308765 0.000000
v 4.676110 1.255872 0.000000
v 4.768232 1.203335 0.000000
v 4.862136 1.151155 0.000000
v 4.957823 1.099332 0.000000
v 5.055294 1.047865 0.000000
v 5.154547 0.996755 0.000000
v 5.255583 0.946002 0.000000
v 5.275473 0.844204 0.000000
v 5.296238 0.745777 0.000000
v 5.317879 0.650722 0.000000
v 5.340394 0.559038 0.000000
v 5.363785 0.470726 0.000000
v 5.388052 0.385786 0.000000
v 5.413193 0.304218 0.000000
v 5.439210 0.226021 0.000000
v 5.466103 0.151196 0.000000
v 5.493870 0.079742 0.000000
v 5.522513 0.011660 0.000000
v 5.552031 -0.053049 0.000000
v 5.585164 -0.119835 0.000000
v 5.619983 -0.185582 0.000000
v 5.656488 -0.250292 0.000000
v 5.694679 -0.313965 0.000000
v 5.734556 -0.376600 0.000000
v 5.776118 -0.438198 0.000000
v 5.819366 -0.498758 0.000000
v 5.864300 -0.558281 0.000000
v 5.910920 -0.616767 0.000000
v 5.959226 -0.674215 0.000000
v 6.009217 -0.730625 0.000000
v 6.060893 -0.785999 0.000000
v 6.110625 -0.836412 0.000000
v 6.161005 -0.884944 0.000000
v 6.212035 -0.931596 0.000000
v 6.263712 -0.976368 0.000000
v 6.316038 -1.019260 0.000000
v 6.369011 -1.060271 0.000000
v 6.422634 -1.099402 0.000000
v 6.476905 -1.136652 0.000000
v 6.531824 -1.172023 0.000000
v 6.587392 -1.205512 -0.000000
v 6.643609 -1.237122 -0.000000
v 6.700473 -1.266851 -0.000000
v 6.717591 -1.275053 -0.000000
v 6.733930 -1.282542 -0.000000
v 6.749492 -1.289318 -0.000000
v 6.764276 -1.295380 -0.000000
v 6.778281 -1.300730 -0.000000
v 6.791509 -1.305366 -0.000000
v 6.803957 -1.309288 -0.000000
v 6.815629 -1.312498 -0.000000
v 6.826521 -1.314994 -0.000000
v 6.836636 -1.316777 -0.000000
v 6.845973 -1.317847 -0.000000
v 6.854532 -1.318204 -0.000000
v 6.860497 -1.317912 -0.000000
v 6.865944 -1.317037 -0.000000
v 6.870872 -1.315578 -0.000000
v 6.875281 -1.313535 -0.000000
v 6.879171 -1.310909 -0.000000
v 6.882543 -1.307700 -0.000000
v 6.885396 -1.303907 -0.000000
v 6.887730 -1.299530 -0.000000
v 6.889546 -1.294570 -0.000000
v 6.890842 -1.289026 -0.000000
v 6.891620 -1.282899 -0.000000
v 6.891880 -1.276188 -0.000000
v 6.891377 -1.272054 -0.000000
v 6.889870 -1.267434 -0.000000
v 6.887357 -1.262328 -0.000000
v 6.883840 -1.256736 -0.000000
v 6.879317 -1.250657 -0.000000
v 6.873789 -1.244092 -0.000000
v 6.867257 -1.237041 -0.000000
v 6.859720 -1.229503 -0.000000
v 6.851177 -1.221479 -0.000000
v 6.841629 -1.212969 -0.000000
v 6.831077 -1.203972 -0.000000
v 6.819519 -1.194490 -0.000000
v 6.727722 -1.111413 0.000000
v 6.639070 -1.024026 0.000000
v 6.553562 -0.932326 0.000000
v 6.471200 -0.836314 0.000000
v 6.391982 -0.735991 0.000000
v 6.315908 -0.631356 0.000000
v 6.242980 -0.522409 0.000000
v 6.173196 -0.409150 0.000000
v 6.106557 -0.291579 0.000000
v 6.043063 -0.169696 0.000000
v 5.982713 -0.043502 0.000000
v 5.925508 0.087004 0.000000
v 5.889717 0.173371 0.000000
v 5.857038 0.259738 0.000000
v 5.827470 0.346104 0.000000
v 5.801016 0.432471 0.000000
v 5.777673 0.518837 0.000000
v 5.757443 0.605204 0.000000
v 5.740325 0.691570 0.000000
v 5.726320 0.777937 0.000000
v 5.715427 0.864303 0.000000
v 5.707646 0.950670 0.000000
v 5.702978 1.037037 0.000000
v 5.701422 1.123404 0.000000
v 5.701422 1.179425 0.000000
v 5.701519 1.190156 0.000000
v 5.701811 1.200563 0.000000
v 5.702297 1.210646 0.000000
v 5.702978 1.220404 0.000000
v 5.703854 1.229838 0.000000
v 5.704923 1.238948 0.000000
v 5.706188 1.247734 0.000000
v 5.707647 1.256196 0.000000
v 5.709300 1.264333 0.000000
v 5.711148 1.272146 0.000000
v 5.713191 1.279635 0.000000
v 5.715427 1.286800 0.000000
v 5.721068 1.298909 0.000000
v 5.729433 1.310337 0.000000
v 5.740520 1.321084 0.000000
v 5.754331 1.331150 0.000000
v 5.770865 1.340536 0.000000
v 5.790123 1.349240 0.000000
v 5.812103 1.357264 0.000000
v 5.836807 1.364607 0.000000
v 5.864234 1.371270 0.000000
v 5.894385 1.377251 0.000000
v 5.927258 1.382552 0.000000
v 5.962856 1.387172 0.000000
v 5.972923 1.388533 0.000000
v 5.982114 1.390284 0.000000
v 5.990430 1.392424 0.000000
v 5.997870 1.394952 0.000000
v 6.004436 1.397870 0.000000
v 6.010125 1.401177 0.000000
v 6.014939 1.404873 0.000000
v 6.018878 1.408958 0.000000
v 6.021942 1.413432 0.000000
v 6.024130 1.418295 0.000000
v 6.025444 1.423547 0.000000
v 6.025881 1.429188 0.000000
v 6.025249 1.436385 0.000000
v 6.023352 1.443971 0.000000
v 6.020191 1.451947 0.000000
v 6.015766 1.460311 0.000000
v 6.010076 1.469064 0.000000
v 6.003122 1.478207 0.000000
v 5.994904 1.487738 0.000000
v 5.985421 1.497659 0.000000
v 5.974674 1.507968 0.000000
v 5.962663 1.518667 0.000000
v 5.949387 1.529755 0.000000
v 5.934846 1.541231 0.000000
v 5.923110 1.548688 0.000000
v 5.910466 1.555496 0.000000
v 5.896915 1.561656 0.000000
v 5.882456 1.567167 0.000000
v 5.867089 1.572030 0.000000
v 5.850814 1.576245 0.000000
v 5.833632 1.579811 0.000000
v 5.815541 1.582729 0.000000
v 5.796543 1.584998 0.000000
v 5.776637 1.586619 0.000000
v 5.755824 1.587592 0.000000
v 5.734101 1.587916 0.000000
v 5.679847 1.587414 0.000000
v 5.628348 1.585906 0.000000
v 5.579605 1.583393 0.000000
v 5.533617 1.579876 0.000000
v 5.490385 1.575354 0.000000
v 5.449909 1.569826 0.000000
v 5.412189 1.563293 0.000000
v 5.377223 1.555755 0.000000
v 5.345015 1.547213 0.000000
v 5.315561 1.537665 0.000000
v 5.288863 1.527113 0.000000
v 5.264921 1.515555 0.000000
v 5.250381 1.508276 0.000000
v 5.237105 1.500447 0.000000
v 5.225093 1.492067 0.000000
v 5.214346 1.483135 0.000000
v 5.204864 1.473652 0.000000
v 5.196645 1.463618 0.000000
v 5.189691 1.453033 0.000000
v 5.184001 1.441897 0.000000
v 5.179576 1.430210 0.000000
v 5.176415 1.417971 0.000000
v 5.174519 1.405181 0.000000
v 5.173886 1.391841 0.000000
v 5.173983 1.385989 0.000000
v 5.174274 1.380104 0.000000
v 5.174761 1.374188 0.000000
v 5.175442 1.368239 0.000000
v 5.176317 1.362257 0.000000
v 5.177387 1.356243 0.000000
v 5.178651 1.350197 0.000000
v 5.180110 1.344118 0.000000
v 5.181764 1.338007 0.000000
v 5.183611 1.331864 0.000000
v 5.185654 1.325688 0.000000
v 5.187891 1.319479 0.000000
v 5.193192 1.309915 0.000000
v 5.198200 1.299120 0.000000
v 5.202917 1.287092 0.000000
v 5.207343 1.273832 0.000000
v 5.211476 1.259340 0.000000
v 5.215318 1.243617 0.000000
v 5.218868 1.226661 0.000000
v 5.222126 1.208474 0.000000
v 5.225092 1.189054 0.000000
v 5.227767 1.168403 0.000000
v 5.230150 1.146519 0.000000
v 5.232242 1.123404 0.000000
v 5.181991 1.162437 0.000000
v 5.129276 1.205621 0.000000
v 5.074097 1.252954 0.000000
v 5.016454 1.304437 0.000000
v 4.956348 1.360069 0.000000
v 4.893777 1.419852 0.000000
v 4.828743 1.483784 0.000000
v 4.761245 1.551865 0.000000
v 4.691283 1.624097 0.000000
v 4.618856 1.700478 0.000000
v 4.543966 1.781009 0.000000
v 4.466614 1.865690 0.000000
v 4.461394 1.871574 0.000000
v 4.456628 1.877556 0.000000
v 4.452316 1.883634 0.000000
v 4.448459 1.889810 0.000000
v 4.445055 1.896083 0.000000
v 4.442104 1.902454 0.000000
v 4.439608 1.908922 0.000000
v 4.437565 1.915487 0.000000
v 4.435977 1.922149 0.000000
v 4.434842 1.928909 0.000000
v 4.434161 1.935766 0.000000
v 4.433934 1.942720 0.000000
v 4.434291 1.946075 0.000000
v 4.435361 1.949139 0.000000
v 4.437144 1.951911 0.000000
v 4.439641 1.954391 0.000000
v 4.442851 1.956579 0.000000
v 4.446774 1.958475 0.000000
v 4.451409 1.960081 0.000000
v 4.456758 1.961393 0.000000
v 4.462821 1.962414 0.000000
v 4.469597 1.963144 0.000000
v 4.477085 1.963581 0.000000
v 4.485287 1.963728 0.000000
v 4.487702 1.963712 0.000000
v 4.490280 1.963663 0.000000
v 4.493019 1.963582 0.000000
v 4.495921 1.963469 0.000000
v 4.498984 1.963323 0.000000
v 4.502210 1.963144 0.000000
v 4.505598 1.962934 0.000000
v 4.509148 1.962690 0.000000
v 4.512860 1.962415 0.000000
v 4.516734 1.962107 0.000000
v 4.520771 1.961766 0.000000
v 4.524969 1.961393 0.000000
v 4.625033 1.953483 0.000000
v 4.718256 1.946091 0.000000
v 4.804639 1.939218 0.000000
v 4.884181 1.932864 0.000000
v 4.956883 1.927029 0.000000
v 5.022744 1.921711 0.000000
v 5.081765 1.916913 0.000000
v 5.133944 1.912634 0.000000
v 5.179284 1.908873 0.000000
v 5.217782 1.905631 0.000000
v 5.249441 1.902908 0.000000
v 5.274258 1.900703 0.000000
v 5.354642 1.892777 0.000000
v 5.433958 1.884558 0.000000
v 5.512203 1.876048 0.000000
v 5.589379 1.867246 0.000000
v 5.665484 1.858152 0.000000
v 5.740520 1.848767 0.000000
v 5.814487 1.839089 0.000000
v 5.887383 1.829120 0.000000
v 5.959209 1.818859 0.000000
v 6.029965 1.808306 0.000000
v 6.099652 1.797462 0.000000
v 6.168269 1.786326 0.000000
v 6.237939 1.773990 0.000000
v 6.303006 1.761881 0.000000
v 6.363469 1.749999 0.000000
v 6.419329 1.738344 0.000000
v 6.470584 1.726916 0.000000
v 6.517237 1.715715 0.000000
v 6.559286 1.704741 0.000000
v 6.596731 1.693993 0.000000
v 6.629571 1.683473 0.000000
v 6.657810 1.673180 0.000000
v 6.681444 1.663113 0.000000
v 6.700474 1.653274 0.000000
v 6.718807 1.642835 0.000000
v 6.736460 1.633303 0.000000
v 6.753432 1.624680 0.000000
v 6.769722 1.616964 0.000000
v 6.785333 1.610155 0.000000
v 6.800262 1.604255 0.000000
v 6.814511 1.599263 0.000000
v 6.828078 1.595178 0.000000
v 6.840965 1.592001 0.000000
v 6.853171 1.589731 0.000000
v 6.864697 1.588369 0.000000
v 6.875541 1.587916 0.000000
v 6.900958 1.589375 0.000000
v 6.926635 1.593751 0.000000
v 6.952570 1.601046 0.000000
v 6.978766 1.611258 0.000000
v 7.005220 1.624388 0.000000
v 7.031935 1.640436 0.000000
v 7.058908 1.659402 0.000000
v 7.086141 1.681285 0.000000
v 7.113633 1.706086 0.000000
v 7.141384 1.733805 0.000000
v 7.169395 1.764442 0.000000
v 7.197665 1.797997 0.000000
v 7.219663 1.827644 0.000000
v 7.239747 1.856676 0.000000
v 7.257918 1.885092 0.000000
v 7.274176 1.912892 0.000000
v 7.288522 1.940076 0.000000
v 7.300955 1.966644 0.000000
v 7.311475 1.992597 0.000000
v 7.320083 2.017933 0.000000
v 7.326777 2.042653 0.000000
v 7.331559 2.066757 0.000000
v 7.334429 2.090245 0.000000
v 7.335385 2.113118 0.000000
v 7.335012 2.134369 0.000000
v 7.333894 2.153772 0.000000
v 7.332030 2.171328 0.000000
v 7.329420 2.187035 0.000000
v 7.326065 2.200894 0.000000
v 7.321963 2.212906 0.000000
v 7.317116 2.223070 0.000000
v 7.311524 2.231385 0.000000
v 7.305186 2.237853 0.000000
v 7.298102 2.242473 0.000000
v 7.290273 2.245245 0.000000
v 7.281698 2.246169 0.000000
v 7.277905 2.245780 0.000000
v 7.273528 2.244613 0.000000
v 7.268568 2.242668 0.000000
v 7.263024 2.239944 0.000000
v 7.256896 2.236443 0.000000
v 7.250185 2.232163 0.000000
v 7.242891 2.227106 0.000000
v 7.235013 2.221271 0.000000
v 7.226552 2.214657 0.000000
v 7.217506 2.207265 0.000000
v 7.207878 2.199095 0.000000
v 7.197665 2.190147 0.000000
v 7.178262 2.172803 0.000000
v 7.159734 2.156560 0.000000
v 7.142081 2.141420 0.000000
v 7.125304 2.127383 0.000000
v 7.109402 2.114447 0.000000
v 7.094376 2.102614 0.000000
v 7.080224 2.091883 0.000000
v 7.066948 2.082254 0.000000
v 7.054548 2.073728 0.000000
v 7.043023 2.066303 0.000000
v 7.032372 2.059981 0.000000
v 7.022598 2.054762 0.000000
v 7.012726 2.050288 0.000000
v 7.002562 2.046204 0.000000
v 6.992107 2.042508 0.000000
v 6.981359 2.039201 0.000000
v 6.970321 2.036283 0.000000
v 6.958990 2.033754 0.000000
v 6.947367 2.031615 0.000000
v 6.935453 2.029864 0.000000
v 6.923247 2.028502 0.000000
v 6.910749 2.027530 0.000000
v 6.897960 2.026946 0.000000
v 6.884878 2.026752 0.000000
v 6.862379 2.026946 0.000000
v 6.837675 2.027530 0.000000
v 6.810766 2.028502 0.000000
v 6.781653 2.029864 0.000000
v 6.750335 2.031615 0.000000
v 6.716813 2.033754 0.000000
v 6.681087 2.036283 0.000000
v 6.643155 2.039201 0.000000
v 6.603020 2.042508 0.000000
v 6.560679 2.046203 0.000000
v 6.516134 2.050288 0.000000
v 6.469385 2.054762 0.000000
v 10.115456 0.210717 0.000000
v 10.115456 -0.440534 0.000000
v 9.398846 -0.440533 0.000000
v 9.356359 -0.397658 0.000000
v 9.316823 -0.358511 0.000000
v 9.280237 -0.323092 0.000000
v 9.246602 -0.291402 0.000000
v 9.215917 -0.263440 0.000000
v 9.188181 -0.239206 0.000000
v 9.163397 -0.218700 0.000000
v 9.141562 -0.201923 0.000000
v 9.122677 -0.188874 0.000000
v 9.106743 -0.179553 0.000000
v 9.093758 -0.173961 0.000000
v 9.083724 -0.172096 0.000000
v 9.074128 -0.173393 0.000000
v 9.061679 -0.177284 0.000000
v 9.046377 -0.183768 0.000000
v 9.028221 -0.192845 0.000000
v 9.007214 -0.204516 0.000000
v 8.983353 -0.218781 0.000000
v 8.956638 -0.235639 0.000000
v 8.927072 -0.255091 0.000000
v 8.894651 -0.277137 0.000000
v 8.859379 -0.301776 0.000000
v 8.821253 -0.329009 0.000000
v 8.780274 -0.358835 0.000000
v 8.759768 -0.375531 0.000000
v 8.741046 -0.391385 0.000000
v 8.724107 -0.406395 0.000000
v 8.708950 -0.420562 0.000000
v 8.695578 -0.433887 0.000000
v 8.683987 -0.446369 0.000000
v 8.674179 -0.458007 0.000000
v 8.666156 -0.468803 0.000000
v 8.659915 -0.478756 0.000000
v 8.655457 -0.487866 0.000000
v 8.652782 -0.496133 0.000000
v 8.651892 -0.503557 0.000000
v 8.652328 -0.511014 0.000000
v 8.653642 -0.517822 0.000000
v 8.655830 -0.523982 0.000000
v 8.658894 -0.529493 0.000000
v 8.662832 -0.534356 0.000000
v 8.667646 -0.538571 0.000000
v 8.673336 -0.542137 0.000000
v 8.679901 -0.545055 0.000000
v 8.687342 -0.547324 0.000000
v 8.695658 -0.548945 0.000000
v 8.704848 -0.549918 0.000000
v 8.714916 -0.550242 0.000000
v 10.115456 -0.550242 0.000000
v 10.115455 -1.262183 -0.000000
v 8.910991 -1.262183 -0.000000
v 8.864371 -1.214088 -0.000000
v 8.820993 -1.170175 0.000000
v 8.780857 -1.130445 0.000000
v 8.743963 -1.094896 0.000000
v 8.710312 -1.063530 0.000000
v 8.679902 -1.036346 0.000000
v 8.652735 -1.013344 0.000000
v 8.628809 -0.994524 0.000000
v 8.608126 -0.979887 0.000000
v 8.590683 -0.969431 0.000000
v 8.576483 -0.963158 0.000000
v 8.565525 -0.961067 0.000000
v 8.556528 -0.962526 0.000000
v 8.544322 -0.966902 0.000000
v 8.528906 -0.974197 0.000000
v 8.510281 -0.984409 0.000000
v 8.488446 -0.997539 0.000000
v 8.463402 -1.013587 0.000000
v 8.435148 -1.032553 0.000000
v 8.403685 -1.054436 0.000000
v 8.369011 -1.079237 0.000000
v 8.331129 -1.106956 0.000000
v 8.290037 -1.137593 0.000000
v 8.245735 -1.171148 0.000000
v 8.223738 -1.189335 -0.000000
v 8.203653 -1.206550 -0.000000
v 8.185482 -1.222793 -0.000000
v 8.169224 -1.238062 -0.000000
v 8.154878 -1.252360 -0.000000
v 8.142445 -1.265684 -0.000000
v 8.131924 -1.278036 -0.000000
v 8.123317 -1.289415 -0.000000
v 8.116623 -1.299822 -0.000000
v 8.111840 -1.309256 -0.000000
v 8.108971 -1.317718 -0.000000
v 8.108015 -1.325207 -0.000000
v 8.108437 -1.332664 -0.000000
v 8.109701 -1.339472 -0.000000
v 8.111809 -1.345632 -0.000000
v 8.114758 -1.351143 -0.000000
v 8.118551 -1.356006 -0.000000
v 8.123188 -1.360220 -0.000000
v 8.128666 -1.363787 -0.000000
v 8.134989 -1.366704 -0.000000
v 8.142153 -1.368974 -0.000000
v 8.150160 -1.370595 -0.000000
v 8.159011 -1.371567 -0.000000
v 8.168705 -1.371892 -0.000000
v 12.108890 -1.371893 -0.000000
v 12.128779 -1.372087 -0.000000
v 12.149544 -1.372671 -0.000000
v 12.171185 -1.373644 -0.000000
v 12.193700 -1.375005 -0.000000
v 12.217091 -1.376756 -0.000000
v 12.241357 -1.378896 -0.000000
v 12.266499 -1.381424 -0.000000
v 12.292516 -1.384342 -0.000000
v 12.319408 -1.387649 -0.000000
v 12.347176 -1.391345 -0.000000
v 12.375818 -1.395430 -0.000000
v 12.405337 -1.399904 -0.000000
v 12.456690 -1.224836 -0.000000
v 12.427301 -1.230802 -0.000000
v 12.398270 -1.236248 -0.000000
v 12.369594 -1.241176 -0.000000
v 12.341275 -1.245585 -0.000000
v 12.313313 -1.249475 -0.000000
v 12.285707 -1.252847 -0.000000
v 12.258458 -1.255700 -0.000000
v 12.231566 -1.258034 -0.000000
v 12.205030 -1.259850 -0.000000
v 12.178851 -1.261147 -0.000000
v 12.153029 -1.261925 -0.000000
v 12.127563 -1.262184 -0.000000
v 10.554291 -1.262184 -0.000000
v 10.554291 -0.550243 0.000000
v 11.448302 -0.550243 0.000000
v 11.467348 -0.550437 0.000000
v 11.487141 -0.551021 0.000000
v 11.507679 -0.551994 0.000000
v 11.528963 -0.553355 0.000000
v 11.550992 -0.555106 0.000000
v 11.573767 -0.557246 0.000000
v 11.597288 -0.559774 0.000000
v 11.621554 -0.562692 0.000000
v 11.646566 -0.565999 0.000000
v 11.672323 -0.569695 0.000000
v 11.698827 -0.573780 0.000000
v 11.726075 -0.578254 0.000000
v 11.777429 -0.403186 0.000000
v 11.749920 -0.409152 0.000000
v 11.722639 -0.414598 0.000000
v 11.695584 -0.419526 0.000000
v 11.668757 -0.423935 0.000000
v 11.642157 -0.427825 0.000000
v 11.615784 -0.431197 0.000000
v 11.589637 -0.434050 0.000000
v 11.563717 -0.436384 0.000000
v 11.538024 -0.438200 0.000000
v 11.512558 -0.439496 0.000000
v 11.487319 -0.440275 0.000000
v 11.462307 -0.440534 0.000000
v 10.554291 -0.440534 0.000000
v 10.554291 0.210717 0.000000
v 11.394615 0.210717 0.000000
v 11.461530 0.124804 0.000000
v 11.530001 0.042133 0.000000
v 11.600027 -0.037295 0.000000
v 11.671610 -0.113482 0.000000
v 11.744749 -0.186427 0.000000
v 11.819445 -0.256130 0.000000
v 11.895697 -0.322591 0.000000
v 11.973504 -0.385810 0.000000
v 12.052868 -0.445786 0.000000
v 12.133788 -0.502521 0.000000
v 12.216264 -0.556014 0.000000
v 12.300297 -0.606265 0.000000
v 12.301075 -0.606638 0.000000
v 12.301853 -0.606978 0.000000
v 12.302631 -0.607286 0.000000
v 12.303409 -0.607562 0.000000
v 12.304187 -0.607805 0.000000
v 12.304965 -0.608015 0.000000
v 12.305743 -0.608194 0.000000
v 12.306521 -0.608340 0.000000
v 12.307300 -0.608453 0.000000
v 12.308078 -0.608534 0.000000
v 12.308856 -0.608583 0.000000
v 12.309633 -0.608599 0.000000
v 12.316344 -0.608372 0.000000
v 12.322472 -0.607691 0.000000
v 12.328015 -0.606557 0.000000
v 12.332976 -0.604968 0.000000
v 12.337353 -0.602926 0.000000
v 12.341146 -0.600429 0.000000
v 12.344356 -0.597479 0.000000
v 12.346981 -0.594075 0.000000
v 12.349024 -0.590217 0.000000
v 12.350483 -0.585905 0.000000
v 12.351358 -0.581139 0.000000
v 12.351650 -0.575920 0.000000
v 12.351634 -0.575514 0.000000
v 12.351585 -0.575077 0.000000
v 12.351504 -0.574607 0.000000
v 12.351391 -0.574104 0.000000
v 12.351245 -0.573569 0.000000
v 12.351067 -0.573002 0.000000
v 12.350856 -0.572402 0.000000
v 12.350613 -0.571770 0.000000
v 12.350337 -0.571105 0.000000
v 12.350029 -0.570408 0.000000
v 12.349689 -0.569679 0.000000
v 12.349316 -0.568917 0.000000
v 12.295888 -0.506784 0.000000
v 12.243756 -0.442544 0.000000
v 12.192922 -0.376197 0.000000
v 12.143385 -0.307742 0.000000
v 12.095143 -0.237180 0.000000
v 12.048200 -0.164511 0.000000
v 12.002552 -0.089735 0.000000
v 11.958202 -0.012851 0.000000
v 11.915149 0.066140 0.000000
v 11.873392 0.147239 0.000000
v 11.832932 0.230445 0.000000
v 11.793769 0.315757 0.000000
v 11.771204 0.370709 0.000000
v 11.750196 0.424299 0.000000
v 11.730744 0.476528 0.000000
v 11.712849 0.527395 0.000000
v 11.696508 0.576900 0.000000
v 11.681726 0.625043 0.000000
v 11.668498 0.671825 0.000000
v 11.656827 0.717245 0.000000
v 11.646712 0.761304 0.000000
v 11.638153 0.804001 0.000000
v 11.631150 0.845336 0.000000
v 11.625704 0.885310 0.000000
v 11.557525 0.869019 0.000000
v 11.493820 0.853603 0.000000
v 11.434588 0.839063 0.000000
v 11.379831 0.825398 0.000000
v 11.329548 0.812609 0.000000
v 11.283739 0.800694 0.000000
v 11.242403 0.789655 0.000000
v 11.205542 0.779492 0.000000
v 11.173155 0.770203 0.000000
v 11.145241 0.761790 0.000000
v 11.121801 0.754253 0.000000
v 11.102836 0.747590 0.000000
v 11.087923 0.741658 0.000000
v 11.074306 0.735530 0.000000
v 11.061987 0.729208 0.000000
v 11.050964 0.722692 0.000000
v 11.041238 0.715981 0.000000
v 11.032808 0.709076 0.000000
v 11.025677 0.701976 0.000000
v 11.019840 0.694681 0.000000
v 11.015302 0.687192 0.000000
v 11.012060 0.679509 0.000000
v 11.010115 0.671631 0.000000
v 11.009466 0.663558 0.000000
v 11.010715 0.651320 0.000000
v 11.014460 0.639503 0.000000
v 11.020700 0.628107 0.000000
v 11.029437 0.617133 0.000000
v 11.040670 0.606580 0.000000
v 11.054400 0.596449 0.000000
v 11.070627 0.586739 0.000000
v 11.089349 0.577451 0.000000
v 11.110568 0.568584 0.000000
v 11.134283 0.560138 0.000000
v 11.160495 0.552115 0.000000
v 11.189202 0.544512 0.000000
v 11.198313 0.525482 0.000000
v 11.207747 0.506516 0.000000
v 11.217505 0.487615 0.000000
v 11.227588 0.468779 0.000000
v 11.237994 0.450008 0.000000
v 11.248725 0.431302 0.000000
v 11.259781 0.412661 0.000000
v 11.271160 0.394084 0.000000
v 11.282864 0.375572 0.000000
v 11.294891 0.357125 0.000000
v 11.307243 0.338743 0.000000
v 11.319920 0.320426 0.000000
v 10.554291 0.320426 0.000000
v 10.554291 0.493159 0.000000
v 10.554453 0.518803 0.000000
v 10.554939 0.546717 0.000000
v 10.555750 0.576900 0.000000
v 10.556885 0.609352 0.000000
v 10.558344 0.644074 0.000000
v 10.560127 0.681065 0.000000
v 10.562234 0.720326 0.000000
v 10.564666 0.761856 0.000000
v 10.567421 0.805655 0.000000
v 10.570501 0.851724 0.000000
v 10.573906 0.900061 0.000000
v 10.577634 0.950669 0.000000
v 10.512259 0.944428 0.000000
v 10.450743 0.938155 0.000000
v 10.393084 0.931849 0.000000
v 10.339283 0.925511 0.000000
v 10.289340 0.919140 0.000000
v 10.243256 0.912737 0.000000
v 10.201029 0.906302 0.000000
v 10.162660 0.899834 0.000000
v 10.128149 0.893334 0.000000
v 10.097496 0.886802 0.000000
v 10.070701 0.880237 0.000000
v 10.047763 0.873639 0.000000
v 10.035087 0.868874 0.000000
v 10.023513 0.863913 0.000000
v 10.013041 0.858759 0.000000
v 10.003672 0.853409 0.000000
v 9.995405 0.847866 0.000000
v 9.988240 0.842127 0.000000
v 9.982178 0.836195 0.000000
v 9.977217 0.830067 0.000000
v 9.973359 0.823745 0.000000
v 9.970604 0.817229 0.000000
v 9.968950 0.810518 0.000000
v 9.968399 0.803612 0.000000
v 9.969420 0.793481 0.000000
v 9.972484 0.783317 0.000000
v 9.977591 0.773121 0.000000
v 9.984738 0.762893 0.000000
v 9.993930 0.752632 0.000000
v 10.005163 0.742339 0.000000
v 10.018439 0.732013 0.000000
v 10.033757 0.721655 0.000000
v 10.051119 0.711264 0.000000
v 10.070521 0.700841 0.000000
v 10.091968 0.690386 0.000000
v 10.115456 0.679898 0.000000
v 10.115456 0.320426 0.000000
v 9.270463 0.320426 0.000000
v 9.223130 0.367030 0.000000
v 9.179169 0.409581 0.000000
v 9.138578 0.448080 0.000000
v 9.101361 0.482526 0.000000
v 9.067514 0.512920 0.000000
v 9.037040 0.539261 0.000000
v 9.009937 0.561550 0.000000
v 8.986206 0.579786 0.000000
v 8.965846 0.593969 0.000000
v 8.948857 0.604101 0.000000
v 8.935242 0.610179 0.000000
v 8.924996 0.612206 0.000000
v 8.915255 0.610812 0.000000
v 8.902368 0.606629 0.000000
v 8.886335 0.599659 0.000000
v 8.867160 0.589901 0.000000
v 8.844838 0.577354 0.000000
v 8.819372 0.562020 0.000000
v 8.790762 0.543897 0.000000
v 8.759007 0.522986 0.000000
v 8.724107 0.499287 0.000000
v 8.686062 0.472800 0.000000
v 8.644873 0.443525 0.000000
v 8.600538 0.411462 0.000000
v 8.577423 0.393274 0.000000
v 8.556317 0.376059 0.000000
v 8.537222 0.359817 0.000000
v 8.520137 0.344547 0.000000
v 8.505062 0.330250 0.000000
v 8.491997 0.316926 0.000000
v 8.480942 0.304574 0.000000
v 8.471896 0.293194 0.000000
v 8.464861 0.282787 0.000000
v 8.459835 0.273353 0.000000
v 8.456820 0.264892 0.000000
v 8.455816 0.257403 0.000000
v 8.456253 0.249946 0.000000
v 8.457567 0.243138 0.000000
v 8.459755 0.236978 0.000000
v 8.462818 0.231467 0.000000
v 8.466758 0.226604 0.000000
v 8.471572 0.222389 0.000000
v 8.477262 0.218823 0.000000
v 8.483828 0.215905 0.000000
v 8.491267 0.213636 0.000000
v 8.499583 0.212015 0.000000
v 8.508774 0.211042 0.000000
v 8.518841 0.210718 0.000000
v 9.326485 1.072049 0.000000
v 11.394615 1.072049 0.000000
v 11.396415 1.042222 0.000000
v 11.401813 1.014989 0.000000
v 11.410809 0.990350 0.000000
v 11.423404 0.968305 0.000000
v 11.439598 0.948853 0.000000
v 11.459390 0.931994 0.000000
v 11.482780 0.917730 0.000000
v 11.509770 0.906058 0.000000
v 11.540359 0.896981 0.000000
v 11.574545 0.890497 0.000000
v 11.612330 0.886606 0.000000
v 11.653715 0.885310 0.000000
v 11.674139 0.885585 0.000000
v 11.693397 0.886412 0.000000
v 11.711487 0.887790 0.000000
v 11.728410 0.889719 0.000000
v 11.744166 0.892199 0.000000
v 11.758756 0.895230 0.000000
v 11.772177 0.898813 0.000000
v 11.784431 0.902946 0.000000
v 11.795520 0.907631 0.000000
v 11.805440 0.912867 0.000000
v 11.814194 0.918654 0.000000
v 11.821779 0.924992 0.000000
v 11.827744 0.931265 0.000000
v 11.833191 0.938414 0.000000
v 11.838120 0.946438 0.000000
v 11.842528 0.955337 0.000000
v 11.846418 0.965112 0.000000
v 11.849791 0.975762 0.000000
v 11.852643 0.987287 0.000000
v 11.854978 0.999688 0.000000
v 11.856793 1.012964 0.000000
v 11.858089 1.027115 0.000000
v 11.858868 1.042142 0.000000
v 11.859127 1.058043 0.000000
v 11.845122 2.099111 0.000000
v 11.845252 2.162362 0.000000
v 11.845641 2.224511 0.000000
v 11.846290 2.285558 0.000000
v 11.847198 2.345502 0.000000
v 11.848364 2.404345 0.000000
v 11.849791 2.462084 0.000000
v 11.851477 2.518722 0.000000
v 11.853422 2.574257 0.000000
v 11.855626 2.628690 0.000000
v 11.858090 2.682021 0.000000
v 11.860814 2.734249 0.000000
v 11.863796 2.785375 0.000000
v 11.822056 2.767285 0.000000
v 11.780088 2.748806 0.000000
v 11.737894 2.729937 0.000000
v 11.695473 2.710680 0.000000
v 11.652823 2.691033 0.000000
v 11.609948 2.670998 0.000000
v 11.566846 2.650574 0.000000
v 11.523517 2.629760 0.000000
v 11.479961 2.608557 0.000000
v 11.436178 2.586966 0.000000
v 11.392168 2.564985 0.000000
v 11.347931 2.542615 0.000000
v 9.368502 2.542616 0.000000
v 9.337930 2.579153 0.000000
v 9.309238 2.612514 0.000000
v 9.282427 2.642696 0.000000
v 9.257496 2.669702 0.000000
v 9.234446 2.693531 0.000000
v 9.213275 2.714182 0.000000
v 9.193985 2.731657 0.000000
v 9.176576 2.745954 0.000000
v 9.161047 2.757074 0.000000
v 9.147398 2.765017 0.000000
v 9.135630 2.769782 0.000000
v 9.125742 2.771371 0.000000
v 9.115610 2.770171 0.000000
v 9.103112 2.766572 0.000000
v 9.088247 2.760575 0.000000
v 9.071016 2.752178 0.000000
v 9.051418 2.741383 0.000000
v 9.029454 2.728188 0.000000
v 9.005123 2.712594 0.000000
v 8.978425 2.694601 0.000000
v 8.949361 2.674208 0.000000
v 8.917930 2.651417 0.000000
v 8.884131 2.626227 0.000000
v 8.847968 2.598638 0.000000
v 8.829699 2.584130 0.000000
v 8.813019 2.570173 0.000000
v 8.797928 2.556767 0.000000
v 8.784425 2.543913 0.000000
v 8.772511 2.531610 0.000000
v 8.762185 2.519857 0.000000
v 8.753448 2.508657 0.000000
v 8.746299 2.498006 0.000000
v 8.740739 2.487907 0.000000
v 8.736768 2.478360 0.000000
v 8.734385 2.469363 0.000000
v 8.733590 2.460918 0.000000
v 8.734547 2.449911 0.000000
v 8.737416 2.438678 0.000000
v 8.742198 2.427217 0.000000
v 8.748893 2.415530 0.000000
v 8.757500 2.403616 0.000000
v 8.768021 2.391475 0.000000
v 8.780454 2.379107 0.000000
v 8.794800 2.366511 0.000000
v 8.811058 2.353689 0.000000
v 8.829229 2.340640 0.000000
v 8.849314 2.327364 0.000000
v 8.871310 2.313861 0.000000
v 8.871310 2.103780 0.000000
v 8.852636 1.039370 0.000000
v 8.854597 1.006561 0.000000
v 8.860481 0.976605 0.000000
v 8.870289 0.949502 0.000000
v 8.884018 0.925252 0.000000
v 8.901670 0.903855 0.000000
v 8.923246 0.885311 0.000000
v 8.948745 0.869620 0.000000
v 8.978166 0.856781 0.000000
v 9.011509 0.846796 0.000000
v 9.048777 0.839664 0.000000
v 9.089966 0.835384 0.000000
v 9.135078 0.833958 0.000000
v 9.165649 0.835011 0.000000
v 9.193563 0.838172 0.000000
v 9.218819 0.843441 0.000000
v 9.241415 0.850816 0.000000
v 9.261353 0.860299 0.000000
v 9.278633 0.871889 0.000000
v 9.293255 0.885587 0.000000
v 9.305218 0.901391 0.000000
v 9.314522 0.919304 0.000000
v 9.321168 0.939323 0.000000
v 9.325155 0.961449 0.000000
v 9.326485 0.985683 0.000000
v 9.326485 1.181759 0.000000
v 9.326485 1.765317 0.000000
v 11.394615 1.765316 0.000000
v 11.394615 1.181758 0.000000
v 9.326485 1.875026 0.000000
v 9.326486 2.432907 0.000000
v 11.394615 2.432906 0.000000
v 11.394615 1.875025 0.000000
vn -0.0000 -0.0000 -1.0000
vn -0.0000 -0.0000 1.0000
vt 0.743041 0.000000
vt 0.747323 0.000000
vt 0.745182 0.000000
vt 0.740899 0.000000
vt 0.738758 0.000000
vt 0.749465 0.000000
vt 0.736617 0.000000
vt 0.734475 0.000000
vt 0.732334 0.000000
vt 0.751606 0.000000
vt 0.730193 0.000000
vt 0.728051 0.000000
vt 0.753747 0.000000
vt 0.725910 0.000000
vt 0.723769 0.000000
vt 0.721627 0.000000
vt 0.755889 0.000000
vt 0.719486 0.000000
vt 0.717345 0.000000
vt 0.715203 0.000000
vt 0.758030 0.000000
vt 0.713062 0.000000
vt 0.710921 0.000000
vt 0.708779 0.000000
vt 0.760171 0.000000
vt 0.706638 0.000000
vt 0.704497 0.000000
vt 0.702355 0.000000
vt 0.762313 0.000000
vt 0.700214 0.000000
vt 0.698073 0.000000
vt 0.695931 0.000000
vt 0.693790 0.000000
vt 0.764454 0.000000
vt 0.691649 0.000000
vt 0.689507 0.000000
vt 0.687366 0.000000
vt 0.685225 0.000000
vt 0.683084 0.000000
vt 0.766595 0.000000
vt 0.680942 0.000000
vt 0.678801 0.000000
vt 0.676660 0.000000
vt 0.674518 0.000000
vt 0.672377 0.000000
vt 0.768737 0.000000
vt 0.670236 0.000000
vt 0.668094 0.000000
vt 0.665953 0.000000
vt 0.770878 0.000000
vt 0.663812 0.000000
vt 0.661670 0.000000
vt 0.773019 0.000000
vt 0.659529 0.000000
vt 0.775161 0.000000
vt 0.657388 0.000000
vt 0.777302 0.000000
vt 0.655246 0.000000
vt 0.653105 0.000000
vt 0.779443 0.000000
vt 0.650964 0.000000
vt 0.781585 0.000000
vt 0.648822 0.000000
vt 0.783726 0.000000
vt 0.646681 0.000000
vt 0.785867 0.000000
vt 0.644540 0.000000
vt 0.788009 0.000000
vt 0.642398 0.000000
vt 0.640257 0.000000
vt 0.790150 0.000000
vt 0.792291 0.000000
vt 0.638116 0.000000
vt 0.794433 0.000000
vt 0.635974 0.000000
vt 0.796574 0.000000
vt 0.633833 0.000000
vt 0.798715 0.000000
vt 0.631692 0.000000
vt 0.800857 0.000000
vt 0.802998 0.000000
vt 0.805139 0.000000
vt 0.629550 0.000000
vt 0.807281 0.000000
vt 0.809422 0.000000
vt 0.627409 0.000000
vt 0.811563 0.000000
vt 0.813704 0.000000
vt 0.625268 0.000000
vt 0.815846 0.000000
vt 0.817987 0.000000
vt 0.820129 0.000000
vt 0.623126 0.000000
vt 0.822270 0.000000
vt 0.974304 0.000000
vt 0.978587 0.000000
vt 0.976445 0.000000
vt 0.972163 0.000000
vt 0.980728 0.000000
vt 0.970021 0.000000
vt 0.967880 0.000000
vt 0.982869 0.000000
vt 0.965739 0.000000
vt 0.824411 0.000000
vt 0.963597 0.000000
vt 0.985011 0.000000
vt 0.826552 0.000000
vt 0.961456 0.000000
vt 0.959315 0.000000
vt 0.987152 0.000000
vt 0.828694 0.000000
vt 0.957173 0.000000
vt 0.620985 0.000000
vt 0.830835 0.000000
vt 0.989293 0.000000
vt 0.955032 0.000000
vt 0.952891 0.000000
vt 0.832976 0.000000
vt 0.991435 0.000000
vt 0.950749 0.000000
vt 0.835118 0.000000
vt 0.948608 0.000000
vt 0.618844 0.000000
vt 0.993576 0.000000
vt 0.946467 0.000000
vt 0.944326 0.000000
vt 0.837259 0.000000
vt 0.942184 0.000000
vt 0.940043 0.000000
vt 0.995717 0.000000
vt 0.937901 0.000000
vt 0.935760 0.000000
vt 0.839400 0.000000
vt 0.933619 0.000000
vt 0.616702 0.000000
vt 0.931477 0.000000
vt 0.929336 0.000000
vt 0.997859 0.000000
vt 0.927195 0.000000
vt 0.925054 0.000000
vt 0.922912 0.000000
vt 0.841542 0.000000
vt 0.920771 0.000000
vt 0.918630 0.000000
vt 0.916488 0.000000
vt 1.000000 0.000000
vt 0.914347 0.000000
vt 0.614561 0.000000
vt 0.843683 0.000000
vt 0.912206 0.000000
vt 0.910064 0.000000
vt 0.907923 0.000000
vt 0.000000 0.000000
vt 0.905782 0.000000
vt 0.903640 0.000000
vt 0.845824 0.000000
vt 0.901499 0.000000
vt 0.899358 0.000000
vt 0.897216 0.000000
vt 0.612420 0.000000
vt 0.895075 0.000000
vt 0.002141 0.000000
vt 0.847966 0.000000
vt 0.892934 0.000000
vt 0.890792 0.000000
vt 0.004283 0.000000
vt 0.888651 0.000000
vt 0.886510 0.000000
vt 0.884368 0.000000
vt 0.882227 0.000000
vt 0.006424 0.000000
vt 0.880086 0.000000
vt 0.877944 0.000000
vt 0.850107 0.000000
vt 0.852248 0.000000
vt 0.854390 0.000000
vt 0.875803 0.000000
vt 0.856531 0.000000
vt 0.858672 0.000000
vt 0.860814 0.000000
vt 0.862955 0.000000
vt 0.873662 0.000000
vt 0.865096 0.000000
vt 0.867238 0.000000
vt 0.869379 0.000000
vt 0.871520 0.000000
vt 0.610278 0.000000
vt 0.008565 0.000000
vt 0.010707 0.000000
vt 0.012848 0.000000
vt 0.608137 0.000000
vt 0.014989 0.000000
vt 0.017131 0.000000
vt 0.019272 0.000000
vt 0.605996 0.000000
vt 0.308351 0.000000
vt 0.021413 0.000000
vt 0.310493 0.000000
vt 0.306210 0.000000
vt 0.304069 0.000000
vt 0.301927 0.000000
vt 0.299786 0.000000
vt 0.312634 0.000000
vt 0.297645 0.000000
vt 0.295503 0.000000
vt 0.314775 0.000000
vt 0.293362 0.000000
vt 0.023555 0.000000
vt 0.316916 0.000000
vt 0.291221 0.000000
vt 0.289079 0.000000
vt 0.319058 0.000000
vt 0.286938 0.000000
vt 0.321199 0.000000
vt 0.284797 0.000000
vt 0.323340 0.000000
vt 0.282655 0.000000
vt 0.325482 0.000000
vt 0.280514 0.000000
vt 0.025696 0.000000
vt 0.278373 0.000000
vt 0.327623 0.000000
vt 0.276231 0.000000
vt 0.329764 0.000000
vt 0.274090 0.000000
vt 0.271949 0.000000
vt 0.331906 0.000000
vt 0.269807 0.000000
vt 0.334047 0.000000
vt 0.027837 0.000000
vt 0.603854 0.000000
vt 0.436831 0.000000
vt 0.267666 0.000000
vt 0.336188 0.000000
vt 0.265525 0.000000
vt 0.263383 0.000000
vt 0.338330 0.000000
vt 0.261242 0.000000
vt 0.340471 0.000000
vt 0.029979 0.000000
vt 0.259101 0.000000
vt 0.342612 0.000000
vt 0.438972 0.000000
vt 0.434690 0.000000
vt 0.256959 0.000000
vt 0.344754 0.000000
vt 0.346895 0.000000
vt 0.254818 0.000000
vt 0.032120 0.000000
vt 0.349036 0.000000
vt 0.432548 0.000000
vt 0.351178 0.000000
vt 0.353319 0.000000
vt 0.355460 0.000000
vt 0.430407 0.000000
vt 0.601713 0.000000
vt 0.357602 0.000000
vt 0.034261 0.000000
vt 0.359743 0.000000
vt 0.361884 0.000000
vt 0.364026 0.000000
vt 0.366167 0.000000
vt 0.428266 0.000000
vt 0.368308 0.000000
vt 0.370450 0.000000
vt 0.372591 0.000000
vt 0.036403 0.000000
vt 0.374732 0.000000
vt 0.426124 0.000000
vt 0.376874 0.000000
vt 0.379015 0.000000
vt 0.423983 0.000000
vt 0.381156 0.000000
vt 0.038544 0.000000
vt 0.383298 0.000000
vt 0.441114 0.000000
vt 0.421842 0.000000
vt 0.385439 0.000000
vt 0.419700 0.000000
vt 0.387580 0.000000
vt 0.389722 0.000000
vt 0.040685 0.000000
vt 0.391863 0.000000
vt 0.417559 0.000000
vt 0.599572 0.000000
vt 0.394004 0.000000
vt 0.396146 0.000000
vt 0.415418 0.000000
vt 0.398287 0.000000
vt 0.400428 0.000000
vt 0.402570 0.000000
vt 0.413276 0.000000
vt 0.404711 0.000000
vt 0.406852 0.000000
vt 0.411135 0.000000
vt 0.408994 0.000000
vt 0.042827 0.000000
vt 0.044968 0.000000
vt 0.047109 0.000000
vt 0.443255 0.000000
vt 0.049251 0.000000
vt 0.597430 0.000000
vt 0.252677 0.000000
vt 0.051392 0.000000
vt 0.053533 0.000000
vt 0.055675 0.000000
vt 0.057816 0.000000
vt 0.059957 0.000000
vt 0.595289 0.000000
vt 0.062098 0.000000
vt 0.445396 0.000000
vt 0.064240 0.000000
vt 0.066381 0.000000
vt 0.068522 0.000000
vt 0.593148 0.000000
vt 0.070664 0.000000
vt 0.447537 0.000000
vt 0.250535 0.000000
vt 0.072805 0.000000
vt 0.591006 0.000000
vt 0.074946 0.000000
vt 0.077088 0.000000
vt 0.449679 0.000000
vt 0.588865 0.000000
vt 0.079229 0.000000
vt 0.451820 0.000000
vt 0.248394 0.000000
vt 0.586724 0.000000
vt 0.453961 0.000000
vt 0.584582 0.000000
vt 0.456103 0.000000
vt 0.081370 0.000000
vt 0.246253 0.000000
vt 0.582441 0.000000
vt 0.458244 0.000000
vt 0.580300 0.000000
vt 0.460385 0.000000
vt 0.244111 0.000000
vt 0.578158 0.000000
vt 0.083512 0.000000
vt 0.462527 0.000000
vt 0.464668 0.000000
vt 0.576017 0.000000
vt 0.466809 0.000000
vt 0.241970 0.000000
vt 0.573876 0.000000
vt 0.085653 0.000000
vt 0.468951 0.000000
vt 0.571734 0.000000
vt 0.471092 0.000000
vt 0.569593 0.000000
vt 0.239829 0.000000
vt 0.473233 0.000000
vt 0.087794 0.000000
vt 0.567452 0.000000
vt 0.475375 0.000000
vt 0.477516 0.000000
vt 0.565310 0.000000
vt 0.237687 0.000000
vt 0.479657 0.000000
vt 0.089936 0.000000
vt 0.563169 0.000000
vt 0.481799 0.000000
vt 0.561028 0.000000
vt 0.558887 0.000000
vt 0.483940 0.000000
vt 0.235546 0.000000
vt 0.556745 0.000000
vt 0.486081 0.000000
vt 0.554604 0.000000
vt 0.092077 0.000000
vt 0.552463 0.000000
vt 0.550321 0.000000
vt 0.488223 0.000000
vt 0.548180 0.000000
vt 0.546039 0.000000
vt 0.543897 0.000000
vt 0.490364 0.000000
vt 0.541756 0.000000
vt 0.492505 0.000000
vt 0.539615 0.000000
vt 0.537473 0.000000
vt 0.494647 0.000000
vt 0.233405 0.000000
vt 0.535332 0.000000
vt 0.496788 0.000000
vt 0.533191 0.000000
vt 0.498929 0.000000
vt 0.531049 0.000000
vt 0.501071 0.000000
vt 0.528908 0.000000
vt 0.526767 0.000000
vt 0.503212 0.000000
vt 0.094218 0.000000
vt 0.524625 0.000000
vt 0.505353 0.000000
vt 0.522484 0.000000
vt 0.507495 0.000000
vt 0.520343 0.000000
vt 0.509636 0.000000
vt 0.518201 0.000000
vt 0.511777 0.000000
vt 0.516060 0.000000
vt 0.513919 0.000000
vt 0.231263 0.000000
vt 0.096360 0.000000
vt 0.098501 0.000000
vt 0.229122 0.000000
vt 0.100642 0.000000
vt 0.226981 0.000000
vt 0.102784 0.000000
vt 0.224839 0.000000
vt 0.104925 0.000000
vt 0.222698 0.000000
vt 0.107066 0.000000
vt 0.220557 0.000000
vt 0.109208 0.000000
vt 0.218415 0.000000
vt 0.111349 0.000000
vt 0.216274 0.000000
vt 0.113490 0.000000
vt 0.214133 0.000000
vt 0.115632 0.000000
vt 0.211991 0.000000
vt 0.117773 0.000000
vt 0.209850 0.000000
vt 0.119914 0.000000
vt 0.207709 0.000000
vt 0.122056 0.000000
vt 0.205567 0.000000
vt 0.124197 0.000000
vt 0.126338 0.000000
vt 0.203426 0.000000
vt 0.201285 0.000000
vt 0.199143 0.000000
vt 0.197002 0.000000
vt 0.194861 0.000000
vt 0.192719 0.000000
vt 0.128480 0.000000
vt 0.190578 0.000000
vt 0.188437 0.000000
vt 0.186296 0.000000
vt 0.184154 0.000000
vt 0.182013 0.000000
vt 0.179872 0.000000
vt 0.177730 0.000000
vt 0.175589 0.000000
vt 0.173448 0.000000
vt 0.130621 0.000000
vt 0.171306 0.000000
vt 0.132762 0.000000
vt 0.134904 0.000000
vt 0.169165 0.000000
vt 0.137045 0.000000
vt 0.167024 0.000000
vt 0.139186 0.000000
vt 0.164882 0.000000
vt 0.141328 0.000000
vt 0.162741 0.000000
vt 0.143469 0.000000
vt 0.145610 0.000000
vt 0.160600 0.000000
vt 0.147752 0.000000
vt 0.158458 0.000000
vt 0.149893 0.000000
vt 0.156317 0.000000
vt 0.152034 0.000000
vt 0.154176 0.000000
vt 0.051919 0.000000
vt 0.056433 0.000000
vt 0.054176 0.000000
vt 0.058691 0.000000
vt 0.049661 0.000000
vt 0.060948 0.000000
vt 0.047404 0.000000
vt 0.063205 0.000000
vt 0.045147 0.000000
vt 0.065463 0.000000
vt 0.042889 0.000000
vt 0.431151 0.000000
vt 0.435666 0.000000
vt 0.433409 0.000000
vt 0.067720 0.000000
vt 0.428894 0.000000
vt 0.426637 0.000000
vt 0.437923 0.000000
vt 0.040632 0.000000
vt 0.424379 0.000000
vt 0.069977 0.000000
vt 0.038375 0.000000
vt 0.422122 0.000000
vt 0.440181 0.000000
vt 0.072235 0.000000
vt 0.419865 0.000000
vt 0.036117 0.000000
vt 0.074492 0.000000
vt 0.417607 0.000000
vt 0.442438 0.000000
vt 0.033860 0.000000
vt 0.076749 0.000000
vt 0.415350 0.000000
vt 0.031603 0.000000
vt 0.413093 0.000000
vt 0.079007 0.000000
vt 0.444695 0.000000
vt 0.029345 0.000000
vt 0.410835 0.000000
vt 0.081264 0.000000
vt 0.408578 0.000000
vt 0.027088 0.000000
vt 0.083521 0.000000
vt 0.446953 0.000000
vt 0.406321 0.000000
vt 0.024831 0.000000
vt 0.022573 0.000000
vt 0.404063 0.000000
vt 0.020316 0.000000
vt 0.449210 0.000000
vt 0.401806 0.000000
vt 0.018059 0.000000
vt 0.399549 0.000000
vt 0.085779 0.000000
vt 0.015801 0.000000
vt 0.397291 0.000000
vt 0.013544 0.000000
vt 0.451467 0.000000
vt 0.395034 0.000000
vt 0.392777 0.000000
vt 0.011287 0.000000
vt 0.390519 0.000000
vt 0.009029 0.000000
vt 0.088036 0.000000
vt 0.388262 0.000000
vt 0.453725 0.000000
vt 0.386005 0.000000
vt 0.006772 0.000000
vt 0.383747 0.000000
vt 0.381490 0.000000
vt 0.004515 0.000000
vt 0.379232 0.000000
vt 0.090293 0.000000
vt 0.376975 0.000000
vt 0.455982 0.000000
vt 0.002257 0.000000
vt 0.374718 0.000000
vt 0.372460 0.000000
vt 0.370203 0.000000
vt 0.367946 0.000000
vt 0.365688 0.000000
vt 0.363431 0.000000
vt 0.092551 0.000000
vt 0.458239 0.000000
vt 0.295711 0.000000
vt 0.361174 0.000000
vt 0.358916 0.000000
vt 0.356659 0.000000
vt 0.354402 0.000000
vt 0.352144 0.000000
vt 0.349887 0.000000
vt 0.293454 0.000000
vt 0.347630 0.000000
vt 0.094808 0.000000
vt 0.460497 0.000000
vt 0.345372 0.000000
vt 0.291196 0.000000
vt 0.343115 0.000000
vt 0.097065 0.000000
vt 0.340858 0.000000
vt 0.462754 0.000000
vt 0.288939 0.000000
vt 0.338600 0.000000
vt 0.336343 0.000000
vt 0.099323 0.000000
vt 0.465011 0.000000
vt 0.334086 0.000000
vt 0.286682 0.000000
vt 0.331828 0.000000
vt 0.101580 0.000000
vt 0.329571 0.000000
vt 0.284424 0.000000
vt 0.467269 0.000000
vt 0.327314 0.000000
vt 0.810384 0.000000
vt 0.814898 0.000000
vt 0.812641 0.000000
vt 0.817156 0.000000
vt 0.808126 0.000000
vt 0.819413 0.000000
vt 0.805869 0.000000
vt 0.821670 0.000000
vt 0.803612 0.000000
vt 0.823928 0.000000
vt 0.826185 0.000000
vt 0.801354 0.000000
vt 0.325056 0.000000
vt 0.828442 0.000000
vt 0.103837 0.000000
vt 0.799097 0.000000
vt 0.282167 0.000000
vt 0.830700 0.000000
vt 0.796840 0.000000
vt 0.832957 0.000000
vt 0.835214 0.000000
vt 0.469526 0.000000
vt 0.794582 0.000000
vt 0.837472 0.000000
vt 0.322799 0.000000
vt 0.792325 0.000000
vt 0.839729 0.000000
vt 0.790068 0.000000
vt 0.841986 0.000000
vt 0.787810 0.000000
vt 0.320542 0.000000
vt 0.279910 0.000000
vt 0.106095 0.000000
vt 0.785553 0.000000
vt 0.471783 0.000000
vt 0.318284 0.000000
vt 0.783296 0.000000
vt 0.781038 0.000000
vt 0.844244 0.000000
vt 0.778781 0.000000
vt 0.316027 0.000000
vt 0.776524 0.000000
vt 0.277652 0.000000
vt 0.774266 0.000000
vt 0.313770 0.000000
vt 0.108352 0.000000
vt 0.772009 0.000000
vt 0.474041 0.000000
vt 0.846501 0.000000
vt 0.769752 0.000000
vt 0.311512 0.000000
vt 0.767494 0.000000
vt 0.309255 0.000000
vt 0.765237 0.000000
vt 0.275395 0.000000
vt 0.110609 0.000000
vt 0.848758 0.000000
vt 0.476298 0.000000
vt 0.762980 0.000000
vt 0.306998 0.000000
vt 0.760722 0.000000
vt 0.304740 0.000000
vt 0.758465 0.000000
vt 0.273138 0.000000
vt 0.302483 0.000000
vt 0.851016 0.000000
vt 0.478555 0.000000
vt 0.112867 0.000000
vt 0.300226 0.000000
vt 0.297968 0.000000
vt 0.853273 0.000000
vt 0.480813 0.000000
vt 0.270880 0.000000
vt 0.756208 0.000000
vt 0.997743 0.000000
vt 0.753950 0.000000
vt 0.115124 0.000000
vt 0.855531 0.000000
vt 0.483070 0.000000
vt 0.751693 0.000000
vt 0.995485 0.000000
vt 0.268623 0.000000
vt 0.749436 0.000000
vt 0.857788 0.000000
vt 0.117381 0.000000
vt 0.485327 0.000000
vt 0.747178 0.000000
vt 0.993228 0.000000
vt 0.266366 0.000000
vt 0.860045 0.000000
vt 0.744921 0.000000
vt 0.487585 0.000000
vt 0.119639 0.000000
vt 0.990971 0.000000
vt 0.742664 0.000000
vt 0.264108 0.000000
vt 0.862302 0.000000
vt 0.489842 0.000000
vt 0.988713 0.000000
vt 0.492099 0.000000
vt 0.740406 0.000000
vt 0.121896 0.000000
vt 0.864560 0.000000
vt 0.261851 0.000000
vt 0.494357 0.000000
vt 0.986456 0.000000
vt 0.738149 0.000000
vt 0.496614 0.000000
vt 0.124154 0.000000
vt 0.984199 0.000000
vt 0.866817 0.000000
vt 0.498871 0.000000
vt 0.259594 0.000000
vt 0.735892 0.000000
vt 0.501129 0.000000
vt 0.981941 0.000000
vt 0.869074 0.000000
vt 0.126411 0.000000
vt 0.503386 0.000000
vt 0.733634 0.000000
vt 0.257336 0.000000
vt 0.979684 0.000000
vt 0.505643 0.000000
vt 0.871332 0.000000
vt 0.507901 0.000000
vt 0.731377 0.000000
vt 0.977427 0.000000
vt 0.128668 0.000000
vt 0.255079 0.000000
vt 0.510158 0.000000
vt 0.975169 0.000000
vt 0.873589 0.000000
vt 0.512415 0.000000
vt 0.729120 0.000000
vt 0.130926 0.000000
vt 0.972912 0.000000
vt 0.252822 0.000000
vt 0.514673 0.000000
vt 0.875847 0.000000
vt 0.516930 0.000000
vt 0.519187 0.000000
vt 0.970655 0.000000
vt 0.133183 0.000000
vt 0.250564 0.000000
vt 0.521445 0.000000
vt 0.878104 0.000000
vt 0.523702 0.000000
vt 0.968397 0.000000
vt 0.525959 0.000000
vt 0.135440 0.000000
vt 0.248307 0.000000
vt 0.528217 0.000000
vt 0.880361 0.000000
vt 0.530474 0.000000
vt 0.726862 0.000000
vt 0.966140 0.000000
vt 0.532731 0.000000
vt 0.246050 0.000000
vt 0.137698 0.000000
vt 0.882618 0.000000
vt 0.534989 0.000000
vt 0.963883 0.000000
vt 0.139955 0.000000
vt 0.537246 0.000000
vt 0.243792 0.000000
vt 0.884876 0.000000
vt 0.539503 0.000000
vt 0.142212 0.000000
vt 0.961625 0.000000
vt 0.541761 0.000000
vt 0.144470 0.000000
vt 0.241535 0.000000
vt 0.887133 0.000000
vt 0.959368 0.000000
vt 0.544018 0.000000
vt 0.724605 0.000000
vt 0.239278 0.000000
vt 0.146727 0.000000
vt 0.889391 0.000000
vt 0.237020 0.000000
vt 0.957111 0.000000
vt 0.148984 0.000000
vt 0.234763 0.000000
vt 0.151242 0.000000
vt 0.891648 0.000000
vt 0.954853 0.000000
vt 0.232506 0.000000
vt 0.153499 0.000000
vt 0.230248 0.000000
vt 0.155756 0.000000
vt 0.952596 0.000000
vt 0.893905 0.000000
vt 0.227991 0.000000
vt 0.722348 0.000000
vt 0.158014 0.000000
vt 0.225734 0.000000
vt 0.223476 0.000000
vt 0.950339 0.000000
vt 0.160271 0.000000
vt 0.896163 0.000000
vt 0.546275 0.000000
vt 0.221219 0.000000
vt 0.162528 0.000000
vt 0.218962 0.000000
vt 0.216704 0.000000
vt 0.948081 0.000000
vt 0.164786 0.000000
vt 0.214447 0.000000
vt 0.167043 0.000000
vt 0.898420 0.000000
vt 0.212190 0.000000
vt 0.169300 0.000000
vt 0.209932 0.000000
vt 0.945824 0.000000
vt 0.171558 0.000000
vt 0.207675 0.000000
vt 0.173815 0.000000
vt 0.205418 0.000000
vt 0.720090 0.000000
vt 0.176072 0.000000
vt 0.203160 0.000000
vt 0.900677 0.000000
vt 0.178330 0.000000
vt 0.200903 0.000000
vt 0.180587 0.000000
vt 0.943567 0.000000
vt 0.198646 0.000000
vt 0.182844 0.000000
vt 0.196388 0.000000
vt 0.185102 0.000000
vt 0.194131 0.000000
vt 0.187359 0.000000
vt 0.191874 0.000000
vt 0.189616 0.000000
vt 0.902935 0.000000
vt 0.941309 0.000000
vt 0.548533 0.000000
vt 0.939052 0.000000
vt 0.905192 0.000000
vt 0.717833 0.000000
vt 0.936795 0.000000
vt 0.907449 0.000000
vt 0.934537 0.000000
vt 0.909707 0.000000
vt 0.932280 0.000000
vt 0.911964 0.000000
vt 0.930023 0.000000
vt 0.550790 0.000000
vt 0.914221 0.000000
vt 0.927765 0.000000
vt 0.916479 0.000000
vt 0.715576 0.000000
vt 0.925508 0.000000
vt 0.918736 0.000000
vt 0.923251 0.000000
vt 0.920993 0.000000
vt 0.713318 0.000000
vt 0.553047 0.000000
vt 0.711061 0.000000
vt 0.555305 0.000000
vt 0.708804 0.000000
vt 0.557562 0.000000
vt 0.706546 0.000000
vt 0.559819 0.000000
vt 0.704289 0.000000
vt 0.702032 0.000000
vt 0.562077 0.000000
vt 0.564334 0.000000
vt 0.699774 0.000000
vt 0.566591 0.000000
vt 0.697517 0.000000
vt 0.568849 0.000000
vt 0.695260 0.000000
vt 0.571106 0.000000
vt 0.693002 0.000000
vt 0.573363 0.000000
vt 0.690745 0.000000
vt 0.575621 0.000000
vt 0.688488 0.000000
vt 0.577878 0.000000
vt 0.686230 0.000000
vt 0.580135 0.000000
vt 0.582393 0.000000
vt 0.683973 0.000000
vt 0.584650 0.000000
vt 0.681716 0.000000
vt 0.586907 0.000000
vt 0.679458 0.000000
vt 0.589165 0.000000
vt 0.677201 0.000000
vt 0.591422 0.000000
vt 0.593679 0.000000
vt 0.674944 0.000000
vt 0.672686 0.000000
vt 0.670429 0.000000
vt 0.668172 0.000000
vt 0.665914 0.000000
vt 0.663657 0.000000
vt 0.661400 0.000000
vt 0.659142 0.000000
vt 0.595937 0.000000
vt 0.656885 0.000000
vt 0.654628 0.000000
vt 0.652370 0.000000
vt 0.650113 0.000000
vt 0.647856 0.000000
vt 0.645598 0.000000
vt 0.643341 0.000000
vt 0.641084 0.000000
vt 0.598194 0.000000
vt 0.638826 0.000000
vt 0.600451 0.000000
vt 0.636569 0.000000
vt 0.602709 0.000000
vt 0.604966 0.000000
vt 0.634311 0.000000
vt 0.607223 0.000000
vt 0.632054 0.000000
vt 0.609481 0.000000
vt 0.611738 0.000000
vt 0.629797 0.000000
vt 0.613995 0.000000
vt 0.627540 0.000000
vt 0.616253 0.000000
vt 0.618510 0.000000
vt 0.625282 0.000000
vt 0.620767 0.000000
vt 0.623025 0.000000
vt 0.901800 0.000000
vt 0.905074 0.000000
vt 0.903437 0.000000
vt 0.900164 0.000000
vt 0.898527 0.000000
vt 0.906710 0.000000
vt 0.896890 0.000000
vt 0.895254 0.000000
vt 0.908347 0.000000
vt 0.893617 0.000000
vt 0.891980 0.000000
vt 0.890344 0.000000
vt 0.909984 0.000000
vt 0.888707 0.000000
vt 0.887070 0.000000
vt 0.911620 0.000000
vt 0.885434 0.000000
vt 0.883797 0.000000
vt 0.913257 0.000000
vt 0.882160 0.000000
vt 0.880524 0.000000
vt 0.878887 0.000000
vt 0.914894 0.000000
vt 0.877250 0.000000
vt 0.875614 0.000000
vt 0.916530 0.000000
vt 0.873977 0.000000
vt 0.872340 0.000000
vt 0.870704 0.000000
vt 0.869067 0.000000
vt 0.918167 0.000000
vt 0.867430 0.000000
vt 0.865794 0.000000
vt 0.864157 0.000000
vt 0.919804 0.000000
vt 0.862520 0.000000
vt 0.860884 0.000000
vt 0.859247 0.000000
vt 0.857610 0.000000
vt 0.855974 0.000000
vt 0.921440 0.000000
vt 0.854337 0.000000
vt 0.852700 0.000000
vt 0.851064 0.000000
vt 0.849427 0.000000
vt 0.847790 0.000000
vt 0.923077 0.000000
vt 0.846154 0.000000
vt 0.844517 0.000000
vt 0.842881 0.000000
vt 0.841244 0.000000
vt 0.924714 0.000000
vt 0.839607 0.000000
vt 0.837971 0.000000
vt 0.836334 0.000000
vt 0.926350 0.000000
vt 0.834697 0.000000
vt 0.833061 0.000000
vt 0.927987 0.000000
vt 0.831424 0.000000
vt 0.829787 0.000000
vt 0.929624 0.000000
vt 0.828151 0.000000
vt 0.826514 0.000000
vt 0.931260 0.000000
vt 0.824877 0.000000
vt 0.932897 0.000000
vt 0.823241 0.000000
vt 0.821604 0.000000
vt 0.819967 0.000000
vt 0.818331 0.000000
vt 0.934534 0.000000
vt 0.816694 0.000000
vt 0.815057 0.000000
vt 0.813421 0.000000
vt 0.936170 0.000000
vt 0.811784 0.000000
vt 0.810147 0.000000
vt 0.808511 0.000000
vt 0.937807 0.000000
vt 0.806874 0.000000
vt 0.805237 0.000000
vt 0.803601 0.000000
vt 0.939444 0.000000
vt 0.941080 0.000000
vt 0.801964 0.000000
vt 0.942717 0.000000
vt 0.800327 0.000000
vt 0.944354 0.000000
vt 0.798691 0.000000
vt 0.945990 0.000000
vt 0.947627 0.000000
vt 0.797054 0.000000
vt 0.949264 0.000000
vt 0.950900 0.000000
vt 0.952537 0.000000
vt 0.795417 0.000000
vt 0.954174 0.000000
vt 0.955810 0.000000
vt 0.957447 0.000000
vt 0.959083 0.000000
vt 0.793781 0.000000
vt 0.960720 0.000000
vt 0.962357 0.000000
vt 0.057283 0.000000
vt 0.060556 0.000000
vt 0.058920 0.000000
vt 0.055646 0.000000
vt 0.062193 0.000000
vt 0.054010 0.000000
vt 0.063830 0.000000
vt 0.052373 0.000000
vt 0.963993 0.000000
vt 0.065466 0.000000
vt 0.050736 0.000000
vt 0.067103 0.000000
vt 0.049100 0.000000
vt 0.965630 0.000000
vt 0.047463 0.000000
vt 0.068740 0.000000
vt 0.045827 0.000000
vt 0.967267 0.000000
vt 0.070376 0.000000
vt 0.792144 0.000000
vt 0.044190 0.000000
vt 0.968903 0.000000
vt 0.072013 0.000000
vt 0.042553 0.000000
vt 0.970540 0.000000
vt 0.073650 0.000000
vt 0.040917 0.000000
vt 0.972177 0.000000
vt 0.039280 0.000000
vt 0.075286 0.000000
vt 0.973813 0.000000
vt 0.975450 0.000000
vt 0.037643 0.000000
vt 0.076923 0.000000
vt 0.977087 0.000000
vt 0.036007 0.000000
vt 0.978723 0.000000
vt 0.034370 0.000000
vt 0.790507 0.000000
vt 0.078560 0.000000
vt 0.980360 0.000000
vt 0.032733 0.000000
vt 0.981997 0.000000
vt 0.031097 0.000000
vt 0.983633 0.000000
vt 0.080196 0.000000
vt 0.029460 0.000000
vt 0.985270 0.000000
vt 0.027823 0.000000
vt 0.986907 0.000000
vt 0.026187 0.000000
vt 0.024550 0.000000
vt 0.988543 0.000000
vt 0.022913 0.000000
vt 0.021277 0.000000
vt 0.081833 0.000000
vt 0.990180 0.000000
vt 0.019640 0.000000
vt 0.788871 0.000000
vt 0.018003 0.000000
vt 0.991817 0.000000
vt 0.016367 0.000000
vt 0.993453 0.000000
vt 0.083470 0.000000
vt 0.014730 0.000000
vt 0.995090 0.000000
vt 0.013093 0.000000
vt 0.996727 0.000000
vt 0.787234 0.000000
vt 0.085106 0.000000
vt 0.011457 0.000000
vt 0.998363 0.000000
vt 0.009820 0.000000
vt 0.008183 0.000000
vt 0.086743 0.000000
vt 0.006547 0.000000
vt 0.004910 0.000000
vt 0.785597 0.000000
vt 0.003273 0.000000
vt 0.088380 0.000000
vt 0.001637 0.000000
vt 0.090016 0.000000
vt 0.783961 0.000000
vt 0.091653 0.000000
vt 0.093290 0.000000
vt 0.553191 0.000000
vt 0.551555 0.000000
vt 0.549918 0.000000
vt 0.094926 0.000000
vt 0.782324 0.000000
vt 0.569558 0.000000
vt 0.571195 0.000000
vt 0.567921 0.000000
vt 0.566285 0.000000
vt 0.564648 0.000000
vt 0.563011 0.000000
vt 0.561375 0.000000
vt 0.559738 0.000000
vt 0.558101 0.000000
vt 0.556465 0.000000
vt 0.554828 0.000000
vt 0.548281 0.000000
vt 0.546645 0.000000
vt 0.545008 0.000000
vt 0.543371 0.000000
vt 0.541735 0.000000
vt 0.572831 0.000000
vt 0.540098 0.000000
vt 0.538462 0.000000
vt 0.536825 0.000000
vt 0.574468 0.000000
vt 0.535188 0.000000
vt 0.096563 0.000000
vt 0.576105 0.000000
vt 0.533552 0.000000
vt 0.531915 0.000000
vt 0.577741 0.000000
vt 0.530278 0.000000
vt 0.579378 0.000000
vt 0.528642 0.000000
vt 0.581015 0.000000
vt 0.527005 0.000000
vt 0.582651 0.000000
vt 0.525368 0.000000
vt 0.584288 0.000000
vt 0.098200 0.000000
vt 0.523732 0.000000
vt 0.585925 0.000000
vt 0.587561 0.000000
vt 0.522095 0.000000
vt 0.589198 0.000000
vt 0.520458 0.000000
vt 0.590835 0.000000
vt 0.518822 0.000000
vt 0.517185 0.000000
vt 0.099836 0.000000
vt 0.592471 0.000000
vt 0.515548 0.000000
vt 0.780687 0.000000
vt 0.648118 0.000000
vt 0.594108 0.000000
vt 0.513912 0.000000
vt 0.649755 0.000000
vt 0.646481 0.000000
vt 0.595745 0.000000
vt 0.512275 0.000000
vt 0.101473 0.000000
vt 0.597381 0.000000
vt 0.510638 0.000000
vt 0.644845 0.000000
vt 0.599018 0.000000
vt 0.509002 0.000000
vt 0.600655 0.000000
vt 0.602291 0.000000
vt 0.643208 0.000000
vt 0.103110 0.000000
vt 0.603928 0.000000
vt 0.605565 0.000000
vt 0.607201 0.000000
vt 0.608838 0.000000
vt 0.641571 0.000000
vt 0.610475 0.000000
vt 0.612111 0.000000
vt 0.639935 0.000000
vt 0.104746 0.000000
vt 0.613748 0.000000
vt 0.638298 0.000000
vt 0.615385 0.000000
vt 0.636661 0.000000
vt 0.617021 0.000000
vt 0.106383 0.000000
vt 0.618658 0.000000
vt 0.635025 0.000000
vt 0.620295 0.000000
vt 0.633388 0.000000
vt 0.621931 0.000000
vt 0.631751 0.000000
vt 0.623568 0.000000
vt 0.625205 0.000000
vt 0.630115 0.000000
vt 0.779051 0.000000
vt 0.626841 0.000000
vt 0.108020 0.000000
vt 0.628478 0.000000
vt 0.109656 0.000000
vt 0.111293 0.000000
vt 0.651391 0.000000
vt 0.112930 0.000000
vt 0.507365 0.000000
vt 0.114566 0.000000
vt 0.116203 0.000000
vt 0.777414 0.000000
vt 0.117840 0.000000
vt 0.119476 0.000000
vt 0.121113 0.000000
vt 0.122750 0.000000
vt 0.124386 0.000000
vt 0.126023 0.000000
vt 0.127660 0.000000
vt 0.129296 0.000000
vt 0.653028 0.000000
vt 0.775777 0.000000
vt 0.505728 0.000000
vt 0.130933 0.000000
vt 0.132570 0.000000
vt 0.134206 0.000000
vt 0.135843 0.000000
vt 0.137480 0.000000
vt 0.139116 0.000000
vt 0.774141 0.000000
vt 0.654664 0.000000
vt 0.504092 0.000000
vt 0.772504 0.000000
vt 0.140753 0.000000
vt 0.656301 0.000000
vt 0.502455 0.000000
vt 0.770867 0.000000
vt 0.142390 0.000000
vt 0.657938 0.000000
vt 0.500818 0.000000
vt 0.769231 0.000000
vt 0.144026 0.000000
vt 0.659574 0.000000
vt 0.767594 0.000000
vt 0.499182 0.000000
vt 0.661211 0.000000
vt 0.765957 0.000000
vt 0.145663 0.000000
vt 0.497545 0.000000
vt 0.662848 0.000000
vt 0.764321 0.000000
vt 0.147300 0.000000
vt 0.495908 0.000000
vt 0.762684 0.000000
vt 0.664484 0.000000
vt 0.494272 0.000000
vt 0.148936 0.000000
vt 0.430442 0.000000
vt 0.433715 0.000000
vt 0.432079 0.000000
vt 0.435352 0.000000
vt 0.436989 0.000000
vt 0.438625 0.000000
vt 0.440262 0.000000
vt 0.441899 0.000000
vt 0.443535 0.000000
vt 0.445172 0.000000
vt 0.446809 0.000000
vt 0.448445 0.000000
vt 0.450082 0.000000
vt 0.451718 0.000000
vt 0.453355 0.000000
vt 0.428805 0.000000
vt 0.427169 0.000000
vt 0.454992 0.000000
vt 0.425532 0.000000
vt 0.456628 0.000000
vt 0.423895 0.000000
vt 0.458265 0.000000
vt 0.459902 0.000000
vt 0.422259 0.000000
vt 0.461538 0.000000
vt 0.463175 0.000000
vt 0.420622 0.000000
vt 0.464812 0.000000
vt 0.466448 0.000000
vt 0.418985 0.000000
vt 0.468085 0.000000
vt 0.469722 0.000000
vt 0.471358 0.000000
vt 0.761047 0.000000
vt 0.417349 0.000000
vt 0.472995 0.000000
vt 0.415712 0.000000
vt 0.666121 0.000000
vt 0.474632 0.000000
vt 0.414075 0.000000
vt 0.412439 0.000000
vt 0.476268 0.000000
vt 0.410802 0.000000
vt 0.409165 0.000000
vt 0.477905 0.000000
vt 0.407529 0.000000
vt 0.405892 0.000000
vt 0.479542 0.000000
vt 0.404255 0.000000
vt 0.402619 0.000000
vt 0.492635 0.000000
vt 0.150573 0.000000
vt 0.400982 0.000000
vt 0.481178 0.000000
vt 0.759411 0.000000
vt 0.399345 0.000000
vt 0.397709 0.000000
vt 0.667758 0.000000
vt 0.396072 0.000000
vt 0.482815 0.000000
vt 0.394435 0.000000
vt 0.392799 0.000000
vt 0.484452 0.000000
vt 0.391162 0.000000
vt 0.486088 0.000000
vt 0.757774 0.000000
vt 0.490998 0.000000
vt 0.389525 0.000000
vt 0.487725 0.000000
vt 0.669394 0.000000
vt 0.152209 0.000000
vt 0.489362 0.000000
vt 0.387889 0.000000
vt 0.756137 0.000000
vt 0.671031 0.000000
vt 0.386252 0.000000
vt 0.153846 0.000000
vt 0.384615 0.000000
vt 0.754501 0.000000
vt 0.672668 0.000000
vt 0.382979 0.000000
vt 0.155483 0.000000
vt 0.752864 0.000000
vt 0.381342 0.000000
vt 0.674304 0.000000
vt 0.379705 0.000000
vt 0.157119 0.000000
vt 0.751227 0.000000
vt 0.675941 0.000000
vt 0.378069 0.000000
vt 0.376432 0.000000
vt 0.158756 0.000000
vt 0.677578 0.000000
vt 0.749591 0.000000
vt 0.374795 0.000000
vt 0.679214 0.000000
vt 0.160393 0.000000
vt 0.373159 0.000000
vt 0.747954 0.000000
vt 0.371522 0.000000
vt 0.680851 0.000000
vt 0.162029 0.000000
vt 0.746318 0.000000
vt 0.682488 0.000000
vt 0.163666 0.000000
vt 0.684124 0.000000
vt 0.744681 0.000000
vt 0.743044 0.000000
vt 0.741408 0.000000
vt 0.369885 0.000000
vt 0.739771 0.000000
vt 0.738134 0.000000
vt 0.685761 0.000000
vt 0.736498 0.000000
vt 0.165303 0.000000
vt 0.734861 0.000000
vt 0.733224 0.000000
vt 0.731588 0.000000
vt 0.729951 0.000000
vt 0.728314 0.000000
vt 0.687398 0.000000
vt 0.726678 0.000000
vt 0.725041 0.000000
vt 0.723404 0.000000
vt 0.721768 0.000000
vt 0.166939 0.000000
vt 0.720131 0.000000
vt 0.689034 0.000000
vt 0.690671 0.000000
vt 0.718494 0.000000
vt 0.692308 0.000000
vt 0.716858 0.000000
vt 0.693944 0.000000
vt 0.715221 0.000000
vt 0.695581 0.000000
vt 0.697218 0.000000
vt 0.713584 0.000000
vt 0.698854 0.000000
vt 0.711948 0.000000
vt 0.700491 0.000000
vt 0.368249 0.000000
vt 0.710311 0.000000
vt 0.702128 0.000000
vt 0.703764 0.000000
vt 0.708674 0.000000
vt 0.705401 0.000000
vt 0.707038 0.000000
vt 0.168576 0.000000
vt 0.255319 0.000000
vt 0.170213 0.000000
vt 0.366612 0.000000
vt 0.256956 0.000000
vt 0.253682 0.000000
vt 0.252046 0.000000
vt 0.250409 0.000000
vt 0.171849 0.000000
vt 0.248773 0.000000
vt 0.247136 0.000000
vt 0.173486 0.000000
vt 0.364975 0.000000
vt 0.245499 0.000000
vt 0.243863 0.000000
vt 0.175123 0.000000
vt 0.242226 0.000000
vt 0.363339 0.000000
vt 0.176759 0.000000
vt 0.240589 0.000000
vt 0.258592 0.000000
vt 0.238953 0.000000
vt 0.178396 0.000000
vt 0.180033 0.000000
vt 0.361702 0.000000
vt 0.237316 0.000000
vt 0.181669 0.000000
vt 0.183306 0.000000
vt 0.184943 0.000000
vt 0.235679 0.000000
vt 0.186579 0.000000
vt 0.188216 0.000000
vt 0.360065 0.000000
vt 0.189853 0.000000
vt 0.234043 0.000000
vt 0.191489 0.000000
vt 0.260229 0.000000
vt 0.193126 0.000000
vt 0.232406 0.000000
vt 0.194763 0.000000
vt 0.230769 0.000000
vt 0.196399 0.000000
vt 0.229133 0.000000
vt 0.198036 0.000000
vt 0.358429 0.000000
vt 0.199673 0.000000
vt 0.227496 0.000000
vt 0.201309 0.000000
vt 0.225859 0.000000
vt 0.202946 0.000000
vt 0.224223 0.000000
vt 0.204583 0.000000
vt 0.206219 0.000000
vt 0.222586 0.000000
vt 0.207856 0.000000
vt 0.220949 0.000000
vt 0.209493 0.000000
vt 0.219313 0.000000
vt 0.211129 0.000000
vt 0.212766 0.000000
vt 0.217676 0.000000
vt 0.214403 0.000000
vt 0.216039 0.000000
vt 0.356792 0.000000
vt 0.261866 0.000000
vt 0.355155 0.000000
vt 0.353519 0.000000
vt 0.263502 0.000000
vt 0.351882 0.000000
vt 0.350246 0.000000
vt 0.265139 0.000000
vt 0.348609 0.000000
vt 0.346972 0.000000
vt 0.345336 0.000000
vt 0.266776 0.000000
vt 0.343699 0.000000
vt 0.342062 0.000000
vt 0.268412 0.000000
vt 0.340426 0.000000
vt 0.338789 0.000000
vt 0.270049 0.000000
vt 0.337152 0.000000
vt 0.271686 0.000000
vt 0.335516 0.000000
vt 0.333879 0.000000
vt 0.273322 0.000000
vt 0.332242 0.000000
vt 0.330606 0.000000
vt 0.328969 0.000000
vt 0.327332 0.000000
vt 0.325696 0.000000
vt 0.274959 0.000000
vt 0.324059 0.000000
vt 0.322422 0.000000
vt 0.320786 0.000000
vt 0.319149 0.000000
vt 0.317512 0.000000
vt 0.315876 0.000000
vt 0.314239 0.000000
vt 0.312602 0.000000
vt 0.310966 0.000000
vt 0.309329 0.000000
vt 0.307692 0.000000
vt 0.276596 0.000000
vt 0.306056 0.000000
vt 0.278232 0.000000
vt 0.304419 0.000000
vt 0.279869 0.000000
vt 0.281506 0.000000
vt 0.302782 0.000000
vt 0.283142 0.000000
vt 0.301146 0.000000
vt 0.284779 0.000000
vt 0.286416 0.000000
vt 0.299509 0.000000
vt 0.288052 0.000000
vt 0.297872 0.000000
vt 0.289689 0.000000
vt 0.291326 0.000000
vt 0.296236 0.000000
vt 0.292962 0.000000
vt 0.294599 0.000000
vt 0.047817 0.000000
vt 0.051975 0.000000
vt 0.049896 0.000000
vt 0.045738 0.000000
vt 0.054054 0.000000
vt 0.043659 0.000000
vt 0.041580 0.000000
vt 0.056133 0.000000
vt 0.039501 0.000000
vt 0.058212 0.000000
vt 0.037422 0.000000
vt 0.035343 0.000000
vt 0.060291 0.000000
vt 0.033264 0.000000
vt 0.031185 0.000000
vt 0.062370 0.000000
vt 0.029106 0.000000
vt 0.064449 0.000000
vt 0.027027 0.000000
vt 0.024948 0.000000
vt 0.066528 0.000000
vt 0.022869 0.000000
vt 0.020790 0.000000
vt 0.018711 0.000000
vt 0.898129 0.000000
vt 0.902287 0.000000
vt 0.900208 0.000000
vt 0.904366 0.000000
vt 0.896050 0.000000
vt 0.016632 0.000000
vt 0.068607 0.000000
vt 0.906445 0.000000
vt 0.908524 0.000000
vt 0.893971 0.000000
vt 0.014553 0.000000
vt 0.910603 0.000000
vt 0.891892 0.000000
vt 0.912682 0.000000
vt 0.012474 0.000000
vt 0.914761 0.000000
vt 0.010395 0.000000
vt 0.889813 0.000000
vt 0.008316 0.000000
vt 0.916840 0.000000
vt 0.006237 0.000000
vt 0.887734 0.000000
vt 0.070686 0.000000
vt 0.004158 0.000000
vt 0.918919 0.000000
vt 0.002079 0.000000
vt 0.920998 0.000000
vt 0.885655 0.000000
vt 0.883576 0.000000
vt 0.925156 0.000000
vt 0.072765 0.000000
vt 0.927235 0.000000
vt 0.881497 0.000000
vt 0.929314 0.000000
vt 0.879418 0.000000
vt 0.074844 0.000000
vt 0.931393 0.000000
vt 0.877339 0.000000
vt 0.933472 0.000000
vt 0.875260 0.000000
vt 0.935551 0.000000
vt 0.079002 0.000000
vt 0.937630 0.000000
vt 0.873181 0.000000
vt 0.939709 0.000000
vt 0.081081 0.000000
vt 0.941788 0.000000
vt 0.871102 0.000000
vt 0.083160 0.000000
vt 0.943867 0.000000
vt 0.945946 0.000000
vt 0.085239 0.000000
vt 0.869023 0.000000
vt 0.948025 0.000000
vt 0.950104 0.000000
vt 0.952183 0.000000
vt 0.997921 0.000000
vt 0.087318 0.000000
vt 0.954262 0.000000
vt 0.995842 0.000000
vt 0.956341 0.000000
vt 0.993763 0.000000
vt 0.866944 0.000000
vt 0.958420 0.000000
vt 0.991684 0.000000
vt 0.089397 0.000000
vt 0.960499 0.000000
vt 0.989605 0.000000
vt 0.962578 0.000000
vt 0.987526 0.000000
vt 0.964657 0.000000
vt 0.985447 0.000000
vt 0.966736 0.000000
vt 0.983368 0.000000
vt 0.968815 0.000000
vt 0.981289 0.000000
vt 0.091476 0.000000
vt 0.970894 0.000000
vt 0.979210 0.000000
vt 0.972973 0.000000
vt 0.977131 0.000000
vt 0.975052 0.000000
vt 0.093555 0.000000
vt 0.864865 0.000000
vt 0.095634 0.000000
vt 0.097713 0.000000
vt 0.099792 0.000000
vt 0.101871 0.000000
vt 0.862786 0.000000
vt 0.103950 0.000000
vt 0.700624 0.000000
vt 0.106029 0.000000
vt 0.860707 0.000000
vt 0.702703 0.000000
vt 0.698545 0.000000
vt 0.704782 0.000000
vt 0.706861 0.000000
vt 0.708940 0.000000
vt 0.696466 0.000000
vt 0.711019 0.000000
vt 0.713098 0.000000
vt 0.715177 0.000000
vt 0.694387 0.000000
vt 0.717256 0.000000
vt 0.719335 0.000000
vt 0.721414 0.000000
vt 0.723493 0.000000
vt 0.725572 0.000000
vt 0.727651 0.000000
vt 0.690229 0.000000
vt 0.688150 0.000000
vt 0.686071 0.000000
vt 0.683992 0.000000
vt 0.108108 0.000000
vt 0.681913 0.000000
vt 0.729730 0.000000
vt 0.679834 0.000000
vt 0.677755 0.000000
vt 0.731809 0.000000
vt 0.675676 0.000000
vt 0.673597 0.000000
vt 0.110187 0.000000
vt 0.858628 0.000000
vt 0.733888 0.000000
vt 0.671518 0.000000
vt 0.735967 0.000000
vt 0.669439 0.000000
vt 0.112266 0.000000
vt 0.738046 0.000000
vt 0.667360 0.000000
vt 0.740125 0.000000
vt 0.742204 0.000000
vt 0.665281 0.000000
vt 0.114345 0.000000
vt 0.856549 0.000000
vt 0.744283 0.000000
vt 0.663202 0.000000
vt 0.746362 0.000000
vt 0.748441 0.000000
vt 0.750520 0.000000
vt 0.661123 0.000000
vt 0.116424 0.000000
vt 0.752599 0.000000
vt 0.659044 0.000000
vt 0.754678 0.000000
vt 0.656965 0.000000
vt 0.118503 0.000000
vt 0.854470 0.000000
vt 0.756757 0.000000
vt 0.654886 0.000000
vt 0.652807 0.000000
vt 0.758836 0.000000
vt 0.120582 0.000000
vt 0.650728 0.000000
vt 0.760915 0.000000
vt 0.648649 0.000000
vt 0.122661 0.000000
vt 0.762994 0.000000
vt 0.852391 0.000000
vt 0.765073 0.000000
vt 0.124740 0.000000
vt 0.767152 0.000000
vt 0.126819 0.000000
vt 0.850312 0.000000
vt 0.771310 0.000000
vt 0.128898 0.000000
vt 0.773389 0.000000
vt 0.130977 0.000000
vt 0.848233 0.000000
vt 0.775468 0.000000
vt 0.777547 0.000000
vt 0.133056 0.000000
vt 0.646570 0.000000
vt 0.779626 0.000000
vt 0.135135 0.000000
vt 0.781705 0.000000
vt 0.137214 0.000000
vt 0.783784 0.000000
vt 0.139293 0.000000
vt 0.785863 0.000000
vt 0.844075 0.000000
vt 0.141372 0.000000
vt 0.787942 0.000000
vt 0.143451 0.000000
vt 0.790021 0.000000
vt 0.145530 0.000000
vt 0.147609 0.000000
vt 0.841996 0.000000
vt 0.792100 0.000000
vt 0.149688 0.000000
vt 0.644491 0.000000
vt 0.151767 0.000000
vt 0.794179 0.000000
vt 0.155925 0.000000
vt 0.158004 0.000000
vt 0.796258 0.000000
vt 0.839917 0.000000
vt 0.160083 0.000000
vt 0.798337 0.000000
vt 0.162162 0.000000
vt 0.800416 0.000000
vt 0.164241 0.000000
vt 0.837838 0.000000
vt 0.802495 0.000000
vt 0.166320 0.000000
vt 0.804574 0.000000
vt 0.835759 0.000000
vt 0.168399 0.000000
vt 0.806653 0.000000
vt 0.808732 0.000000
vt 0.170478 0.000000
vt 0.833680 0.000000
vt 0.642412 0.000000
vt 0.810811 0.000000
vt 0.831601 0.000000
vt 0.172557 0.000000
vt 0.812890 0.000000
vt 0.814969 0.000000
vt 0.829522 0.000000
vt 0.817048 0.000000
vt 0.819127 0.000000
vt 0.174636 0.000000
vt 0.827443 0.000000
vt 0.821206 0.000000
vt 0.823285 0.000000
vt 0.825364 0.000000
vt 0.523908 0.000000
vt 0.528067 0.000000
vt 0.525988 0.000000
vt 0.521830 0.000000
vt 0.530146 0.000000
vt 0.519751 0.000000
vt 0.532225 0.000000
vt 0.517672 0.000000
vt 0.534304 0.000000
vt 0.515593 0.000000
vt 0.536383 0.000000
vt 0.513514 0.000000
vt 0.176715 0.000000
vt 0.511434 0.000000
vt 0.509355 0.000000
vt 0.540541 0.000000
vt 0.507277 0.000000
vt 0.542620 0.000000
vt 0.505198 0.000000
vt 0.544699 0.000000
vt 0.503119 0.000000
vt 0.640333 0.000000
vt 0.501040 0.000000
vt 0.546778 0.000000
vt 0.498960 0.000000
vt 0.548857 0.000000
vt 0.496881 0.000000
vt 0.550936 0.000000
vt 0.178794 0.000000
vt 0.494803 0.000000
vt 0.553015 0.000000
vt 0.555094 0.000000
vt 0.492723 0.000000
vt 0.557173 0.000000
vt 0.490644 0.000000
vt 0.559252 0.000000
vt 0.488565 0.000000
vt 0.638254 0.000000
vt 0.561331 0.000000
vt 0.486486 0.000000
vt 0.563410 0.000000
vt 0.180873 0.000000
vt 0.484407 0.000000
vt 0.565489 0.000000
vt 0.482328 0.000000
vt 0.567568 0.000000
vt 0.480249 0.000000
vt 0.478170 0.000000
vt 0.569647 0.000000
vt 0.476091 0.000000
vt 0.571726 0.000000
vt 0.474012 0.000000
vt 0.471933 0.000000
vt 0.636175 0.000000
vt 0.469854 0.000000
vt 0.573805 0.000000
vt 0.182952 0.000000
vt 0.467775 0.000000
vt 0.465696 0.000000
vt 0.575884 0.000000
vt 0.463617 0.000000
vt 0.459459 0.000000
vt 0.457380 0.000000
vt 0.455301 0.000000
vt 0.577963 0.000000
vt 0.453222 0.000000
vt 0.451143 0.000000
vt 0.449064 0.000000
vt 0.580042 0.000000
vt 0.446985 0.000000
vt 0.582121 0.000000
vt 0.444906 0.000000
vt 0.584200 0.000000
vt 0.442827 0.000000
vt 0.586279 0.000000
vt 0.440748 0.000000
vt 0.588358 0.000000
vt 0.185031 0.000000
vt 0.634096 0.000000
vt 0.438669 0.000000
vt 0.590437 0.000000
vt 0.592516 0.000000
vt 0.436590 0.000000
vt 0.594595 0.000000
vt 0.434511 0.000000
vt 0.596674 0.000000
vt 0.598753 0.000000
vt 0.432432 0.000000
vt 0.600832 0.000000
vt 0.430353 0.000000
vt 0.602911 0.000000
vt 0.428274 0.000000
vt 0.604990 0.000000
vt 0.187110 0.000000
vt 0.632017 0.000000
vt 0.607069 0.000000
vt 0.426195 0.000000
vt 0.609148 0.000000
vt 0.424116 0.000000
vt 0.422037 0.000000
vt 0.611227 0.000000
vt 0.419958 0.000000
vt 0.417879 0.000000
vt 0.613306 0.000000
vt 0.415800 0.000000
vt 0.189189 0.000000
vt 0.629938 0.000000
vt 0.413721 0.000000
vt 0.411642 0.000000
vt 0.409563 0.000000
vt 0.617464 0.000000
vt 0.407484 0.000000
vt 0.405405 0.000000
vt 0.619543 0.000000
vt 0.627859 0.000000
vt 0.191268 0.000000
vt 0.403326 0.000000
vt 0.401247 0.000000
vt 0.621622 0.000000
vt 0.399168 0.000000
vt 0.623701 0.000000
vt 0.625780 0.000000
vt 0.193347 0.000000
vt 0.397089 0.000000
vt 0.195426 0.000000
vt 0.197505 0.000000
vt 0.395010 0.000000
vt 0.199584 0.000000
vt 0.392931 0.000000
vt 0.201663 0.000000
vt 0.390852 0.000000
vt 0.203742 0.000000
vt 0.388773 0.000000
vt 0.205821 0.000000
vt 0.386694 0.000000
vt 0.207900 0.000000
vt 0.209979 0.000000
vt 0.382536 0.000000
vt 0.212058 0.000000
vt 0.380457 0.000000
vt 0.214137 0.000000
vt 0.378378 0.000000
vt 0.216216 0.000000
vt 0.376299 0.000000
vt 0.218295 0.000000
vt 0.374220 0.000000
vt 0.220374 0.000000
vt 0.372141 0.000000
vt 0.222453 0.000000
vt 0.224532 0.000000
vt 0.370062 0.000000
vt 0.226611 0.000000
vt 0.228690 0.000000
vt 0.367983 0.000000
vt 0.232848 0.000000
vt 0.365904 0.000000
vt 0.234927 0.000000
vt 0.237006 0.000000
vt 0.363825 0.000000
vt 0.239085 0.000000
vt 0.241164 0.000000
vt 0.361746 0.000000
vt 0.243243 0.000000
vt 0.245322 0.000000
vt 0.359667 0.000000
vt 0.247401 0.000000
vt 0.249480 0.000000
vt 0.357588 0.000000
vt 0.251559 0.000000
vt 0.355509 0.000000
vt 0.253638 0.000000
vt 0.255717 0.000000
vt 0.257796 0.000000
vt 0.353430 0.000000
vt 0.259875 0.000000
vt 0.261954 0.000000
vt 0.351351 0.000000
vt 0.264033 0.000000
vt 0.266112 0.000000
vt 0.349272 0.000000
vt 0.268191 0.000000
vt 0.270270 0.000000
vt 0.347193 0.000000
vt 0.345114 0.000000
vt 0.272349 0.000000
vt 0.343035 0.000000
vt 0.340956 0.000000
vt 0.338877 0.000000
vt 0.336798 0.000000
vt 0.274428 0.000000
vt 0.334719 0.000000
vt 0.332640 0.000000
vt 0.330561 0.000000
vt 0.328482 0.000000
vt 0.276507 0.000000
vt 0.326403 0.000000
vt 0.324324 0.000000
vt 0.278586 0.000000
vt 0.322245 0.000000
vt 0.280665 0.000000
vt 0.320166 0.000000
vt 0.318087 0.000000
vt 0.282744 0.000000
vt 0.316008 0.000000
vt 0.284823 0.000000
vt 0.313929 0.000000
vt 0.286902 0.000000
vt 0.311850 0.000000
vt 0.288981 0.000000
vt 0.309771 0.000000
vt 0.291060 0.000000
vt 0.293139 0.000000
vt 0.305613 0.000000
vt 0.295218 0.000000
vt 0.303534 0.000000
vt 0.297297 0.000000
vt 0.301455 0.000000
vt 0.299376 0.000000
vt 0.816794 0.000000
vt 0.820611 0.000000
vt 0.818702 0.000000
vt 0.864504 0.000000
vt 0.868321 0.000000
vt 0.866412 0.000000
vt 0.870229 0.000000
vt 0.862595 0.000000
vt 0.822519 0.000000
vt 0.872137 0.000000
vt 0.860687 0.000000
vt 0.874046 0.000000
vt 0.858779 0.000000
vt 0.875954 0.000000
vt 0.824427 0.000000
vt 0.856870 0.000000
vt 0.877863 0.000000
vt 0.814885 0.000000
vt 0.854962 0.000000
vt 0.826336 0.000000
vt 0.879771 0.000000
vt 0.853053 0.000000
vt 0.881679 0.000000
vt 0.828244 0.000000
vt 0.883588 0.000000
vt 0.851145 0.000000
vt 0.830153 0.000000
vt 0.812977 0.000000
vt 0.885496 0.000000
vt 0.832061 0.000000
vt 0.849237 0.000000
vt 0.887405 0.000000
vt 0.833969 0.000000
vt 0.847328 0.000000
vt 0.835878 0.000000
vt 0.811069 0.000000
vt 0.889313 0.000000
vt 0.845420 0.000000
vt 0.837786 0.000000
vt 0.891221 0.000000
vt 0.839695 0.000000
vt 0.893130 0.000000
vt 0.843511 0.000000
vt 0.809160 0.000000
vt 0.895038 0.000000
vt 0.841603 0.000000
vt 0.896947 0.000000
vt 0.898855 0.000000
vt 0.900763 0.000000
vt 0.902672 0.000000
vt 0.807252 0.000000
vt 0.904580 0.000000
vt 0.906489 0.000000
vt 0.908397 0.000000
vt 0.910305 0.000000
vt 0.912214 0.000000
vt 0.805344 0.000000
vt 0.998092 0.000000
vt 0.914122 0.000000
vt 0.916031 0.000000
vt 0.996183 0.000000
vt 0.917939 0.000000
vt 0.994275 0.000000
vt 0.935115 0.000000
vt 0.919847 0.000000
vt 0.921756 0.000000
vt 0.803435 0.000000
vt 0.923664 0.000000
vt 0.925573 0.000000
vt 0.927481 0.000000
vt 0.929389 0.000000
vt 0.931298 0.000000
vt 0.801527 0.000000
vt 0.933206 0.000000
vt 0.937023 0.000000
vt 0.799618 0.000000
vt 0.797710 0.000000
vt 0.795802 0.000000
vt 0.938931 0.000000
vt 0.793893 0.000000
vt 0.990458 0.000000
vt 0.988550 0.000000
vt 0.992366 0.000000
vt 0.986641 0.000000
vt 0.725191 0.000000
vt 0.723282 0.000000
vt 0.727099 0.000000
vt 0.984733 0.000000
vt 0.791985 0.000000
vt 0.729008 0.000000
vt 0.790076 0.000000
vt 0.940840 0.000000
vt 0.788168 0.000000
vt 0.730916 0.000000
vt 0.786260 0.000000
vt 0.942748 0.000000
vt 0.784351 0.000000
vt 0.732824 0.000000
vt 0.782443 0.000000
vt 0.982824 0.000000
vt 0.944656 0.000000
vt 0.780534 0.000000
vt 0.734733 0.000000
vt 0.778626 0.000000
vt 0.980916 0.000000
vt 0.776718 0.000000
vt 0.555344 0.000000
vt 0.559160 0.000000
vt 0.557252 0.000000
vt 0.946565 0.000000
vt 0.736641 0.000000
vt 0.774809 0.000000
vt 0.561069 0.000000
vt 0.979008 0.000000
vt 0.772901 0.000000
vt 0.562977 0.000000
vt 0.738550 0.000000
vt 0.564885 0.000000
vt 0.770992 0.000000
vt 0.566794 0.000000
vt 0.948473 0.000000
vt 0.769084 0.000000
vt 0.977099 0.000000
vt 0.568702 0.000000
vt 0.767176 0.000000
vt 0.740458 0.000000
vt 0.765267 0.000000
vt 0.570611 0.000000
vt 0.763359 0.000000
vt 0.572519 0.000000
vt 0.742366 0.000000
vt 0.950382 0.000000
vt 0.761450 0.000000
vt 0.975191 0.000000
vt 0.553435 0.000000
vt 0.574427 0.000000
vt 0.759542 0.000000
vt 0.744275 0.000000
vt 0.757634 0.000000
vt 0.576336 0.000000
vt 0.755725 0.000000
vt 0.746183 0.000000
vt 0.753817 0.000000
vt 0.751908 0.000000
vt 0.578244 0.000000
vt 0.748092 0.000000
vt 0.750000 0.000000
vt 0.973282 0.000000
vt 0.437023 0.000000
vt 0.440840 0.000000
vt 0.438931 0.000000
vt 0.952290 0.000000
vt 0.580153 0.000000
vt 0.582061 0.000000
vt 0.971374 0.000000
vt 0.954198 0.000000
vt 0.442748 0.000000
vt 0.583969 0.000000
vt 0.585878 0.000000
vt 0.969466 0.000000
vt 0.587786 0.000000
vt 0.956107 0.000000
vt 0.444656 0.000000
vt 0.589695 0.000000
vt 0.551527 0.000000
vt 0.967557 0.000000
vt 0.591603 0.000000
vt 0.958015 0.000000
vt 0.435115 0.000000
vt 0.965649 0.000000
vt 0.593511 0.000000
vt 0.959924 0.000000
vt 0.446565 0.000000
vt 0.963740 0.000000
vt 0.595420 0.000000
vt 0.961832 0.000000
vt 0.597328 0.000000
vt 0.448473 0.000000
vt 0.599237 0.000000
vt 0.601145 0.000000
vt 0.450382 0.000000
vt 0.603053 0.000000
vt 0.549618 0.000000
vt 0.433206 0.000000
vt 0.604962 0.000000
vt 0.452290 0.000000
vt 0.606870 0.000000
vt 0.454198 0.000000
vt 0.608779 0.000000
vt 0.456107 0.000000
vt 0.610687 0.000000
vt 0.458015 0.000000
vt 0.612595 0.000000
vt 0.547710 0.000000
vt 0.459924 0.000000
vt 0.431298 0.000000
vt 0.461832 0.000000
vt 0.614504 0.000000
vt 0.463740 0.000000
vt 0.616412 0.000000
vt 0.465649 0.000000
vt 0.467557 0.000000
vt 0.618321 0.000000
vt 0.469466 0.000000
vt 0.471374 0.000000
vt 0.620229 0.000000
vt 0.545802 0.000000
vt 0.429389 0.000000
vt 0.473282 0.000000
vt 0.622137 0.000000
vt 0.475191 0.000000
vt 0.477099 0.000000
vt 0.624046 0.000000
vt 0.479008 0.000000
vt 0.625954 0.000000
vt 0.480916 0.000000
vt 0.543893 0.000000
vt 0.627863 0.000000
vt 0.482824 0.000000
vt 0.427481 0.000000
vt 0.484733 0.000000
vt 0.486641 0.000000
vt 0.488550 0.000000
vt 0.541985 0.000000
vt 0.490458 0.000000
vt 0.492366 0.000000
vt 0.425573 0.000000
vt 0.494275 0.000000
vt 0.650763 0.000000
vt 0.654580 0.000000
vt 0.652672 0.000000
vt 0.656489 0.000000
vt 0.648855 0.000000
vt 0.540076 0.000000
vt 0.658397 0.000000
vt 0.496183 0.000000
vt 0.646947 0.000000
vt 0.660305 0.000000
vt 0.498092 0.000000
vt 0.645038 0.000000
vt 0.662214 0.000000
vt 0.500000 0.000000
vt 0.643130 0.000000
vt 0.501908 0.000000
vt 0.664122 0.000000
vt 0.423664 0.000000
vt 0.538168 0.000000
vt 0.503817 0.000000
vt 0.666031 0.000000
vt 0.641221 0.000000
vt 0.505725 0.000000
vt 0.507634 0.000000
vt 0.536260 0.000000
vt 0.509542 0.000000
vt 0.667939 0.000000
vt 0.639313 0.000000
vt 0.421756 0.000000
vt 0.511450 0.000000
vt 0.669847 0.000000
vt 0.534351 0.000000
vt 0.637405 0.000000
vt 0.513359 0.000000
vt 0.671756 0.000000
vt 0.532443 0.000000
vt 0.515267 0.000000
vt 0.635496 0.000000
vt 0.419847 0.000000
vt 0.673664 0.000000
vt 0.517176 0.000000
vt 0.519084 0.000000
vt 0.633588 0.000000
vt 0.675573 0.000000
vt 0.520992 0.000000
vt 0.417939 0.000000
vt 0.522901 0.000000
vt 0.677481 0.000000
vt 0.631679 0.000000
vt 0.524809 0.000000
vt 0.679389 0.000000
vt 0.681298 0.000000
vt 0.526718 0.000000
vt 0.416031 0.000000
vt 0.629771 0.000000
vt 0.683206 0.000000
vt 0.528626 0.000000
vt 0.685115 0.000000
vt 0.530534 0.000000
vt 0.687023 0.000000
vt 0.688931 0.000000
vt 0.414122 0.000000
vt 0.690840 0.000000
vt 0.692748 0.000000
vt 0.694656 0.000000
vt 0.696565 0.000000
vt 0.698473 0.000000
vt 0.700382 0.000000
vt 0.702290 0.000000
vt 0.704198 0.000000
vt 0.706107 0.000000
vt 0.708015 0.000000
vt 0.412214 0.000000
vt 0.301527 0.000000
vt 0.709924 0.000000
vt 0.711832 0.000000
vt 0.713740 0.000000
vt 0.715649 0.000000
vt 0.717557 0.000000
vt 0.719466 0.000000
vt 0.721374 0.000000
vt 0.303435 0.000000
vt 0.299618 0.000000
vt 0.297710 0.000000
vt 0.001908 0.000000
vt 0.410305 0.000000
vt 0.305344 0.000000
vt 0.408397 0.000000
vt 0.307252 0.000000
vt 0.406489 0.000000
vt 0.309160 0.000000
vt 0.404580 0.000000
vt 0.311069 0.000000
vt 0.402672 0.000000
vt 0.024809 0.000000
vt 0.028626 0.000000
vt 0.026718 0.000000
vt 0.030534 0.000000
vt 0.022901 0.000000
vt 0.032443 0.000000
vt 0.020992 0.000000
vt 0.034351 0.000000
vt 0.312977 0.000000
vt 0.019084 0.000000
vt 0.036260 0.000000
vt 0.017176 0.000000
vt 0.038168 0.000000
vt 0.015267 0.000000
vt 0.040076 0.000000
vt 0.041985 0.000000
vt 0.400763 0.000000
vt 0.013359 0.000000
vt 0.043893 0.000000
vt 0.314885 0.000000
vt 0.011450 0.000000
vt 0.045802 0.000000
vt 0.009542 0.000000
vt 0.047710 0.000000
vt 0.398855 0.000000
vt 0.316794 0.000000
vt 0.007634 0.000000
vt 0.049618 0.000000
vt 0.005725 0.000000
vt 0.051527 0.000000
vt 0.053435 0.000000
vt 0.396947 0.000000
vt 0.318702 0.000000
vt 0.055344 0.000000
vt 0.003817 0.000000
vt 0.270992 0.000000
vt 0.274809 0.000000
vt 0.272901 0.000000
vt 0.057252 0.000000
vt 0.276718 0.000000
vt 0.278626 0.000000
vt 0.280534 0.000000
vt 0.059160 0.000000
vt 0.282443 0.000000
vt 0.284351 0.000000
vt 0.286260 0.000000
vt 0.061069 0.000000
vt 0.288168 0.000000
vt 0.290076 0.000000
vt 0.291985 0.000000
vt 0.293893 0.000000
vt 0.295802 0.000000
vt 0.269084 0.000000
vt 0.267176 0.000000
vt 0.265267 0.000000
vt 0.263359 0.000000
vt 0.261450 0.000000
vt 0.259542 0.000000
vt 0.257634 0.000000
vt 0.255725 0.000000
vt 0.253817 0.000000
vt 0.251908 0.000000
vt 0.395038 0.000000
vt 0.320611 0.000000
vt 0.062977 0.000000
vt 0.250000 0.000000
vt 0.064885 0.000000
vt 0.066794 0.000000
vt 0.068702 0.000000
vt 0.070611 0.000000
vt 0.072519 0.000000
vt 0.322519 0.000000
vt 0.074427 0.000000
vt 0.393130 0.000000
vt 0.076336 0.000000
vt 0.248092 0.000000
vt 0.078244 0.000000
vt 0.080153 0.000000
vt 0.082061 0.000000
vt 0.083969 0.000000
vt 0.085878 0.000000
vt 0.087786 0.000000
vt 0.089695 0.000000
vt 0.091603 0.000000
vt 0.093511 0.000000
vt 0.095420 0.000000
vt 0.246183 0.000000
vt 0.244275 0.000000
vt 0.097328 0.000000
vt 0.099237 0.000000
vt 0.324427 0.000000
vt 0.391221 0.000000
vt 0.389313 0.000000
vt 0.387405 0.000000
vt 0.385496 0.000000
vt 0.383588 0.000000
vt 0.381679 0.000000
vt 0.379771 0.000000
vt 0.377863 0.000000
vt 0.375954 0.000000
vt 0.374046 0.000000
vt 0.372137 0.000000
vt 0.370229 0.000000
vt 0.368321 0.000000
vt 0.366412 0.000000
vt 0.364504 0.000000
vt 0.362595 0.000000
vt 0.360687 0.000000
vt 0.358779 0.000000
vt 0.356870 0.000000
vt 0.354962 0.000000
vt 0.353053 0.000000
vt 0.326336 0.000000
vt 0.351145 0.000000
vt 0.328244 0.000000
vt 0.330153 0.000000
vt 0.332061 0.000000
vt 0.333969 0.000000
vt 0.349237 0.000000
vt 0.335878 0.000000
vt 0.337786 0.000000
vt 0.339695 0.000000
vt 0.341603 0.000000
vt 0.347328 0.000000
vt 0.343511 0.000000
vt 0.345420 0.000000
vt 0.122137 0.000000
vt 0.125954 0.000000
vt 0.124046 0.000000
vt 0.127863 0.000000
vt 0.120229 0.000000
vt 0.129771 0.000000
vt 0.118321 0.000000
vt 0.131679 0.000000
vt 0.116412 0.000000
vt 0.133588 0.000000
vt 0.114504 0.000000
vt 0.135496 0.000000
vt 0.112595 0.000000
vt 0.137405 0.000000
vt 0.139313 0.000000
vt 0.110687 0.000000
vt 0.141221 0.000000
vt 0.108779 0.000000
vt 0.143130 0.000000
vt 0.106870 0.000000
vt 0.145038 0.000000
vt 0.104962 0.000000
vt 0.146947 0.000000
vt 0.103053 0.000000
vt 0.148855 0.000000
vt 0.150763 0.000000
vt 0.152672 0.000000
vt 0.101145 0.000000
vt 0.154580 0.000000
vt 0.217557 0.000000
vt 0.221374 0.000000
vt 0.219466 0.000000
vt 0.223282 0.000000
vt 0.225191 0.000000
vt 0.156489 0.000000
vt 0.227099 0.000000
vt 0.229008 0.000000
vt 0.230916 0.000000
vt 0.158397 0.000000
vt 0.232824 0.000000
vt 0.234733 0.000000
vt 0.236641 0.000000
vt 0.238550 0.000000
vt 0.240458 0.000000
vt 0.242366 0.000000
vt 0.215649 0.000000
vt 0.213740 0.000000
vt 0.211832 0.000000
vt 0.209924 0.000000
vt 0.208015 0.000000
vt 0.206107 0.000000
vt 0.204198 0.000000
vt 0.202290 0.000000
vt 0.200382 0.000000
vt 0.198473 0.000000
vt 0.196565 0.000000
vt 0.160305 0.000000
vt 0.162214 0.000000
vt 0.164122 0.000000
vt 0.166031 0.000000
vt 0.167939 0.000000
vt 0.169847 0.000000
vt 0.171756 0.000000
vt 0.194656 0.000000
vt 0.173664 0.000000
vt 0.175573 0.000000
vt 0.177481 0.000000
vt 0.179389 0.000000
vt 0.181298 0.000000
vt 0.183206 0.000000
vt 0.185115 0.000000
vt 0.187023 0.000000
vt 0.188931 0.000000
vt 0.190840 0.000000
vt 0.192748 0.000000
s 0
f 348/1/1 350/2/1 349/3/1
f 347/4/1 350/2/1 348/1/1
f 346/5/1 350/2/1 347/4/1
f 346/5/1 351/6/1 350/2/1
f 345/7/1 351/6/1 346/5/1
f 344/8/1 351/6/1 345/7/1
f 343/9/1 351/6/1 344/8/1
f 343/9/1 352/10/1 351/6/1
f 342/11/1 352/10/1 343/9/1
f 341/12/1 352/10/1 342/11/1
f 341/12/1 353/13/1 352/10/1
f 340/14/1 353/13/1 341/12/1
f 339/15/1 353/13/1 340/14/1
f 338/16/1 353/13/1 339/15/1
f 338/16/1 354/17/1 353/13/1
f 337/18/1 354/17/1 338/16/1
f 336/19/1 354/17/1 337/18/1
f 335/20/1 354/17/1 336/19/1
f 335/20/1 355/21/1 354/17/1
f 334/22/1 355/21/1 335/20/1
f 333/23/1 355/21/1 334/22/1
f 332/24/1 355/21/1 333/23/1
f 332/24/1 356/25/1 355/21/1
f 331/26/1 356/25/1 332/24/1
f 330/27/1 356/25/1 331/26/1
f 329/28/1 356/25/1 330/27/1
f 329/28/1 357/29/1 356/25/1
f 328/30/1 357/29/1 329/28/1
f 327/31/1 357/29/1 328/30/1
f 326/32/1 357/29/1 327/31/1
f 325/33/1 357/29/1 326/32/1
f 325/33/1 358/34/1 357/29/1
f 324/35/1 358/34/1 325/33/1
f 323/36/1 358/34/1 324/35/1
f 322/37/1 358/34/1 323/36/1
f 321/38/1 358/34/1 322/37/1
f 320/39/1 358/34/1 321/38/1
f 320/39/1 359/40/1 358/34/1
f 319/41/1 359/40/1 320/39/1
f 318/42/1 359/40/1 319/41/1
f 317/43/1 359/40/1 318/42/1
f 316/44/1 359/40/1 317/43/1
f 315/45/1 359/40/1 316/44/1
f 315/45/1 360/46/1 359/40/1
f 314/47/1 360/46/1 315/45/1
f 313/48/1 360/46/1 314/47/1
f 312/49/1 360/46/1 313/48/1
f 312/49/1 361/50/1 360/46/1
f 311/51/1 361/50/1 312/49/1
f 310/52/1 361/50/1 311/51/1
f 310/52/1 362/53/1 361/50/1
f 309/54/1 362/53/1 310/52/1
f 309/54/1 363/55/1 362/53/1
f 308/56/1 363/55/1 309/54/1
f 308/56/1 364/57/1 363/55/1
f 307/58/1 364/57/1 308/56/1
f 306/59/1 364/57/1 307/58/1
f 306/59/1 365/60/1 364/57/1
f 305/61/1 365/60/1 306/59/1
f 305/61/1 366/62/1 365/60/1
f 304/63/1 366/62/1 305/61/1
f 304/63/1 367/64/1 366/62/1
f 303/65/1 367/64/1 304/63/1
f 303/65/1 368/66/1 367/64/1
f 302/67/1 368/66/1 303/65/1
f 302/67/1 369/68/1 368/66/1
f 301/69/1 369/68/1 302/67/1
f 300/70/1 369/68/1 301/69/1
f 300/70/1 370/71/1 369/68/1
f 300/70/1 371/72/1 370/71/1
f 299/73/1 371/72/1 300/70/1
f 299/73/1 372/74/1 371/72/1
f 298/75/1 372/74/1 299/73/1
f 298/75/1 373/76/1 372/74/1
f 297/77/1 373/76/1 298/75/1
f 297/77/1 374/78/1 373/76/1
f 296/79/1 374/78/1 297/77/1
f 296/79/1 375/80/1 374/78/1
f 296/79/1 376/81/1 375/80/1
f 296/79/1 377/82/1 376/81/1
f 295/83/1 377/82/1 296/79/1
f 295/83/1 378/84/1 377/82/1
f 295/83/1 379/85/1 378/84/1
f 294/86/1 379/85/1 295/83/1
f 294/86/1 380/87/1 379/85/1
f 294/86/1 381/88/1 380/87/1
f 293/89/1 381/88/1 294/86/1
f 293/89/1 382/90/1 381/88/1
f 293/89/1 383/91/1 382/90/1
f 293/89/1 384/92/1 383/91/1
f 292/93/1 384/92/1 293/89/1
f 292/93/1 385/94/1 384/92/1
f 456/95/1 458/96/1 457/97/1
f 455/98/1 458/96/1 456/95/1
f 455/98/1 459/99/1 458/96/1
f 454/100/1 459/99/1 455/98/1
f 453/101/1 459/99/1 454/100/1
f 453/101/1 460/102/1 459/99/1
f 452/103/1 460/102/1 453/101/1
f 292/93/1 386/104/1 385/94/1
f 451/105/1 460/102/1 452/103/1
f 451/105/1 461/106/1 460/102/1
f 292/93/1 387/107/1 386/104/1
f 450/108/1 461/106/1 451/105/1
f 449/109/1 461/106/1 450/108/1
f 449/109/1 462/110/1 461/106/1
f 292/93/1 388/111/1 387/107/1
f 448/112/1 462/110/1 449/109/1
f 291/113/1 388/111/1 292/93/1
f 291/113/1 389/114/1 388/111/1
f 448/112/1 463/115/1 462/110/1
f 447/116/1 463/115/1 448/112/1
f 446/117/1 463/115/1 447/116/1
f 291/113/1 390/118/1 389/114/1
f 446/117/1 464/119/1 463/115/1
f 445/120/1 464/119/1 446/117/1
f 291/113/1 391/121/1 390/118/1
f 444/122/1 464/119/1 445/120/1
f 290/123/1 391/121/1 291/113/1
f 444/122/1 465/124/1 464/119/1
f 443/125/1 465/124/1 444/122/1
f 442/126/1 465/124/1 443/125/1
f 290/123/1 392/127/1 391/121/1
f 441/128/1 465/124/1 442/126/1
f 440/129/1 465/124/1 441/128/1
f 440/129/1 466/130/1 465/124/1
f 439/131/1 466/130/1 440/129/1
f 438/132/1 466/130/1 439/131/1
f 290/123/1 393/133/1 392/127/1
f 437/134/1 466/130/1 438/132/1
f 289/135/1 393/133/1 290/123/1
f 436/136/1 466/130/1 437/134/1
f 435/137/1 466/130/1 436/136/1
f 435/137/1 467/138/1 466/130/1
f 434/139/1 467/138/1 435/137/1
f 433/140/1 467/138/1 434/139/1
f 432/141/1 467/138/1 433/140/1
f 289/135/1 394/142/1 393/133/1
f 431/143/1 467/138/1 432/141/1
f 430/144/1 467/138/1 431/143/1
f 429/145/1 467/138/1 430/144/1
f 429/145/1 468/146/1 467/138/1
f 428/147/1 468/146/1 429/145/1
f 288/148/1 394/142/1 289/135/1
f 288/148/1 395/149/1 394/142/1
f 427/150/1 468/146/1 428/147/1
f 426/151/1 468/146/1 427/150/1
f 425/152/1 468/146/1 426/151/1
f 425/152/1 1/153/1 468/146/1
f 424/154/1 1/153/1 425/152/1
f 423/155/1 1/153/1 424/154/1
f 288/148/1 396/156/1 395/149/1
f 422/157/1 1/153/1 423/155/1
f 421/158/1 1/153/1 422/157/1
f 420/159/1 1/153/1 421/158/1
f 287/160/1 396/156/1 288/148/1
f 419/161/1 1/153/1 420/159/1
f 419/161/1 2/162/1 1/153/1
f 287/160/1 397/163/1 396/156/1
f 418/164/1 2/162/1 419/161/1
f 417/165/1 2/162/1 418/164/1
f 417/165/1 3/166/1 2/162/1
f 416/167/1 3/166/1 417/165/1
f 415/168/1 3/166/1 416/167/1
f 414/169/1 3/166/1 415/168/1
f 413/170/1 3/166/1 414/169/1
f 413/170/1 4/171/1 3/166/1
f 412/172/1 4/171/1 413/170/1
f 411/173/1 4/171/1 412/172/1
f 287/160/1 398/174/1 397/163/1
f 287/160/1 399/175/1 398/174/1
f 287/160/1 400/176/1 399/175/1
f 410/177/1 4/171/1 411/173/1
f 287/160/1 401/178/1 400/176/1
f 287/160/1 402/179/1 401/178/1
f 287/160/1 403/180/1 402/179/1
f 287/160/1 404/181/1 403/180/1
f 409/182/1 4/171/1 410/177/1
f 287/160/1 405/183/1 404/181/1
f 287/160/1 406/184/1 405/183/1
f 287/160/1 407/185/1 406/184/1
f 287/160/1 408/186/1 407/185/1
f 287/160/1 409/182/1 408/186/1
f 287/160/1 4/171/1 409/182/1
f 286/187/1 4/171/1 287/160/1
f 286/187/1 5/188/1 4/171/1
f 286/187/1 6/189/1 5/188/1
f 286/187/1 7/190/1 6/189/1
f 285/191/1 7/190/1 286/187/1
f 285/191/1 8/192/1 7/190/1
f 285/191/1 9/193/1 8/192/1
f 285/191/1 10/194/1 9/193/1
f 284/195/1 145/196/1 285/191/1
f 145/196/1 10/194/1 285/191/1
f 145/196/1 11/197/1 10/194/1
f 284/195/1 146/198/1 145/196/1
f 144/199/1 11/197/1 145/196/1
f 143/200/1 11/197/1 144/199/1
f 142/201/1 11/197/1 143/200/1
f 141/202/1 11/197/1 142/201/1
f 284/195/1 147/203/1 146/198/1
f 140/204/1 11/197/1 141/202/1
f 139/205/1 11/197/1 140/204/1
f 284/195/1 148/206/1 147/203/1
f 138/207/1 11/197/1 139/205/1
f 138/207/1 12/208/1 11/197/1
f 284/195/1 149/209/1 148/206/1
f 137/210/1 12/208/1 138/207/1
f 136/211/1 12/208/1 137/210/1
f 284/195/1 150/212/1 149/209/1
f 135/213/1 12/208/1 136/211/1
f 284/195/1 151/214/1 150/212/1
f 134/215/1 12/208/1 135/213/1
f 284/195/1 152/216/1 151/214/1
f 133/217/1 12/208/1 134/215/1
f 284/195/1 153/218/1 152/216/1
f 132/219/1 12/208/1 133/217/1
f 132/219/1 13/220/1 12/208/1
f 131/221/1 13/220/1 132/219/1
f 284/195/1 154/222/1 153/218/1
f 130/223/1 13/220/1 131/221/1
f 284/195/1 155/224/1 154/222/1
f 129/225/1 13/220/1 130/223/1
f 128/226/1 13/220/1 129/225/1
f 284/195/1 156/227/1 155/224/1
f 127/228/1 13/220/1 128/226/1
f 284/195/1 157/229/1 156/227/1
f 127/228/1 14/230/1 13/220/1
f 283/231/1 205/232/1 284/195/1
f 205/232/1 157/229/1 284/195/1
f 126/233/1 14/230/1 127/228/1
f 205/232/1 158/234/1 157/229/1
f 125/235/1 14/230/1 126/233/1
f 124/236/1 14/230/1 125/235/1
f 205/232/1 159/237/1 158/234/1
f 123/238/1 14/230/1 124/236/1
f 205/232/1 160/239/1 159/237/1
f 123/238/1 15/240/1 14/230/1
f 122/241/1 15/240/1 123/238/1
f 205/232/1 161/242/1 160/239/1
f 283/231/1 206/243/1 205/232/1
f 204/244/1 161/242/1 205/232/1
f 121/245/1 15/240/1 122/241/1
f 204/244/1 162/246/1 161/242/1
f 204/244/1 163/247/1 162/246/1
f 120/248/1 15/240/1 121/245/1
f 120/248/1 16/249/1 15/240/1
f 204/244/1 164/250/1 163/247/1
f 203/251/1 164/250/1 204/244/1
f 203/251/1 165/252/1 164/250/1
f 203/251/1 166/253/1 165/252/1
f 203/251/1 167/254/1 166/253/1
f 202/255/1 167/254/1 203/251/1
f 282/256/1 206/243/1 283/231/1
f 202/255/1 168/257/1 167/254/1
f 120/248/1 17/258/1 16/249/1
f 202/255/1 169/259/1 168/257/1
f 202/255/1 170/260/1 169/259/1
f 202/255/1 171/261/1 170/260/1
f 202/255/1 172/262/1 171/261/1
f 201/263/1 172/262/1 202/255/1
f 201/263/1 173/264/1 172/262/1
f 201/263/1 174/265/1 173/264/1
f 201/263/1 175/266/1 174/265/1
f 120/248/1 18/267/1 17/258/1
f 201/263/1 176/268/1 175/266/1
f 200/269/1 176/268/1 201/263/1
f 200/269/1 177/270/1 176/268/1
f 200/269/1 178/271/1 177/270/1
f 199/272/1 178/271/1 200/269/1
f 199/272/1 179/273/1 178/271/1
f 120/248/1 19/274/1 18/267/1
f 199/272/1 180/275/1 179/273/1
f 282/256/1 207/276/1 206/243/1
f 198/277/1 180/275/1 199/272/1
f 198/277/1 181/278/1 180/275/1
f 197/279/1 181/278/1 198/277/1
f 197/279/1 182/280/1 181/278/1
f 197/279/1 183/281/1 182/280/1
f 120/248/1 20/282/1 19/274/1
f 197/279/1 184/283/1 183/281/1
f 196/284/1 184/283/1 197/279/1
f 281/285/1 207/276/1 282/256/1
f 196/284/1 185/286/1 184/283/1
f 196/284/1 186/287/1 185/286/1
f 195/288/1 186/287/1 196/284/1
f 195/288/1 187/289/1 186/287/1
f 195/288/1 188/290/1 187/289/1
f 195/288/1 189/291/1 188/290/1
f 194/292/1 189/291/1 195/288/1
f 194/292/1 190/293/1 189/291/1
f 194/292/1 191/294/1 190/293/1
f 193/295/1 191/294/1 194/292/1
f 193/295/1 192/296/1 191/294/1
f 120/248/1 21/297/1 20/282/1
f 120/248/1 22/298/1 21/297/1
f 120/248/1 23/299/1 22/298/1
f 281/285/1 208/300/1 207/276/1
f 120/248/1 24/301/1 23/299/1
f 280/302/1 208/300/1 281/285/1
f 119/303/1 24/301/1 120/248/1
f 119/303/1 25/304/1 24/301/1
f 119/303/1 26/305/1 25/304/1
f 119/303/1 27/306/1 26/305/1
f 119/303/1 28/307/1 27/306/1
f 119/303/1 29/308/1 28/307/1
f 279/309/1 208/300/1 280/302/1
f 119/303/1 30/310/1 29/308/1
f 279/309/1 209/311/1 208/300/1
f 119/303/1 31/312/1 30/310/1
f 119/303/1 32/313/1 31/312/1
f 119/303/1 33/314/1 32/313/1
f 278/315/1 209/311/1 279/309/1
f 119/303/1 34/316/1 33/314/1
f 278/315/1 210/317/1 209/311/1
f 118/318/1 34/316/1 119/303/1
f 118/318/1 35/319/1 34/316/1
f 277/320/1 210/317/1 278/315/1
f 118/318/1 36/321/1 35/319/1
f 118/318/1 37/322/1 36/321/1
f 277/320/1 211/323/1 210/317/1
f 276/324/1 211/323/1 277/320/1
f 118/318/1 38/325/1 37/322/1
f 276/324/1 212/326/1 211/323/1
f 117/327/1 38/325/1 118/318/1
f 275/328/1 212/326/1 276/324/1
f 275/328/1 213/329/1 212/326/1
f 274/330/1 213/329/1 275/328/1
f 274/330/1 214/331/1 213/329/1
f 117/327/1 39/332/1 38/325/1
f 116/333/1 39/332/1 117/327/1
f 273/334/1 214/331/1 274/330/1
f 273/334/1 215/335/1 214/331/1
f 272/336/1 215/335/1 273/334/1
f 272/336/1 216/337/1 215/335/1
f 115/338/1 39/332/1 116/333/1
f 271/339/1 216/337/1 272/336/1
f 115/338/1 40/340/1 39/332/1
f 271/339/1 217/341/1 216/337/1
f 271/339/1 218/342/1 217/341/1
f 270/343/1 218/342/1 271/339/1
f 270/343/1 219/344/1 218/342/1
f 114/345/1 40/340/1 115/338/1
f 269/346/1 219/344/1 270/343/1
f 114/345/1 41/347/1 40/340/1
f 269/346/1 220/348/1 219/344/1
f 268/349/1 220/348/1 269/346/1
f 268/349/1 221/350/1 220/348/1
f 267/351/1 221/350/1 268/349/1
f 113/352/1 41/347/1 114/345/1
f 267/351/1 222/353/1 221/350/1
f 113/352/1 42/354/1 41/347/1
f 266/355/1 222/353/1 267/351/1
f 266/355/1 223/356/1 222/353/1
f 266/355/1 224/357/1 223/356/1
f 265/358/1 224/357/1 266/355/1
f 112/359/1 42/354/1 113/352/1
f 265/358/1 225/360/1 224/357/1
f 112/359/1 43/361/1 42/354/1
f 264/362/1 225/360/1 265/358/1
f 264/362/1 226/363/1 225/360/1
f 263/364/1 226/363/1 264/362/1
f 262/365/1 226/363/1 263/364/1
f 262/365/1 227/366/1 226/363/1
f 111/367/1 43/361/1 112/359/1
f 261/368/1 227/366/1 262/365/1
f 261/368/1 228/369/1 227/366/1
f 260/370/1 228/369/1 261/368/1
f 111/367/1 44/371/1 43/361/1
f 259/372/1 228/369/1 260/370/1
f 258/373/1 228/369/1 259/372/1
f 258/373/1 229/374/1 228/369/1
f 257/375/1 229/374/1 258/373/1
f 256/376/1 229/374/1 257/375/1
f 255/377/1 229/374/1 256/376/1
f 255/377/1 230/378/1 229/374/1
f 254/379/1 230/378/1 255/377/1
f 254/379/1 231/380/1 230/378/1
f 253/381/1 231/380/1 254/379/1
f 252/382/1 231/380/1 253/381/1
f 252/382/1 232/383/1 231/380/1
f 110/384/1 44/371/1 111/367/1
f 251/385/1 232/383/1 252/382/1
f 251/385/1 233/386/1 232/383/1
f 250/387/1 233/386/1 251/385/1
f 250/387/1 234/388/1 233/386/1
f 249/389/1 234/388/1 250/387/1
f 249/389/1 235/390/1 234/388/1
f 248/391/1 235/390/1 249/389/1
f 247/392/1 235/390/1 248/391/1
f 247/392/1 236/393/1 235/390/1
f 110/384/1 45/394/1 44/371/1
f 246/395/1 236/393/1 247/392/1
f 246/395/1 237/396/1 236/393/1
f 245/397/1 237/396/1 246/395/1
f 245/397/1 238/398/1 237/396/1
f 244/399/1 238/398/1 245/397/1
f 244/399/1 239/400/1 238/398/1
f 243/401/1 239/400/1 244/399/1
f 243/401/1 240/402/1 239/400/1
f 242/403/1 240/402/1 243/401/1
f 242/403/1 241/404/1 240/402/1
f 109/405/1 45/394/1 110/384/1
f 109/405/1 46/406/1 45/394/1
f 109/405/1 47/407/1 46/406/1
f 108/408/1 47/407/1 109/405/1
f 108/408/1 48/409/1 47/407/1
f 107/410/1 48/409/1 108/408/1
f 107/410/1 49/411/1 48/409/1
f 106/412/1 49/411/1 107/410/1
f 106/412/1 50/413/1 49/411/1
f 105/414/1 50/413/1 106/412/1
f 105/414/1 51/415/1 50/413/1
f 104/416/1 51/415/1 105/414/1
f 104/416/1 52/417/1 51/415/1
f 103/418/1 52/417/1 104/416/1
f 103/418/1 53/419/1 52/417/1
f 102/420/1 53/419/1 103/418/1
f 102/420/1 54/421/1 53/419/1
f 101/422/1 54/421/1 102/420/1
f 101/422/1 55/423/1 54/421/1
f 100/424/1 55/423/1 101/422/1
f 100/424/1 56/425/1 55/423/1
f 99/426/1 56/425/1 100/424/1
f 99/426/1 57/427/1 56/425/1
f 98/428/1 57/427/1 99/426/1
f 98/428/1 58/429/1 57/427/1
f 97/430/1 58/429/1 98/428/1
f 97/430/1 59/431/1 58/429/1
f 97/430/1 60/432/1 59/431/1
f 96/433/1 60/432/1 97/430/1
f 95/434/1 60/432/1 96/433/1
f 94/435/1 60/432/1 95/434/1
f 93/436/1 60/432/1 94/435/1
f 92/437/1 60/432/1 93/436/1
f 91/438/1 60/432/1 92/437/1
f 91/438/1 61/439/1 60/432/1
f 90/440/1 61/439/1 91/438/1
f 89/441/1 61/439/1 90/440/1
f 88/442/1 61/439/1 89/441/1
f 87/443/1 61/439/1 88/442/1
f 86/444/1 61/439/1 87/443/1
f 85/445/1 61/439/1 86/444/1
f 84/446/1 61/439/1 85/445/1
f 83/447/1 61/439/1 84/446/1
f 82/448/1 61/439/1 83/447/1
f 82/448/1 62/449/1 61/439/1
f 81/450/1 62/449/1 82/448/1
f 81/450/1 63/451/1 62/449/1
f 81/450/1 64/452/1 63/451/1
f 80/453/1 64/452/1 81/450/1
f 80/453/1 65/454/1 64/452/1
f 79/455/1 65/454/1 80/453/1
f 79/455/1 66/456/1 65/454/1
f 78/457/1 66/456/1 79/455/1
f 78/457/1 67/458/1 66/456/1
f 77/459/1 67/458/1 78/457/1
f 77/459/1 68/460/1 67/458/1
f 77/459/1 69/461/1 68/460/1
f 76/462/1 69/461/1 77/459/1
f 76/462/1 70/463/1 69/461/1
f 75/464/1 70/463/1 76/462/1
f 75/464/1 71/465/1 70/463/1
f 74/466/1 71/465/1 75/464/1
f 74/466/1 72/467/1 71/465/1
f 73/468/1 72/467/1 74/466/1
f 492/469/1 494/470/1 493/471/1
f 492/469/1 495/472/1 494/470/1
f 491/473/1 495/472/1 492/469/1
f 491/473/1 496/474/1 495/472/1
f 490/475/1 496/474/1 491/473/1
f 490/475/1 497/476/1 496/474/1
f 489/477/1 497/476/1 490/475/1
f 489/477/1 498/478/1 497/476/1
f 488/479/1 498/478/1 489/477/1
f 660/480/1 662/481/1 661/482/1
f 488/479/1 499/483/1 498/478/1
f 659/484/1 662/481/1 660/480/1
f 658/485/1 662/481/1 659/484/1
f 658/485/1 663/486/1 662/481/1
f 487/487/1 499/483/1 488/479/1
f 657/488/1 663/486/1 658/485/1
f 487/487/1 500/489/1 499/483/1
f 486/490/1 500/489/1 487/487/1
f 656/491/1 663/486/1 657/488/1
f 656/491/1 664/492/1 663/486/1
f 486/490/1 501/493/1 500/489/1
f 655/494/1 664/492/1 656/491/1
f 485/495/1 501/493/1 486/490/1
f 485/495/1 502/496/1 501/493/1
f 654/497/1 664/492/1 655/494/1
f 654/497/1 665/498/1 664/492/1
f 484/499/1 502/496/1 485/495/1
f 484/499/1 503/500/1 502/496/1
f 653/501/1 665/498/1 654/497/1
f 483/502/1 503/500/1 484/499/1
f 652/503/1 665/498/1 653/501/1
f 483/502/1 504/504/1 503/500/1
f 652/503/1 666/505/1 665/498/1
f 482/506/1 504/504/1 483/502/1
f 651/507/1 666/505/1 652/503/1
f 482/506/1 505/508/1 504/504/1
f 650/509/1 666/505/1 651/507/1
f 481/510/1 505/508/1 482/506/1
f 481/510/1 506/511/1 505/508/1
f 650/509/1 667/512/1 666/505/1
f 649/513/1 667/512/1 650/509/1
f 480/514/1 506/511/1 481/510/1
f 479/515/1 506/511/1 480/514/1
f 648/516/1 667/512/1 649/513/1
f 478/517/1 506/511/1 479/515/1
f 648/516/1 668/518/1 667/512/1
f 647/519/1 668/518/1 648/516/1
f 477/520/1 506/511/1 478/517/1
f 646/521/1 668/518/1 647/519/1
f 477/520/1 507/522/1 506/511/1
f 476/523/1 507/522/1 477/520/1
f 645/524/1 668/518/1 646/521/1
f 475/525/1 507/522/1 476/523/1
f 645/524/1 669/526/1 668/518/1
f 644/527/1 669/526/1 645/524/1
f 643/528/1 669/526/1 644/527/1
f 474/529/1 507/522/1 475/525/1
f 642/530/1 669/526/1 643/528/1
f 473/531/1 507/522/1 474/529/1
f 473/531/1 508/532/1 507/522/1
f 641/533/1 669/526/1 642/530/1
f 641/533/1 670/534/1 669/526/1
f 640/535/1 670/534/1 641/533/1
f 472/536/1 508/532/1 473/531/1
f 639/537/1 670/534/1 640/535/1
f 638/538/1 670/534/1 639/537/1
f 471/539/1 508/532/1 472/536/1
f 637/540/1 670/534/1 638/538/1
f 471/539/1 509/541/1 508/532/1
f 636/542/1 670/534/1 637/540/1
f 636/542/1 671/543/1 670/534/1
f 470/544/1 509/541/1 471/539/1
f 635/545/1 671/543/1 636/542/1
f 634/546/1 671/543/1 635/545/1
f 633/547/1 671/543/1 634/546/1
f 469/153/1 509/541/1 470/544/1
f 632/548/1 671/543/1 633/547/1
f 631/549/1 671/543/1 632/548/1
f 630/550/1 671/543/1 631/549/1
f 469/153/1 510/551/1 509/541/1
f 630/550/1 672/552/1 671/543/1
f 600/553/1 510/551/1 469/153/1
f 629/554/1 672/552/1 630/550/1
f 628/555/1 672/552/1 629/554/1
f 627/556/1 672/552/1 628/555/1
f 626/557/1 672/552/1 627/556/1
f 625/558/1 672/552/1 626/557/1
f 624/559/1 672/552/1 625/558/1
f 599/560/1 510/551/1 600/553/1
f 623/561/1 672/552/1 624/559/1
f 599/560/1 511/562/1 510/551/1
f 623/561/1 673/563/1 672/552/1
f 622/564/1 673/563/1 623/561/1
f 598/565/1 511/562/1 599/560/1
f 621/566/1 673/563/1 622/564/1
f 598/565/1 512/567/1 511/562/1
f 620/568/1 673/563/1 621/566/1
f 620/568/1 674/569/1 673/563/1
f 597/570/1 512/567/1 598/565/1
f 619/571/1 674/569/1 620/568/1
f 618/572/1 674/569/1 619/571/1
f 597/570/1 513/573/1 512/567/1
f 618/572/1 675/574/1 674/569/1
f 617/575/1 675/574/1 618/572/1
f 596/576/1 513/573/1 597/570/1
f 616/577/1 675/574/1 617/575/1
f 596/576/1 514/578/1 513/573/1
f 615/579/1 675/574/1 616/577/1
f 595/580/1 514/578/1 596/576/1
f 615/579/1 676/581/1 675/574/1
f 614/582/1 676/581/1 615/579/1
f 828/583/1 830/584/1 829/585/1
f 828/583/1 831/586/1 830/584/1
f 827/587/1 831/586/1 828/583/1
f 827/587/1 832/588/1 831/586/1
f 826/589/1 832/588/1 827/587/1
f 826/589/1 833/590/1 832/588/1
f 825/591/1 833/590/1 826/589/1
f 825/591/1 834/592/1 833/590/1
f 825/591/1 835/593/1 834/592/1
f 824/594/1 835/593/1 825/591/1
f 613/595/1 676/581/1 614/582/1
f 824/594/1 836/596/1 835/593/1
f 595/580/1 515/597/1 514/578/1
f 823/598/1 836/596/1 824/594/1
f 594/599/1 515/597/1 595/580/1
f 823/598/1 837/600/1 836/596/1
f 822/601/1 837/600/1 823/598/1
f 822/601/1 838/602/1 837/600/1
f 822/601/1 839/603/1 838/602/1
f 613/595/1 677/604/1 676/581/1
f 821/605/1 839/603/1 822/601/1
f 821/605/1 840/606/1 839/603/1
f 612/607/1 677/604/1 613/595/1
f 820/608/1 840/606/1 821/605/1
f 820/608/1 841/609/1 840/606/1
f 819/610/1 841/609/1 820/608/1
f 819/610/1 842/611/1 841/609/1
f 818/612/1 842/611/1 819/610/1
f 611/613/1 677/604/1 612/607/1
f 593/614/1 515/597/1 594/599/1
f 593/614/1 516/615/1 515/597/1
f 817/616/1 842/611/1 818/612/1
f 611/613/1 678/617/1 677/604/1
f 610/618/1 678/617/1 611/613/1
f 816/619/1 842/611/1 817/616/1
f 815/620/1 842/611/1 816/619/1
f 815/620/1 843/621/1 842/611/1
f 814/622/1 843/621/1 815/620/1
f 609/623/1 678/617/1 610/618/1
f 813/624/1 843/621/1 814/622/1
f 592/625/1 516/615/1 593/614/1
f 812/626/1 843/621/1 813/624/1
f 608/627/1 678/617/1 609/623/1
f 592/625/1 517/628/1 516/615/1
f 811/629/1 843/621/1 812/626/1
f 608/627/1 679/630/1 678/617/1
f 811/629/1 844/631/1 843/621/1
f 810/632/1 844/631/1 811/629/1
f 607/633/1 679/630/1 608/627/1
f 809/634/1 844/631/1 810/632/1
f 606/635/1 679/630/1 607/633/1
f 808/636/1 844/631/1 809/634/1
f 591/637/1 517/628/1 592/625/1
f 591/637/1 518/638/1 517/628/1
f 808/636/1 845/639/1 844/631/1
f 606/635/1 680/640/1 679/630/1
f 807/641/1 845/639/1 808/636/1
f 605/642/1 680/640/1 606/635/1
f 806/643/1 845/639/1 807/641/1
f 604/644/1 680/640/1 605/642/1
f 805/645/1 845/639/1 806/643/1
f 590/646/1 518/638/1 591/637/1
f 603/647/1 680/640/1 604/644/1
f 805/645/1 846/648/1 845/639/1
f 603/647/1 681/649/1 680/640/1
f 912/146/1 846/648/1 805/645/1
f 590/646/1 519/650/1 518/638/1
f 602/651/1 681/649/1 603/647/1
f 601/652/1 681/649/1 602/651/1
f 912/146/1 847/653/1 846/648/1
f 601/652/1 682/654/1 681/649/1
f 589/655/1 519/650/1 590/646/1
f 804/656/1 682/654/1 601/652/1
f 911/657/1 847/653/1 912/146/1
f 803/658/1 682/654/1 804/656/1
f 589/655/1 520/659/1 519/650/1
f 911/657/1 848/660/1 847/653/1
f 803/658/1 683/661/1 682/654/1
f 802/662/1 683/661/1 803/658/1
f 910/663/1 848/660/1 911/657/1
f 588/664/1 520/659/1 589/655/1
f 801/665/1 683/661/1 802/662/1
f 910/663/1 849/666/1 848/660/1
f 588/664/1 521/667/1 520/659/1
f 801/665/1 684/668/1 683/661/1
f 800/669/1 684/668/1 801/665/1
f 909/670/1 849/666/1 910/663/1
f 587/671/1 521/667/1 588/664/1
f 909/670/1 850/672/1 849/666/1
f 799/673/1 684/668/1 800/669/1
f 799/673/1 685/674/1 684/668/1
f 587/671/1 522/675/1 521/667/1
f 908/676/1 850/672/1 909/670/1
f 798/677/1 685/674/1 799/673/1
f 586/678/1 522/675/1 587/671/1
f 908/676/1 851/679/1 850/672/1
f 798/677/1 686/680/1 685/674/1
f 907/681/1 851/679/1 908/676/1
f 798/677/1 687/682/1 686/680/1
f 797/683/1 687/682/1 798/677/1
f 586/678/1 523/684/1 522/675/1
f 907/681/1 852/685/1 851/679/1
f 585/686/1 523/684/1 586/678/1
f 797/683/1 688/687/1 687/682/1
f 906/688/1 852/685/1 907/681/1
f 796/689/1 688/687/1 797/683/1
f 796/689/1 689/690/1 688/687/1
f 585/686/1 524/691/1 523/684/1
f 905/692/1 852/685/1 906/688/1
f 905/692/1 853/693/1 852/685/1
f 796/689/1 690/694/1 689/690/1
f 584/695/1 524/691/1 585/686/1
f 795/696/1 690/694/1 796/689/1
f 795/696/1 691/697/1 690/694/1
f 904/698/1 853/693/1 905/692/1
f 904/698/1 854/699/1 853/693/1
f 584/695/1 525/700/1 524/691/1
f 795/696/1 692/701/1 691/697/1
f 794/702/1 692/701/1 795/696/1
f 583/703/1 525/700/1 584/695/1
f 903/704/1 854/699/1 904/698/1
f 794/702/1 693/705/1 692/701/1
f 903/704/1 855/706/1 854/699/1
f 794/702/1 694/707/1 693/705/1
f 793/708/1 694/707/1 794/702/1
f 902/709/1 855/706/1 903/704/1
f 583/703/1 526/710/1 525/700/1
f 582/711/1 526/710/1 583/703/1
f 793/708/1 695/712/1 694/707/1
f 901/713/1 855/706/1 902/709/1
f 901/713/1 856/714/1 855/706/1
f 793/708/1 696/715/1 695/712/1
f 792/716/1 696/715/1 793/708/1
f 582/711/1 527/717/1 526/710/1
f 900/718/1 856/714/1 901/713/1
f 581/719/1 527/717/1 582/711/1
f 792/716/1 697/720/1 696/715/1
f 900/718/1 857/721/1 856/714/1
f 792/716/1 698/722/1 697/720/1
f 792/716/1 699/723/1 698/722/1
f 899/724/1 857/721/1 900/718/1
f 581/719/1 528/725/1 527/717/1
f 580/726/1 528/725/1 581/719/1
f 792/716/1 700/727/1 699/723/1
f 899/724/1 858/728/1 857/721/1
f 792/716/1 701/729/1 700/727/1
f 898/730/1 858/728/1 899/724/1
f 792/716/1 702/731/1 701/729/1
f 580/726/1 529/732/1 528/725/1
f 579/733/1 529/732/1 580/726/1
f 792/716/1 703/734/1 702/731/1
f 898/730/1 859/735/1 858/728/1
f 792/716/1 704/736/1 703/734/1
f 791/737/1 704/736/1 792/716/1
f 897/738/1 859/735/1 898/730/1
f 791/737/1 705/739/1 704/736/1
f 578/740/1 529/732/1 579/733/1
f 578/740/1 530/741/1 529/732/1
f 897/738/1 860/742/1 859/735/1
f 791/737/1 706/743/1 705/739/1
f 896/744/1 860/742/1 897/738/1
f 578/740/1 531/745/1 530/741/1
f 791/737/1 707/746/1 706/743/1
f 577/747/1 531/745/1 578/740/1
f 896/744/1 861/748/1 860/742/1
f 791/737/1 708/749/1 707/746/1
f 577/747/1 532/750/1 531/745/1
f 895/751/1 861/748/1 896/744/1
f 791/737/1 709/752/1 708/749/1
f 577/747/1 533/753/1 532/750/1
f 576/754/1 533/753/1 577/747/1
f 895/751/1 862/755/1 861/748/1
f 894/756/1 862/755/1 895/751/1
f 791/737/1 710/757/1 709/752/1
f 790/758/1 710/757/1 791/737/1
f 575/759/1 533/753/1 576/754/1
f 575/759/1 534/760/1 533/753/1
f 894/756/1 863/761/1 862/755/1
f 574/762/1 534/760/1 575/759/1
f 893/763/1 863/761/1 894/756/1
f 574/762/1 535/764/1 534/760/1
f 573/765/1 535/764/1 574/762/1
f 573/765/1 536/766/1 535/764/1
f 893/763/1 864/767/1 863/761/1
f 892/768/1 864/767/1 893/763/1
f 572/769/1 536/766/1 573/765/1
f 572/769/1 537/770/1 536/766/1
f 571/771/1 537/770/1 572/769/1
f 571/771/1 538/772/1 537/770/1
f 891/773/1 864/767/1 892/768/1
f 891/773/1 865/774/1 864/767/1
f 570/775/1 538/772/1 571/771/1
f 789/776/1 710/757/1 790/758/1
f 570/775/1 539/777/1 538/772/1
f 569/778/1 539/777/1 570/775/1
f 568/779/1 539/777/1 569/778/1
f 890/780/1 865/774/1 891/773/1
f 568/779/1 540/781/1 539/777/1
f 890/780/1 866/782/1 865/774/1
f 789/776/1 711/783/1 710/757/1
f 567/784/1 540/781/1 568/779/1
f 567/784/1 541/785/1 540/781/1
f 566/786/1 541/785/1 567/784/1
f 565/787/1 541/785/1 566/786/1
f 889/788/1 866/782/1 890/780/1
f 565/787/1 542/789/1 541/785/1
f 564/790/1 542/789/1 565/787/1
f 564/790/1 543/791/1 542/789/1
f 889/788/1 867/792/1 866/782/1
f 563/793/1 543/791/1 564/790/1
f 563/793/1 544/794/1 543/791/1
f 562/795/1 544/794/1 563/793/1
f 888/796/1 867/792/1 889/788/1
f 562/795/1 545/797/1 544/794/1
f 561/798/1 545/797/1 562/795/1
f 561/798/1 546/799/1 545/797/1
f 560/800/1 546/799/1 561/798/1
f 788/801/1 711/783/1 789/776/1
f 560/800/1 547/802/1 546/799/1
f 559/803/1 547/802/1 560/800/1
f 888/796/1 868/804/1 867/792/1
f 559/803/1 548/805/1 547/802/1
f 558/806/1 548/805/1 559/803/1
f 558/806/1 549/807/1 548/805/1
f 887/808/1 868/804/1 888/796/1
f 557/809/1 549/807/1 558/806/1
f 557/809/1 550/810/1 549/807/1
f 556/811/1 550/810/1 557/809/1
f 556/811/1 551/812/1 550/810/1
f 555/813/1 551/812/1 556/811/1
f 555/813/1 552/814/1 551/812/1
f 554/815/1 552/814/1 555/813/1
f 554/815/1 553/816/1 552/814/1
f 887/808/1 869/817/1 868/804/1
f 886/818/1 869/817/1 887/808/1
f 788/801/1 712/819/1 711/783/1
f 885/820/1 869/817/1 886/818/1
f 885/820/1 870/821/1 869/817/1
f 787/822/1 712/819/1 788/801/1
f 884/823/1 870/821/1 885/820/1
f 884/823/1 871/824/1 870/821/1
f 883/825/1 871/824/1 884/823/1
f 883/825/1 872/826/1 871/824/1
f 882/827/1 872/826/1 883/825/1
f 882/827/1 873/828/1 872/826/1
f 881/829/1 873/828/1 882/827/1
f 787/822/1 713/830/1 712/819/1
f 881/829/1 874/831/1 873/828/1
f 880/832/1 874/831/1 881/829/1
f 880/832/1 875/833/1 874/831/1
f 786/834/1 713/830/1 787/822/1
f 879/835/1 875/833/1 880/832/1
f 879/835/1 876/836/1 875/833/1
f 878/837/1 876/836/1 879/835/1
f 878/837/1 877/838/1 876/836/1
f 785/839/1 713/830/1 786/834/1
f 785/839/1 714/840/1 713/830/1
f 784/841/1 714/840/1 785/839/1
f 784/841/1 715/842/1 714/840/1
f 783/843/1 715/842/1 784/841/1
f 783/843/1 716/844/1 715/842/1
f 782/845/1 716/844/1 783/843/1
f 782/845/1 717/846/1 716/844/1
f 781/847/1 717/846/1 782/845/1
f 780/848/1 717/846/1 781/847/1
f 780/848/1 718/849/1 717/846/1
f 780/848/1 719/850/1 718/849/1
f 779/851/1 719/850/1 780/848/1
f 779/851/1 720/852/1 719/850/1
f 778/853/1 720/852/1 779/851/1
f 778/853/1 721/854/1 720/852/1
f 777/855/1 721/854/1 778/853/1
f 777/855/1 722/856/1 721/854/1
f 776/857/1 722/856/1 777/855/1
f 776/857/1 723/858/1 722/856/1
f 775/859/1 723/858/1 776/857/1
f 775/859/1 724/860/1 723/858/1
f 774/861/1 724/860/1 775/859/1
f 774/861/1 725/862/1 724/860/1
f 773/863/1 725/862/1 774/861/1
f 773/863/1 726/864/1 725/862/1
f 773/863/1 727/865/1 726/864/1
f 772/866/1 727/865/1 773/863/1
f 772/866/1 728/867/1 727/865/1
f 771/868/1 728/867/1 772/866/1
f 771/868/1 729/869/1 728/867/1
f 770/870/1 729/869/1 771/868/1
f 770/870/1 730/871/1 729/869/1
f 769/872/1 730/871/1 770/870/1
f 769/872/1 731/873/1 730/871/1
f 769/872/1 732/874/1 731/873/1
f 768/875/1 732/874/1 769/872/1
f 767/876/1 732/874/1 768/875/1
f 766/877/1 732/874/1 767/876/1
f 765/878/1 732/874/1 766/877/1
f 764/879/1 732/874/1 765/878/1
f 763/880/1 732/874/1 764/879/1
f 762/881/1 732/874/1 763/880/1
f 761/882/1 732/874/1 762/881/1
f 761/882/1 733/883/1 732/874/1
f 760/884/1 733/883/1 761/882/1
f 759/885/1 733/883/1 760/884/1
f 758/886/1 733/883/1 759/885/1
f 757/887/1 733/883/1 758/886/1
f 756/888/1 733/883/1 757/887/1
f 755/889/1 733/883/1 756/888/1
f 754/890/1 733/883/1 755/889/1
f 753/891/1 733/883/1 754/890/1
f 753/891/1 734/892/1 733/883/1
f 752/893/1 734/892/1 753/891/1
f 752/893/1 735/894/1 734/892/1
f 751/895/1 735/894/1 752/893/1
f 751/895/1 736/896/1 735/894/1
f 751/895/1 737/897/1 736/896/1
f 750/898/1 737/897/1 751/895/1
f 750/898/1 738/899/1 737/897/1
f 749/900/1 738/899/1 750/898/1
f 749/900/1 739/901/1 738/899/1
f 749/900/1 740/902/1 739/901/1
f 748/903/1 740/902/1 749/900/1
f 748/903/1 741/904/1 740/902/1
f 747/905/1 741/904/1 748/903/1
f 747/905/1 742/906/1 741/904/1
f 747/905/1 743/907/1 742/906/1
f 746/908/1 743/907/1 747/905/1
f 746/908/1 744/909/1 743/907/1
f 745/910/1 744/909/1 746/908/1
f 1464/911/1 1466/912/1 1465/913/1
f 1463/914/1 1466/912/1 1464/911/1
f 1462/915/1 1466/912/1 1463/914/1
f 1462/915/1 1467/916/1 1466/912/1
f 1461/917/1 1467/916/1 1462/915/1
f 1460/918/1 1467/916/1 1461/917/1
f 1460/918/1 1468/919/1 1467/916/1
f 1459/920/1 1468/919/1 1460/918/1
f 1458/921/1 1468/919/1 1459/920/1
f 1457/922/1 1468/919/1 1458/921/1
f 1457/922/1 1469/923/1 1468/919/1
f 1456/924/1 1469/923/1 1457/922/1
f 1455/925/1 1469/923/1 1456/924/1
f 1455/925/1 1470/926/1 1469/923/1
f 1454/927/1 1470/926/1 1455/925/1
f 1453/928/1 1470/926/1 1454/927/1
f 1453/928/1 1471/929/1 1470/926/1
f 1452/930/1 1471/929/1 1453/928/1
f 1451/931/1 1471/929/1 1452/930/1
f 1450/932/1 1471/929/1 1451/931/1
f 1450/932/1 1472/933/1 1471/929/1
f 1449/934/1 1472/933/1 1450/932/1
f 1448/935/1 1472/933/1 1449/934/1
f 1448/935/1 1473/936/1 1472/933/1
f 1447/937/1 1473/936/1 1448/935/1
f 1446/938/1 1473/936/1 1447/937/1
f 1445/939/1 1473/936/1 1446/938/1
f 1444/940/1 1473/936/1 1445/939/1
f 1444/940/1 1474/941/1 1473/936/1
f 1443/942/1 1474/941/1 1444/940/1
f 1442/943/1 1474/941/1 1443/942/1
f 1441/944/1 1474/941/1 1442/943/1
f 1441/944/1 1475/945/1 1474/941/1
f 1440/946/1 1475/945/1 1441/944/1
f 1439/947/1 1475/945/1 1440/946/1
f 1438/948/1 1475/945/1 1439/947/1
f 1437/949/1 1475/945/1 1438/948/1
f 1436/950/1 1475/945/1 1437/949/1
f 1436/950/1 1476/951/1 1475/945/1
f 1435/952/1 1476/951/1 1436/950/1
f 1434/953/1 1476/951/1 1435/952/1
f 1433/954/1 1476/951/1 1434/953/1
f 1432/955/1 1476/951/1 1433/954/1
f 1431/956/1 1476/951/1 1432/955/1
f 1431/956/1 1477/957/1 1476/951/1
f 1430/958/1 1477/957/1 1431/956/1
f 1429/959/1 1477/957/1 1430/958/1
f 1428/960/1 1477/957/1 1429/959/1
f 1427/961/1 1477/957/1 1428/960/1
f 1427/961/1 1478/962/1 1477/957/1
f 1426/963/1 1478/962/1 1427/961/1
f 1425/964/1 1478/962/1 1426/963/1
f 1424/965/1 1478/962/1 1425/964/1
f 1424/965/1 1479/966/1 1478/962/1
f 1423/967/1 1479/966/1 1424/965/1
f 1422/968/1 1479/966/1 1423/967/1
f 1422/968/1 1480/969/1 1479/966/1
f 1421/970/1 1480/969/1 1422/968/1
f 1420/971/1 1480/969/1 1421/970/1
f 1420/971/1 1481/972/1 1480/969/1
f 1419/973/1 1481/972/1 1420/971/1
f 1418/974/1 1481/972/1 1419/973/1
f 1418/974/1 1482/975/1 1481/972/1
f 1417/976/1 1482/975/1 1418/974/1
f 1417/976/1 1483/977/1 1482/975/1
f 1416/978/1 1483/977/1 1417/976/1
f 1415/979/1 1483/977/1 1416/978/1
f 1414/980/1 1483/977/1 1415/979/1
f 1413/981/1 1483/977/1 1414/980/1
f 1413/981/1 1484/982/1 1483/977/1
f 1412/983/1 1484/982/1 1413/981/1
f 1411/984/1 1484/982/1 1412/983/1
f 1410/985/1 1484/982/1 1411/984/1
f 1410/985/1 1485/986/1 1484/982/1
f 1409/987/1 1485/986/1 1410/985/1
f 1408/988/1 1485/986/1 1409/987/1
f 1407/989/1 1485/986/1 1408/988/1
f 1407/989/1 1486/990/1 1485/986/1
f 1406/991/1 1486/990/1 1407/989/1
f 1405/992/1 1486/990/1 1406/991/1
f 1404/993/1 1486/990/1 1405/992/1
f 1404/993/1 1487/994/1 1486/990/1
f 1404/993/1 1488/995/1 1487/994/1
f 1403/996/1 1488/995/1 1404/993/1
f 1403/996/1 1489/997/1 1488/995/1
f 1402/998/1 1489/997/1 1403/996/1
f 1402/998/1 1490/999/1 1489/997/1
f 1401/1000/1 1490/999/1 1402/998/1
f 1401/1000/1 1491/1001/1 1490/999/1
f 1401/1000/1 1492/1002/1 1491/1001/1
f 1400/1003/1 1492/1002/1 1401/1000/1
f 1400/1003/1 1493/1004/1 1492/1002/1
f 1400/1003/1 1494/1005/1 1493/1004/1
f 1400/1003/1 1495/1006/1 1494/1005/1
f 1399/1007/1 1495/1006/1 1400/1003/1
f 1399/1007/1 1496/1008/1 1495/1006/1
f 1399/1007/1 1497/1009/1 1496/1008/1
f 1399/1007/1 1498/1010/1 1497/1009/1
f 1399/1007/1 1499/1011/1 1498/1010/1
f 1398/1012/1 1499/1011/1 1399/1007/1
f 1398/1012/1 1500/1013/1 1499/1011/1
f 1398/1012/1 1501/1014/1 1500/1013/1
f 948/1015/1 950/1016/1 949/1017/1
f 947/1018/1 950/1016/1 948/1015/1
f 947/1018/1 951/1019/1 950/1016/1
f 946/1020/1 951/1019/1 947/1018/1
f 946/1020/1 952/1021/1 951/1019/1
f 945/1022/1 952/1021/1 946/1020/1
f 1398/1012/1 1502/1023/1 1501/1014/1
f 945/1022/1 953/1024/1 952/1021/1
f 944/1025/1 953/1024/1 945/1022/1
f 944/1025/1 954/1026/1 953/1024/1
f 943/1027/1 954/1026/1 944/1025/1
f 1398/1012/1 1503/1028/1 1502/1023/1
f 942/1029/1 954/1026/1 943/1027/1
f 942/1029/1 955/1030/1 954/1026/1
f 941/1031/1 955/1030/1 942/1029/1
f 1398/1012/1 1504/1032/1 1503/1028/1
f 941/1031/1 956/1033/1 955/1030/1
f 1397/1034/1 1504/1032/1 1398/1012/1
f 940/1035/1 956/1033/1 941/1031/1
f 1397/1034/1 1505/1036/1 1504/1032/1
f 940/1035/1 957/1037/1 956/1033/1
f 939/1038/1 957/1037/1 940/1035/1
f 1397/1034/1 1506/1039/1 1505/1036/1
f 939/1038/1 958/1040/1 957/1037/1
f 938/1041/1 958/1040/1 939/1038/1
f 1397/1034/1 1507/1042/1 1506/1039/1
f 937/1043/1 958/1040/1 938/1041/1
f 937/1043/1 959/1044/1 958/1040/1
f 1397/1034/1 1508/1045/1 1507/1042/1
f 1397/1034/1 1509/1046/1 1508/1045/1
f 936/1047/1 959/1044/1 937/1043/1
f 936/1047/1 960/1048/1 959/1044/1
f 1397/1034/1 1510/1049/1 1509/1046/1
f 935/1050/1 960/1048/1 936/1047/1
f 1397/1034/1 1511/1051/1 1510/1049/1
f 934/1052/1 960/1048/1 935/1050/1
f 1396/1053/1 1511/1051/1 1397/1034/1
f 934/1052/1 961/1054/1 960/1048/1
f 1396/1053/1 1512/1055/1 1511/1051/1
f 933/1056/1 961/1054/1 934/1052/1
f 1396/1053/1 1513/1057/1 1512/1055/1
f 932/1058/1 961/1054/1 933/1056/1
f 1396/1053/1 1514/1059/1 1513/1057/1
f 932/1058/1 962/1060/1 961/1054/1
f 931/1061/1 962/1060/1 932/1058/1
f 1396/1053/1 1515/1062/1 1514/1059/1
f 930/1063/1 962/1060/1 931/1061/1
f 1396/1053/1 1516/1064/1 1515/1062/1
f 929/1065/1 962/1060/1 930/1063/1
f 928/1066/1 962/1060/1 929/1065/1
f 1396/1053/1 1517/1067/1 1516/1064/1
f 927/1068/1 962/1060/1 928/1066/1
f 926/1069/1 962/1060/1 927/1068/1
f 926/1069/1 963/1070/1 962/1060/1
f 1396/1053/1 1518/1071/1 1517/1067/1
f 925/1072/1 963/1070/1 926/1069/1
f 1395/1073/1 1518/1071/1 1396/1053/1
f 924/1074/1 963/1070/1 925/1072/1
f 1395/1073/1 1519/1075/1 1518/1071/1
f 923/1076/1 963/1070/1 924/1074/1
f 1395/1073/1 1520/1077/1 1519/1075/1
f 923/1076/1 964/1078/1 963/1070/1
f 922/1079/1 964/1078/1 923/1076/1
f 1395/1073/1 1521/1080/1 1520/1077/1
f 921/1081/1 964/1078/1 922/1079/1
f 1395/1073/1 1522/1082/1 1521/1080/1
f 1394/1083/1 1522/1082/1 1395/1073/1
f 921/1081/1 965/1084/1 964/1078/1
f 920/1085/1 965/1084/1 921/1081/1
f 1394/1083/1 1523/1086/1 1522/1082/1
f 919/1087/1 965/1084/1 920/1085/1
f 918/1088/1 965/1084/1 919/1087/1
f 918/1088/1 966/1089/1 965/1084/1
f 1394/1083/1 1524/146/1 1523/1086/1
f 917/1090/1 966/1089/1 918/1088/1
f 916/1091/1 966/1089/1 917/1090/1
f 1394/1083/1 913/153/1 1524/146/1
f 1393/1092/1 913/153/1 1394/1083/1
f 915/1093/1 966/1089/1 916/1091/1
f 915/1093/1 967/1094/1 966/1089/1
f 914/1095/1 967/1094/1 915/1093/1
f 913/153/1 967/1094/1 914/1095/1
f 1393/1092/1 967/1094/1 913/153/1
f 1393/1092/1 968/1096/1 967/1094/1
f 1392/1097/1 968/1096/1 1393/1092/1
f 1392/1097/1 969/1098/1 968/1096/1
f 1392/1097/1 970/1099/1 969/1098/1
f 1392/1097/1 1251/1100/1 970/1099/1
f 1251/1100/1 1250/1101/1 970/1099/1
f 1250/1101/1 1249/1102/1 970/1099/1
f 1249/1102/1 971/1103/1 970/1099/1
f 1391/1104/1 1261/1105/1 1392/1097/1
f 1261/1105/1 1251/1100/1 1392/1097/1
f 1391/1104/1 1262/1106/1 1261/1105/1
f 1260/1107/1 1251/1100/1 1261/1105/1
f 1259/1108/1 1251/1100/1 1260/1107/1
f 1258/1109/2 1251/1100/2 1259/1108/2
f 1257/1110/1 1251/1100/1 1258/1109/1
f 1256/1111/1 1251/1100/1 1257/1110/1
f 1255/1112/1 1251/1100/1 1256/1111/1
f 1254/1113/1 1251/1100/1 1255/1112/1
f 1253/1114/1 1251/1100/1 1254/1113/1
f 1252/1115/1 1251/1100/1 1253/1114/1
f 1248/1116/1 971/1103/1 1249/1102/1
f 1247/1117/1 971/1103/1 1248/1116/1
f 1246/1118/1 971/1103/1 1247/1117/1
f 1245/1119/1 971/1103/1 1246/1118/1
f 1244/1120/1 971/1103/1 1245/1119/1
f 1391/1104/1 1263/1121/1 1262/1106/1
f 1243/1122/1 971/1103/1 1244/1120/1
f 1242/1123/1 971/1103/1 1243/1122/1
f 1241/1124/1 971/1103/1 1242/1123/1
f 1391/1104/1 1264/1125/1 1263/1121/1
f 1240/1126/1 971/1103/1 1241/1124/1
f 1240/1126/1 972/1127/1 971/1103/1
f 1391/1104/1 1265/1128/1 1264/1125/1
f 1239/1129/1 972/1127/1 1240/1126/1
f 1238/1130/1 972/1127/1 1239/1129/1
f 1391/1104/1 1266/1131/1 1265/1128/1
f 1237/1132/1 972/1127/1 1238/1130/1
f 1391/1104/1 1267/1133/1 1266/1131/1
f 1236/1134/1 972/1127/1 1237/1132/1
f 1391/1104/1 1268/1135/1 1267/1133/1
f 1235/1136/1 972/1127/1 1236/1134/1
f 1391/1104/1 1269/1137/1 1268/1135/1
f 1234/1138/1 972/1127/1 1235/1136/1
f 1391/1104/1 1270/1139/1 1269/1137/1
f 1234/1138/1 973/1140/1 972/1127/1
f 1233/1141/1 973/1140/1 1234/1138/1
f 1391/1104/1 1271/1142/1 1270/1139/1
f 1391/1104/1 1272/1143/1 1271/1142/1
f 1232/1144/1 973/1140/1 1233/1141/1
f 1391/1104/1 1273/1145/1 1272/1143/1
f 1231/1146/1 973/1140/1 1232/1144/1
f 1391/1104/1 1274/1147/1 1273/1145/1
f 1230/1148/1 973/1140/1 1231/1146/1
f 1229/1149/1 973/1140/1 1230/1148/1
f 1229/1149/1 974/1150/1 973/1140/1
f 1391/1104/1 1275/1151/1 1274/1147/1
f 1228/1152/1 974/1150/1 1229/1149/1
f 1390/1153/1 1309/1154/1 1391/1104/1
f 1309/1154/1 1275/1151/1 1391/1104/1
f 1309/1154/1 1276/1155/1 1275/1151/1
f 1227/1156/1 974/1150/1 1228/1152/1
f 1390/1153/1 1310/1157/1 1309/1154/1
f 1308/1158/1 1276/1155/1 1309/1154/1
f 1308/1158/1 1277/1159/1 1276/1155/1
f 1226/1160/1 974/1150/1 1227/1156/1
f 1226/1160/1 975/1161/1 974/1150/1
f 1308/1158/1 1278/1162/1 1277/1159/1
f 1225/1163/1 975/1161/1 1226/1160/1
f 1307/1164/1 1278/1162/1 1308/1158/1
f 1307/1164/1 1279/1165/1 1278/1162/1
f 1224/1166/1 975/1161/1 1225/1163/1
f 1307/1164/1 1280/1167/1 1279/1165/1
f 1307/1164/1 1281/1168/1 1280/1167/1
f 1306/1169/1 1281/1168/1 1307/1164/1
f 1224/1166/1 976/1170/1 975/1161/1
f 1306/1169/1 1282/1171/1 1281/1168/1
f 1306/1169/1 1283/1172/1 1282/1171/1
f 1306/1169/1 1284/1173/1 1283/1172/1
f 1306/1169/1 1285/1174/1 1284/1173/1
f 1305/1175/1 1285/1174/1 1306/1169/1
f 1305/1175/1 1286/1176/1 1285/1174/1
f 1305/1175/1 1287/1177/1 1286/1176/1
f 1304/1178/1 1287/1177/1 1305/1175/1
f 1224/1166/1 977/1179/1 976/1170/1
f 1304/1178/1 1288/1180/1 1287/1177/1
f 1303/1181/1 1288/1180/1 1304/1178/1
f 1303/1181/1 1289/1182/1 1288/1180/1
f 1302/1183/1 1289/1182/1 1303/1181/1
f 1302/1183/1 1290/1184/1 1289/1182/1
f 1224/1166/1 978/1185/1 977/1179/1
f 1302/1183/1 1291/1186/1 1290/1184/1
f 1301/1187/1 1291/1186/1 1302/1183/1
f 1301/1187/1 1292/1188/1 1291/1186/1
f 1300/1189/1 1292/1188/1 1301/1187/1
f 1300/1189/1 1293/1190/1 1292/1188/1
f 1299/1191/1 1293/1190/1 1300/1189/1
f 1299/1191/1 1294/1192/1 1293/1190/1
f 1299/1191/1 1295/1193/1 1294/1192/1
f 1298/1194/1 1295/1193/1 1299/1191/1
f 1389/1195/1 1310/1157/1 1390/1153/1
f 1298/1194/1 1296/1196/1 1295/1193/1
f 1224/1166/1 979/1197/1 978/1185/1
f 1297/1198/1 1296/1196/1 1298/1194/1
f 1224/1166/1 980/1199/1 979/1197/1
f 1224/1166/1 981/1200/1 980/1199/1
f 1389/1195/1 1311/1201/1 1310/1157/1
f 1224/1166/1 982/1202/1 981/1200/1
f 1223/1203/1 982/1202/1 1224/1166/1
f 1223/1203/1 983/1204/1 982/1202/1
f 1223/1203/1 984/1205/1 983/1204/1
f 1388/1206/1 1311/1201/1 1389/1195/1
f 1223/1203/1 985/1207/1 984/1205/1
f 1223/1203/1 986/1208/1 985/1207/1
f 1223/1203/1 987/1209/1 986/1208/1
f 1223/1203/1 988/1210/1 987/1209/1
f 1223/1203/1 989/1211/1 988/1210/1
f 1223/1203/1 990/1212/1 989/1211/1
f 1223/1203/1 991/1213/1 990/1212/1
f 1223/1203/1 992/1214/1 991/1213/1
f 1388/1206/1 1312/1215/1 1311/1201/1
f 1387/1216/1 1312/1215/1 1388/1206/1
f 1222/1217/1 992/1214/1 1223/1203/1
f 1222/1217/1 993/1218/1 992/1214/1
f 1222/1217/1 994/1219/1 993/1218/1
f 1222/1217/1 995/1220/1 994/1219/1
f 1222/1217/1 996/1221/1 995/1220/1
f 1222/1217/1 997/1222/1 996/1221/1
f 1222/1217/1 998/1223/1 997/1222/1
f 1386/1224/1 1312/1215/1 1387/1216/1
f 1386/1224/1 1313/1225/1 1312/1215/1
f 1221/1226/1 998/1223/1 1222/1217/1
f 1385/1227/1 1313/1225/1 1386/1224/1
f 1221/1226/1 999/1228/1 998/1223/1
f 1385/1227/1 1314/1229/1 1313/1225/1
f 1220/1230/1 999/1228/1 1221/1226/1
f 1384/1231/1 1314/1229/1 1385/1227/1
f 1220/1230/1 1000/1232/1 999/1228/1
f 1384/1231/1 1315/1233/1 1314/1229/1
f 1219/1234/1 1000/1232/1 1220/1230/1
f 1383/1235/1 1315/1233/1 1384/1231/1
f 1219/1234/1 1001/1236/1 1000/1232/1
f 1383/1235/1 1316/1237/1 1315/1233/1
f 1382/1238/1 1316/1237/1 1383/1235/1
f 1218/1239/1 1001/1236/1 1219/1234/1
f 1382/1238/1 1317/1240/1 1316/1237/1
f 1381/1241/1 1317/1240/1 1382/1238/1
f 1218/1239/1 1002/1242/1 1001/1236/1
f 1217/1243/1 1002/1242/1 1218/1239/1
f 1381/1241/1 1318/1244/1 1317/1240/1
f 1380/1245/1 1318/1244/1 1381/1241/1
f 1217/1243/1 1003/1246/1 1002/1242/1
f 1216/1247/1 1003/1246/1 1217/1243/1
f 1379/1248/1 1318/1244/1 1380/1245/1
f 1379/1248/1 1319/1249/1 1318/1244/1
f 1215/1250/1 1003/1246/1 1216/1247/1
f 1215/1250/1 1004/1251/1 1003/1246/1
f 1176/1252/1 1178/1253/1 1177/1254/1
f 1176/1252/1 1179/1255/1 1178/1253/1
f 1176/1252/1 1180/1256/1 1179/1255/1
f 1176/1252/1 1181/1257/1 1180/1256/1
f 1176/1252/1 1182/1258/1 1181/1257/1
f 1176/1252/1 1183/1259/1 1182/1258/1
f 1176/1252/1 1184/1260/1 1183/1259/1
f 1176/1252/1 1185/1261/1 1184/1260/1
f 1176/1252/1 1186/1262/1 1185/1261/1
f 1176/1252/1 1187/1263/1 1186/1262/1
f 1176/1252/1 1188/1264/1 1187/1263/1
f 1176/1252/1 1189/1265/1 1188/1264/1
f 1176/1252/1 1190/1266/1 1189/1265/1
f 1175/1267/1 1190/1266/1 1176/1252/1
f 1174/1268/1 1190/1266/1 1175/1267/1
f 1174/1268/1 1191/1269/1 1190/1266/1
f 1173/1270/1 1191/1269/1 1174/1268/1
f 1173/1270/1 1192/1271/1 1191/1269/1
f 1172/1272/1 1192/1271/1 1173/1270/1
f 1172/1272/1 1193/1273/1 1192/1271/1
f 1172/1272/1 1194/1274/1 1193/1273/1
f 1171/1275/1 1194/1274/1 1172/1272/1
f 1171/1275/1 1195/1276/1 1194/1274/1
f 1171/1275/1 1196/1277/1 1195/1276/1
f 1170/1278/1 1196/1277/1 1171/1275/1
f 1170/1278/1 1197/1279/1 1196/1277/1
f 1170/1278/1 1198/1280/1 1197/1279/1
f 1169/1281/1 1198/1280/1 1170/1278/1
f 1169/1281/1 1199/1282/1 1198/1280/1
f 1169/1281/1 1200/1283/1 1199/1282/1
f 1169/1281/1 1201/1284/1 1200/1283/1
f 1378/1285/1 1319/1249/1 1379/1248/1
f 1168/1286/1 1201/1284/1 1169/1281/1
f 1168/1286/1 1202/1287/1 1201/1284/1
f 1167/1288/1 1202/1287/1 1168/1286/1
f 1378/1285/1 1320/1289/1 1319/1249/1
f 1167/1288/1 1203/1290/1 1202/1287/1
f 1166/1291/1 1203/1290/1 1167/1288/1
f 1165/1292/1 1203/1290/1 1166/1291/1
f 1165/1292/1 1204/1293/1 1203/1290/1
f 1164/1294/1 1204/1293/1 1165/1292/1
f 1163/1295/1 1204/1293/1 1164/1294/1
f 1163/1295/1 1205/1296/1 1204/1293/1
f 1162/1297/1 1205/1296/1 1163/1295/1
f 1161/1298/1 1205/1296/1 1162/1297/1
f 1161/1298/1 1206/1299/1 1205/1296/1
f 1160/1300/1 1206/1299/1 1161/1298/1
f 1159/1301/1 1206/1299/1 1160/1300/1
f 1214/1302/1 1004/1251/1 1215/1250/1
f 1214/1302/1 1005/1303/1 1004/1251/1
f 1158/1304/1 1206/1299/1 1159/1301/1
f 1158/1304/1 1207/1305/1 1206/1299/1
f 1377/1306/1 1320/1289/1 1378/1285/1
f 1157/1307/1 1207/1305/1 1158/1304/1
f 1156/1308/1 1207/1305/1 1157/1307/1
f 1377/1306/1 1321/1309/1 1320/1289/1
f 1155/1310/1 1207/1305/1 1156/1308/1
f 1155/1310/1 1208/1311/1 1207/1305/1
f 1154/1312/1 1208/1311/1 1155/1310/1
f 1153/1313/1 1208/1311/1 1154/1312/1
f 1153/1313/1 1209/1314/1 1208/1311/1
f 1152/1315/1 1209/1314/1 1153/1313/1
f 1152/1315/1 1210/1316/1 1209/1314/1
f 1376/1317/1 1321/1309/1 1377/1306/1
f 1213/1318/1 1005/1303/1 1214/1302/1
f 1151/1319/1 1210/1316/1 1152/1315/1
f 1151/1319/1 1211/1320/1 1210/1316/1
f 1376/1317/1 1322/1321/1 1321/1309/1
f 1213/1318/1 1006/1322/1 1005/1303/1
f 1151/1319/1 1212/1323/1 1211/1320/1
f 1150/1324/1 1212/1323/1 1151/1319/1
f 1150/1324/1 1213/1318/1 1212/1323/1
f 1375/1325/1 1322/1321/1 1376/1317/1
f 1375/1325/1 1323/1326/1 1322/1321/1
f 1149/1327/1 1213/1318/1 1150/1324/1
f 1149/1327/1 1006/1322/1 1213/1318/1
f 1149/1327/1 1007/1328/1 1006/1322/1
f 1148/1329/1 1007/1328/1 1149/1327/1
f 1374/1330/1 1323/1326/1 1375/1325/1
f 1374/1330/1 1324/1331/1 1323/1326/1
f 1147/1332/1 1007/1328/1 1148/1329/1
f 1147/1332/1 1008/1333/1 1007/1328/1
f 1373/1334/1 1324/1331/1 1374/1330/1
f 1146/1335/1 1008/1333/1 1147/1332/1
f 1373/1334/1 1325/1336/1 1324/1331/1
f 1145/1337/1 1008/1333/1 1146/1335/1
f 1145/1337/1 1009/1338/1 1008/1333/1
f 1372/1339/1 1325/1336/1 1373/1334/1
f 1372/1339/1 1326/1340/1 1325/1336/1
f 1144/1341/1 1009/1338/1 1145/1337/1
f 1143/1342/1 1009/1338/1 1144/1341/1
f 1143/1342/1 1010/1343/1 1009/1338/1
f 1372/1339/1 1327/1344/1 1326/1340/1
f 1371/1345/1 1327/1344/1 1372/1339/1
f 1142/1346/1 1010/1343/1 1143/1342/1
f 1371/1345/1 1328/1347/1 1327/1344/1
f 1142/1346/1 1011/1348/1 1010/1343/1
f 1141/1349/1 1011/1348/1 1142/1346/1
f 1370/1350/1 1328/1347/1 1371/1345/1
f 1140/1351/1 1011/1348/1 1141/1349/1
f 1370/1350/1 1329/1352/1 1328/1347/1
f 1140/1351/1 1012/1353/1 1011/1348/1
f 1369/1354/1 1329/1352/1 1370/1350/1
f 1369/1354/1 1330/1355/1 1329/1352/1
f 1140/1351/1 1013/1356/1 1012/1353/1
f 1369/1354/1 1331/1357/1 1330/1355/1
f 1368/1358/1 1331/1357/1 1369/1354/1
f 1367/1359/1 1331/1357/1 1368/1358/1
f 1366/1360/1 1331/1357/1 1367/1359/1
f 1139/1361/1 1013/1356/1 1140/1351/1
f 1365/1362/1 1331/1357/1 1366/1360/1
f 1364/1363/1 1331/1357/1 1365/1362/1
f 1364/1363/1 1332/1364/1 1331/1357/1
f 1363/1365/1 1332/1364/1 1364/1363/1
f 1139/1361/1 1014/1366/1 1013/1356/1
f 1362/1367/1 1332/1364/1 1363/1365/1
f 1361/1368/1 1332/1364/1 1362/1367/1
f 1360/1369/1 1332/1364/1 1361/1368/1
f 1359/1370/1 1332/1364/1 1360/1369/1
f 1358/1371/1 1332/1364/1 1359/1370/1
f 1358/1371/1 1333/1372/1 1332/1364/1
f 1357/1373/1 1333/1372/1 1358/1371/1
f 1356/1374/1 1333/1372/1 1357/1373/1
f 1355/1375/1 1333/1372/1 1356/1374/1
f 1354/1376/1 1333/1372/1 1355/1375/1
f 1139/1361/1 1015/1377/1 1014/1366/1
f 1353/1378/1 1333/1372/1 1354/1376/1
f 1353/1378/1 1334/1379/1 1333/1372/1
f 1353/1378/1 1335/1380/1 1334/1379/1
f 1352/1381/1 1335/1380/1 1353/1378/1
f 1352/1381/1 1336/1382/1 1335/1380/1
f 1351/1383/1 1336/1382/1 1352/1381/1
f 1351/1383/1 1337/1384/1 1336/1382/1
f 1350/1385/1 1337/1384/1 1351/1383/1
f 1350/1385/1 1338/1386/1 1337/1384/1
f 1350/1385/1 1339/1387/1 1338/1386/1
f 1349/1388/1 1339/1387/1 1350/1385/1
f 1349/1388/1 1340/1389/1 1339/1387/1
f 1348/1390/1 1340/1389/1 1349/1388/1
f 1348/1390/1 1341/1391/1 1340/1389/1
f 1138/1392/1 1015/1377/1 1139/1361/1
f 1347/1393/1 1341/1391/1 1348/1390/1
f 1347/1393/1 1342/1394/1 1341/1391/1
f 1347/1393/1 1343/1395/1 1342/1394/1
f 1346/1396/1 1343/1395/1 1347/1393/1
f 1346/1396/1 1344/1397/1 1343/1395/1
f 1345/1398/1 1344/1397/1 1346/1396/1
f 1138/1392/1 1016/1399/1 1015/1377/1
f 1138/1392/1 1069/1400/1 1016/1399/1
f 1069/1400/1 1017/1401/1 1016/1399/1
f 1137/1402/1 1069/1400/1 1138/1392/1
f 1137/1402/1 1070/1403/1 1069/1400/1
f 1068/1404/1 1017/1401/1 1069/1400/1
f 1067/1405/1 1017/1401/1 1068/1404/1
f 1066/1406/1 1017/1401/1 1067/1405/1
f 1066/1406/1 1018/1407/1 1017/1401/1
f 1065/1408/1 1018/1407/1 1066/1406/1
f 1064/1409/1 1018/1407/1 1065/1408/1
f 1064/1409/1 1019/1410/1 1018/1407/1
f 1136/1411/1 1070/1403/1 1137/1402/1
f 1063/1412/1 1019/1410/1 1064/1409/1
f 1062/1413/1 1019/1410/1 1063/1412/1
f 1062/1413/1 1020/1414/1 1019/1410/1
f 1061/1415/1 1020/1414/1 1062/1413/1
f 1135/1416/1 1070/1403/1 1136/1411/1
f 1061/1415/1 1021/1417/1 1020/1414/1
f 1060/1418/1 1021/1417/1 1061/1415/1
f 1135/1416/1 1071/1419/1 1070/1403/1
f 1059/1420/1 1021/1417/1 1060/1418/1
f 1059/1420/1 1022/1421/1 1021/1417/1
f 1059/1420/1 1023/1422/1 1022/1421/1
f 1134/1423/1 1071/1419/1 1135/1416/1
f 1058/1424/1 1023/1422/1 1059/1420/1
f 1058/1424/1 1024/1425/1 1023/1422/1
f 1058/1424/1 1025/1426/1 1024/1425/1
f 1058/1424/1 1026/1427/1 1025/1426/1
f 1057/1428/1 1026/1427/1 1058/1424/1
f 1057/1428/1 1027/1429/1 1026/1427/1
f 1057/1428/1 1028/1430/1 1027/1429/1
f 1133/1431/1 1071/1419/1 1134/1423/1
f 1057/1428/1 1029/1432/1 1028/1430/1
f 1056/1433/1 1029/1432/1 1057/1428/1
f 1056/1433/1 1030/1434/1 1029/1432/1
f 1133/1431/1 1072/1435/1 1071/1419/1
f 1056/1433/1 1031/1436/1 1030/1434/1
f 1055/1437/1 1031/1436/1 1056/1433/1
f 1055/1437/1 1032/1438/1 1031/1436/1
f 1054/1439/1 1032/1438/1 1055/1437/1
f 1054/1439/1 1033/1440/1 1032/1438/1
f 1053/1441/1 1033/1440/1 1054/1439/1
f 1053/1441/1 1034/1442/1 1033/1440/1
f 1132/1443/1 1072/1435/1 1133/1431/1
f 1053/1441/1 1035/1444/1 1034/1442/1
f 1052/1445/1 1035/1444/1 1053/1441/1
f 1052/1445/1 1036/1446/1 1035/1444/1
f 1051/1447/1 1036/1446/1 1052/1445/1
f 1051/1447/1 1037/1448/1 1036/1446/1
f 1050/1449/1 1037/1448/1 1051/1447/1
f 1050/1449/1 1038/1450/1 1037/1448/1
f 1050/1449/1 1039/1451/1 1038/1450/1
f 1049/1452/1 1039/1451/1 1050/1449/1
f 1049/1452/1 1040/1453/1 1039/1451/1
f 1048/1454/1 1040/1453/1 1049/1452/1
f 1048/1454/1 1041/1455/1 1040/1453/1
f 1047/1456/1 1041/1455/1 1048/1454/1
f 1047/1456/1 1042/1457/1 1041/1455/1
f 1047/1456/1 1043/1458/1 1042/1457/1
f 1046/1459/1 1043/1458/1 1047/1456/1
f 1046/1459/1 1044/1460/1 1043/1458/1
f 1045/1461/1 1044/1460/1 1046/1459/1
f 1131/1462/1 1072/1435/1 1132/1443/1
f 1131/1462/1 1073/1463/1 1072/1435/1
f 1130/1464/1 1073/1463/1 1131/1462/1
f 1129/1465/1 1073/1463/1 1130/1464/1
f 1129/1465/1 1074/1466/1 1073/1463/1
f 1128/1467/1 1074/1466/1 1129/1465/1
f 1127/1468/1 1074/1466/1 1128/1467/1
f 1127/1468/1 1075/1469/1 1074/1466/1
f 1126/1470/1 1075/1469/1 1127/1468/1
f 1125/1471/1 1075/1469/1 1126/1470/1
f 1124/1472/1 1075/1469/1 1125/1471/1
f 1124/1472/1 1076/1473/1 1075/1469/1
f 1123/1474/1 1076/1473/1 1124/1472/1
f 1122/1475/1 1076/1473/1 1123/1474/1
f 1122/1475/1 1077/1476/1 1076/1473/1
f 1121/1477/1 1077/1476/1 1122/1475/1
f 1120/1478/1 1077/1476/1 1121/1477/1
f 1120/1478/1 1078/1479/1 1077/1476/1
f 1119/1480/1 1078/1479/1 1120/1478/1
f 1119/1480/1 1079/1481/1 1078/1479/1
f 1118/1482/1 1079/1481/1 1119/1480/1
f 1117/1483/1 1079/1481/1 1118/1482/1
f 1117/1483/1 1080/1484/1 1079/1481/1
f 1116/1485/1 1080/1484/1 1117/1483/1
f 1115/1486/1 1080/1484/1 1116/1485/1
f 1114/1487/1 1080/1484/1 1115/1486/1
f 1113/1488/1 1080/1484/1 1114/1487/1
f 1112/1489/1 1080/1484/1 1113/1488/1
f 1112/1489/1 1081/1490/1 1080/1484/1
f 1111/1491/1 1081/1490/1 1112/1489/1
f 1110/1492/1 1081/1490/1 1111/1491/1
f 1109/1493/1 1081/1490/1 1110/1492/1
f 1108/1494/1 1081/1490/1 1109/1493/1
f 1107/1495/1 1081/1490/1 1108/1494/1
f 1106/1496/1 1081/1490/1 1107/1495/1
f 1105/1497/1 1081/1490/1 1106/1496/1
f 1104/1498/1 1081/1490/1 1105/1497/1
f 1103/1499/1 1081/1490/1 1104/1498/1
f 1102/1500/1 1081/1490/1 1103/1499/1
f 1101/1501/1 1081/1490/1 1102/1500/1
f 1101/1501/1 1082/1502/1 1081/1490/1
f 1100/1503/1 1082/1502/1 1101/1501/1
f 1100/1503/1 1083/1504/1 1082/1502/1
f 1099/1505/1 1083/1504/1 1100/1503/1
f 1099/1505/1 1084/1506/1 1083/1504/1
f 1099/1505/1 1085/1507/1 1084/1506/1
f 1098/1508/1 1085/1507/1 1099/1505/1
f 1098/1508/1 1086/1509/1 1085/1507/1
f 1097/1510/1 1086/1509/1 1098/1508/1
f 1097/1510/1 1087/1511/1 1086/1509/1
f 1097/1510/1 1088/1512/1 1087/1511/1
f 1096/1513/1 1088/1512/1 1097/1510/1
f 1096/1513/1 1089/1514/1 1088/1512/1
f 1095/1515/1 1089/1514/1 1096/1513/1
f 1095/1515/1 1090/1516/1 1089/1514/1
f 1095/1515/1 1091/1517/1 1090/1516/1
f 1094/1518/1 1091/1517/1 1095/1515/1
f 1094/1518/1 1092/1519/1 1091/1517/1
f 1093/1520/1 1092/1519/1 1094/1518/1
f 1548/1521/1 1550/1522/1 1549/1523/1
f 1547/1524/1 1550/1522/1 1548/1521/1
f 1547/1524/1 1551/1525/1 1550/1522/1
f 1546/1526/1 1551/1525/1 1547/1524/1
f 1545/1527/1 1551/1525/1 1546/1526/1
f 1545/1527/1 1552/1528/1 1551/1525/1
f 1544/1529/1 1552/1528/1 1545/1527/1
f 1544/1529/1 1553/1530/1 1552/1528/1
f 1543/1531/1 1553/1530/1 1544/1529/1
f 1542/1532/1 1553/1530/1 1543/1531/1
f 1542/1532/1 1554/1533/1 1553/1530/1
f 1541/1534/1 1554/1533/1 1542/1532/1
f 1540/1535/1 1554/1533/1 1541/1534/1
f 1540/1535/1 1555/1536/1 1554/1533/1
f 1539/1537/1 1555/1536/1 1540/1535/1
f 1539/1537/1 1556/1538/1 1555/1536/1
f 1538/1539/1 1556/1538/1 1539/1537/1
f 1537/1540/1 1556/1538/1 1538/1539/1
f 1537/1540/1 1557/1541/1 1556/1538/1
f 1536/1542/1 1557/1541/1 1537/1540/1
f 1535/1543/1 1557/1541/1 1536/1542/1
f 1534/1544/1 1557/1541/1 1535/1543/1
f 1957/1545/1 1959/1546/1 1958/1547/1
f 1957/1545/1 1960/1548/1 1959/1546/1
f 1956/1549/1 1960/1548/1 1957/1545/1
f 1533/1550/1 1557/1541/1 1534/1544/1
f 1533/1550/1 1558/1551/1 1557/1541/1
f 1956/1549/1 1961/1552/1 1960/1548/1
f 1956/1549/1 1962/1553/1 1961/1552/1
f 1955/1554/1 1962/1553/1 1956/1549/1
f 1532/1555/1 1558/1551/1 1533/1550/1
f 1955/1554/1 1963/1556/1 1962/1553/1
f 1954/1557/1 1963/1556/1 1955/1554/1
f 1954/1557/1 1964/1558/1 1963/1556/1
f 1531/1559/1 1558/1551/1 1532/1555/1
f 1954/1557/1 1965/1560/1 1964/1558/1
f 1530/1561/1 1558/1551/1 1531/1559/1
f 1953/1562/1 1965/1560/1 1954/1557/1
f 1529/1563/1 1558/1551/1 1530/1561/1
f 1953/1562/1 1966/1564/1 1965/1560/1
f 1528/1565/1 1558/1551/1 1529/1563/1
f 1952/1566/1 1966/1564/1 1953/1562/1
f 1528/1565/1 1559/1567/1 1558/1551/1
f 1527/1568/1 1559/1567/1 1528/1565/1
f 1952/1566/1 1967/1569/1 1966/1564/1
f 1526/1570/1 1559/1567/1 1527/1568/1
f 1525/153/1 1559/1567/1 1526/1570/1
f 1952/1566/1 1968/1571/1 1967/1569/1
f 2006/146/1 1559/1567/1 1525/153/1
f 1951/1572/1 1968/1571/1 1952/1566/1
f 1951/1572/1 1969/957/1 1968/1571/1
f 1950/1573/1 1969/957/1 1951/1572/1
f 1950/1573/1 1970/1574/1 1969/957/1
f 2006/146/1 1560/1575/1 1559/1567/1
f 1950/1573/1 1971/1576/1 1970/1574/1
f 1949/1577/1 1971/1576/1 1950/1573/1
f 1949/1577/1 1972/1578/1 1971/1576/1
f 1948/1579/1 1972/1578/1 1949/1577/1
f 2006/146/1 1561/1580/1 1560/1575/1
f 1948/1579/1 1973/1581/1 1972/1578/1
f 1947/1582/1 1973/1581/1 1948/1579/1
f 1947/1582/1 1974/1583/1 1973/1581/1
f 2006/146/1 1562/1048/1 1561/1580/1
f 1946/1584/1 1974/1583/1 1947/1582/1
f 1946/1584/1 1975/1585/1 1974/1583/1
f 2006/146/1 1563/1586/1 1562/1048/1
f 1946/1584/1 1976/1587/1 1975/1585/1
f 1945/1588/1 1976/1587/1 1946/1584/1
f 1945/1588/1 1977/1589/1 1976/1587/1
f 2006/146/1 1564/1590/1 1563/1586/1
f 1945/1588/1 1978/1591/1 1977/1589/1
f 1944/1592/1 1978/1591/1 1945/1588/1
f 2006/146/1 1565/1593/1 1564/1590/1
f 1944/1592/1 1979/1594/1 1978/1591/1
f 1944/1592/1 1980/1595/1 1979/1594/1
f 2006/146/1 1566/1596/1 1565/1593/1
f 1943/1597/1 1980/1595/1 1944/1592/1
f 1943/1597/1 1981/1598/1 1980/1595/1
f 1943/1597/1 1982/1599/1 1981/1598/1
f 1943/1597/1 1983/1600/1 1982/1599/1
f 2005/1601/1 1566/1596/1 2006/146/1
f 2005/1601/1 1567/1602/1 1566/1596/1
f 1943/1597/1 1984/1603/1 1983/1600/1
f 2004/1604/1 1567/1602/1 2005/1601/1
f 1943/1597/1 1985/1605/1 1984/1603/1
f 2003/1606/1 1567/1602/1 2004/1604/1
f 1942/1607/1 1985/1605/1 1943/1597/1
f 1942/1607/1 1986/1608/1 1985/1605/1
f 2002/1609/1 1567/1602/1 2003/1606/1
f 2002/1609/1 1568/1610/1 1567/1602/1
f 1942/1607/1 1987/1611/1 1986/1608/1
f 2001/1612/1 1568/1610/1 2002/1609/1
f 1942/1607/1 1988/1613/1 1987/1611/1
f 2000/1614/1 1568/1610/1 2001/1612/1
f 1942/1607/1 1989/1615/1 1988/1613/1
f 1999/1616/1 1568/1610/1 2000/1614/1
f 1942/1607/1 1990/1617/1 1989/1615/1
f 1998/1618/1 1568/1610/1 1999/1616/1
f 1942/1607/1 1991/1619/1 1990/1617/1
f 1997/1620/1 1568/1610/1 1998/1618/1
f 1997/1620/1 1569/1621/1 1568/1610/1
f 1942/1607/1 1992/1622/1 1991/1619/1
f 1996/1623/1 1569/1621/1 1997/1620/1
f 1942/1607/1 1993/1624/1 1992/1622/1
f 1995/1625/1 1569/1621/1 1996/1623/1
f 1942/1607/1 1994/1626/1 1993/1624/1
f 1994/1626/1 1569/1621/1 1995/1625/1
f 1942/1607/1 1569/1621/1 1994/1626/1
f 1942/1607/1 1570/1627/1 1569/1621/1
f 1941/1628/1 1570/1627/1 1942/1607/1
f 1941/1628/1 1571/1629/1 1570/1627/1
f 1941/1628/1 1572/1630/1 1571/1629/1
f 1941/1628/1 1573/1631/1 1572/1630/1
f 1941/1628/1 1574/1632/1 1573/1631/1
f 1940/1633/1 1574/1632/1 1941/1628/1
f 1940/1633/1 1575/1634/1 1574/1632/1
f 1940/1633/1 1862/1635/1 1575/1634/1
f 1862/1635/1 1576/1636/1 1575/1634/1
f 1939/1637/1 1863/1638/1 1940/1633/1
f 1863/1638/1 1862/1635/1 1940/1633/1
f 1861/1639/1 1576/1636/1 1862/1635/1
f 1939/1637/1 1864/1640/1 1863/1638/1
f 1939/1637/1 1865/1641/1 1864/1640/1
f 1939/1637/1 1866/1642/1 1865/1641/1
f 1860/1643/1 1576/1636/1 1861/1639/1
f 1939/1637/1 1867/1644/1 1866/1642/1
f 1939/1637/1 1868/1645/1 1867/1644/1
f 1939/1637/1 1869/1646/1 1868/1645/1
f 1859/1647/1 1576/1636/1 1860/1643/1
f 1939/1637/1 1870/1648/1 1869/1646/1
f 1939/1637/1 1871/1649/1 1870/1648/1
f 1939/1637/1 1872/1650/1 1871/1649/1
f 1858/1382/1 1576/1636/1 1859/1647/1
f 1939/1637/1 1873/1651/1 1872/1650/1
f 1939/1637/1 1874/1652/1 1873/1651/1
f 1939/1637/1 1875/1653/1 1874/1652/1
f 1857/1654/1 1576/1636/1 1858/1382/1
f 1856/1655/1 1576/1636/1 1857/1654/1
f 1855/1656/1 1576/1636/1 1856/1655/1
f 1854/1657/1 1576/1636/1 1855/1656/1
f 1854/1657/1 1577/1658/1 1576/1636/1
f 1853/1659/1 1577/1658/1 1854/1657/1
f 1939/1637/1 1876/1660/1 1875/1653/1
f 1852/1661/1 1577/1658/1 1853/1659/1
f 1851/1662/1 1577/1658/1 1852/1661/1
f 1939/1637/1 1877/1663/1 1876/1660/1
f 1850/1664/1 1577/1658/1 1851/1662/1
f 1849/1665/1 1577/1658/1 1850/1664/1
f 1849/1665/1 1578/1666/1 1577/1658/1
f 1938/1667/1 1877/1663/1 1939/1637/1
f 1938/1667/1 1878/1668/1 1877/1663/1
f 1848/1669/1 1578/1666/1 1849/1665/1
f 1938/1667/1 1879/1670/1 1878/1668/1
f 1847/1671/1 1578/1666/1 1848/1669/1
f 1847/1671/1 1579/1672/1 1578/1666/1
f 1938/1667/1 1880/1673/1 1879/1670/1
f 1846/1674/1 1579/1672/1 1847/1671/1
f 1938/1667/1 1881/1675/1 1880/1673/1
f 1938/1667/1 1882/1676/1 1881/1675/1
f 1845/1677/1 1579/1672/1 1846/1674/1
f 1845/1677/1 1580/1678/1 1579/1672/1
f 1937/1679/1 1882/1676/1 1938/1667/1
f 1937/1679/1 1883/1680/1 1882/1676/1
f 1844/1681/1 1580/1678/1 1845/1677/1
f 1937/1679/1 1884/1682/1 1883/1680/1
f 1937/1679/1 1885/1683/1 1884/1682/1
f 1937/1679/1 1886/1684/1 1885/1683/1
f 1843/1685/1 1580/1678/1 1844/1681/1
f 1843/1685/1 1581/1686/1 1580/1678/1
f 1937/1679/1 1887/1687/1 1886/1684/1
f 1842/1688/1 1581/1686/1 1843/1685/1
f 1937/1679/1 1888/1689/1 1887/1687/1
f 1841/1690/1 1581/1686/1 1842/1688/1
f 1841/1690/1 1582/1691/1 1581/1686/1
f 1936/1692/1 1888/1689/1 1937/1679/1
f 1936/1692/1 1889/1693/1 1888/1689/1
f 1840/1694/1 1582/1691/1 1841/1690/1
f 1839/1695/1 1582/1691/1 1840/1694/1
f 1936/1692/1 1890/1696/1 1889/1693/1
f 1839/1695/1 1583/1697/1 1582/1691/1
f 1838/1698/1 1583/1697/1 1839/1695/1
f 1936/1692/1 1891/1699/1 1890/1696/1
f 1837/1700/1 1583/1697/1 1838/1698/1
f 1837/1700/1 1584/1701/1 1583/1697/1
f 1936/1692/1 1892/1702/1 1891/1699/1
f 1935/1703/1 1892/1702/1 1936/1692/1
f 1935/1703/1 1893/1704/1 1892/1702/1
f 1837/1700/1 1585/1705/1 1584/1701/1
f 1935/1703/1 1894/1706/1 1893/1704/1
f 1837/1700/1 1586/1707/1 1585/1705/1
f 1935/1703/1 1895/1235/1 1894/1706/1
f 1934/1708/1 1895/1235/1 1935/1703/1
f 1934/1708/1 1896/1709/1 1895/1235/1
f 1837/1700/1 1587/1710/1 1586/1707/1
f 1934/1708/1 1897/1711/1 1896/1709/1
f 1837/1700/1 1588/1712/1 1587/1710/1
f 1933/1713/1 1897/1711/1 1934/1708/1
f 1933/1713/1 1898/1714/1 1897/1711/1
f 1933/1713/1 1899/1715/1 1898/1714/1
f 1837/1700/1 1589/1716/1 1588/1712/1
f 1836/1717/1 1589/1716/1 1837/1700/1
f 1933/1713/1 1900/1718/1 1899/1715/1
f 1836/1717/1 1590/1719/1 1589/1716/1
f 1932/958/1 1900/1718/1 1933/1713/1
f 1932/958/1 1901/1720/1 1900/1718/1
f 1836/1717/1 1591/1721/1 1590/1719/1
f 1932/958/1 1902/1722/1 1901/1720/1
f 1836/1717/1 1592/1723/1 1591/1721/1
f 1932/958/1 1903/1724/1 1902/1722/1
f 1931/1725/1 1903/1724/1 1932/958/1
f 1836/1717/1 1593/1726/1 1592/1723/1
f 1931/1725/1 1904/1727/1 1903/1724/1
f 1836/1717/1 1594/1728/1 1593/1726/1
f 1931/1725/1 1905/1729/1 1904/1727/1
f 1836/1717/1 1595/1730/1 1594/1728/1
f 1836/1717/1 1596/1731/1 1595/1730/1
f 1930/1732/1 1905/1729/1 1931/1725/1
f 1930/1732/1 1906/1733/1 1905/1729/1
f 1836/1717/1 1597/1734/1 1596/1731/1
f 1835/1735/1 1597/1734/1 1836/1717/1
f 1835/1735/1 1598/1736/1 1597/1734/1
f 1835/1735/1 1599/1328/1 1598/1736/1
f 1930/1732/1 1907/1737/1 1906/1733/1
f 1835/1735/1 1600/1738/1 1599/1328/1
f 1835/1735/1 1601/1739/1 1600/1738/1
f 1930/1732/1 1908/1740/1 1907/1737/1
f 1929/1741/1 1908/1740/1 1930/1732/1
f 1835/1735/1 1602/1742/1 1601/1739/1
f 1929/1741/1 1909/1743/1 1908/1740/1
f 1835/1735/1 1603/1744/1 1602/1742/1
f 1929/1741/1 1910/1745/1 1909/1743/1
f 1835/1735/1 1604/1746/1 1603/1744/1
f 1928/1747/1 1910/1745/1 1929/1741/1
f 1928/1747/1 1911/1748/1 1910/1745/1
f 1835/1735/1 1605/1749/1 1604/1746/1
f 1928/1747/1 1912/1750/1 1911/1748/1
f 1927/1751/1 1912/1750/1 1928/1747/1
f 1835/1735/1 1606/1752/1 1605/1749/1
f 1927/1751/1 1913/1753/1 1912/1750/1
f 1927/1751/1 1914/1754/1 1913/1753/1
f 1835/1735/1 1607/1755/1 1606/1752/1
f 1926/1756/1 1914/1754/1 1927/1751/1
f 1834/1757/1 1607/1755/1 1835/1735/1
f 1926/1756/1 1915/1758/1 1914/1754/1
f 1925/1759/1 1915/1758/1 1926/1756/1
f 1834/1757/1 1608/1760/1 1607/1755/1
f 1925/1759/1 1916/1761/1 1915/1758/1
f 1925/1759/1 1917/1762/1 1916/1761/1
f 1924/1763/1 1917/1762/1 1925/1759/1
f 1924/1763/1 1918/1764/1 1917/1762/1
f 1924/1763/1 1919/1765/1 1918/1764/1
f 1834/1757/1 1609/1766/1 1608/1760/1
f 1923/1767/1 1919/1765/1 1924/1763/1
f 1923/1767/1 1920/1768/1 1919/1765/1
f 1923/1767/1 1921/1769/1 1920/1768/1
f 1922/1770/1 1921/1769/1 1923/1767/1
f 1777/1771/1 1779/1772/1 1778/1773/1
f 1776/1774/1 1779/1772/1 1777/1771/1
f 1776/1774/1 1780/1775/1 1779/1772/1
f 1775/1776/1 1780/1775/1 1776/1774/1
f 1775/1776/1 1781/1777/1 1780/1775/1
f 1774/1778/1 1781/1777/1 1775/1776/1
f 1774/1778/1 1782/1779/1 1781/1777/1
f 1773/1780/1 1782/1779/1 1774/1778/1
f 1773/1780/1 1783/1781/1 1782/1779/1
f 1772/1782/1 1783/1781/1 1773/1780/1
f 1834/1757/1 1610/1783/1 1609/1766/1
f 1771/1784/1 1783/1781/1 1772/1782/1
f 1771/1784/1 1784/1123/1 1783/1781/1
f 1770/1785/1 1784/1123/1 1771/1784/1
f 1770/1785/1 1785/1786/1 1784/1123/1
f 1769/1787/1 1785/1786/1 1770/1785/1
f 1769/1787/1 1786/1788/1 1785/1786/1
f 1768/1789/1 1786/1788/1 1769/1787/1
f 1768/1789/1 1787/1790/1 1786/1788/1
f 1767/1791/1 1787/1790/1 1768/1789/1
f 1833/1792/1 1610/1783/1 1834/1757/1
f 1766/1793/1 1787/1790/1 1767/1791/1
f 1766/1793/1 1788/1794/1 1787/1790/1
f 1765/1795/1 1788/1794/1 1766/1793/1
f 1765/1795/1 1789/1796/1 1788/1794/1
f 1764/1797/1 1789/1796/1 1765/1795/1
f 1764/1797/1 1790/1798/1 1789/1796/1
f 1833/1792/1 1611/1799/1 1610/1783/1
f 1763/1800/1 1790/1798/1 1764/1797/1
f 1763/1800/1 1791/1801/1 1790/1798/1
f 1763/1800/1 1792/1802/1 1791/1801/1
f 1762/1803/1 1792/1802/1 1763/1800/1
f 1762/1803/1 1793/1804/1 1792/1802/1
f 1761/1805/1 1793/1804/1 1762/1803/1
f 1761/1805/1 1794/1806/1 1793/1804/1
f 1760/1807/1 1794/1806/1 1761/1805/1
f 1832/1808/1 1611/1799/1 1833/1792/1
f 1760/1807/1 1795/1809/1 1794/1806/1
f 1759/1810/1 1795/1809/1 1760/1807/1
f 1759/1810/1 1796/1811/1 1795/1809/1
f 1832/1808/1 1612/1812/1 1611/1799/1
f 1758/1813/1 1796/1811/1 1759/1810/1
f 1758/1813/1 1797/1814/1 1796/1811/1
f 1757/1815/1 1797/1814/1 1758/1813/1
f 1757/1815/1 1798/1816/1 1797/1814/1
f 1756/1817/1 1798/1816/1 1757/1815/1
f 1755/1818/1 1798/1816/1 1756/1817/1
f 1755/1818/1 1799/1819/1 1798/1816/1
f 1754/1820/1 1799/1819/1 1755/1818/1
f 1754/1820/1 1800/1821/1 1799/1819/1
f 1753/1822/1 1800/1821/1 1754/1820/1
f 1752/1823/1 1800/1821/1 1753/1822/1
f 1831/1824/1 1612/1812/1 1832/1808/1
f 1751/1825/1 1800/1821/1 1752/1823/1
f 1751/1825/1 1801/1826/1 1800/1821/1
f 1831/1824/1 1613/1827/1 1612/1812/1
f 1750/1828/1 1801/1826/1 1751/1825/1
f 1749/1829/1 1801/1826/1 1750/1828/1
f 1749/1829/1 1802/1830/1 1801/1826/1
f 1748/1831/1 1802/1830/1 1749/1829/1
f 1747/1276/1 1802/1830/1 1748/1831/1
f 1746/1832/1 1802/1830/1 1747/1276/1
f 1745/1833/1 1802/1830/1 1746/1832/1
f 1744/1834/1 1802/1830/1 1745/1833/1
f 1744/1834/1 1803/1835/1 1802/1830/1
f 1743/1836/1 1803/1835/1 1744/1834/1
f 1742/1837/1 1803/1835/1 1743/1836/1
f 1741/1838/1 1803/1835/1 1742/1837/1
f 1741/1838/1 1804/1839/1 1803/1835/1
f 1740/1840/1 1804/1839/1 1741/1838/1
f 1740/1840/1 1805/1841/1 1804/1839/1
f 1739/1842/1 1805/1841/1 1740/1840/1
f 1739/1842/1 1806/1843/1 1805/1841/1
f 1738/1844/1 1806/1843/1 1739/1842/1
f 1738/1844/1 1807/1845/1 1806/1843/1
f 1737/1846/1 1807/1845/1 1738/1844/1
f 1737/1846/1 1808/1847/1 1807/1845/1
f 1831/1824/1 1614/1848/1 1613/1827/1
f 1830/1849/1 1614/1848/1 1831/1824/1
f 1736/1850/1 1808/1847/1 1737/1846/1
f 1736/1850/1 1809/1851/1 1808/1847/1
f 1736/1850/1 1810/1852/1 1809/1851/1
f 1735/1853/1 1810/1852/1 1736/1850/1
f 1735/1853/1 1811/1854/1 1810/1852/1
f 1734/1855/1 1811/1854/1 1735/1853/1
f 1734/1855/1 1812/1856/1 1811/1854/1
f 1734/1855/1 1813/1857/1 1812/1856/1
f 1733/1858/1 1813/1857/1 1734/1855/1
f 1733/1858/1 1814/1859/1 1813/1857/1
f 1732/1860/1 1814/1859/1 1733/1858/1
f 1732/1860/1 1815/1861/1 1814/1859/1
f 1731/1862/1 1815/1861/1 1732/1860/1
f 1731/1862/1 1816/1863/1 1815/1861/1
f 1830/1849/1 1615/1864/1 1614/1848/1
f 1829/1865/1 1615/1864/1 1830/1849/1
f 1731/1862/1 1817/1866/1 1816/1863/1
f 1730/1867/1 1817/1866/1 1731/1862/1
f 1730/1867/1 1818/1868/1 1817/1866/1
f 1729/1869/1 1818/1868/1 1730/1867/1
f 1728/1870/1 1818/1868/1 1729/1869/1
f 1728/1870/1 1819/1871/1 1818/1868/1
f 1727/1872/1 1819/1871/1 1728/1870/1
f 1726/1873/1 1819/1871/1 1727/1872/1
f 1726/1873/1 1820/1874/1 1819/1871/1
f 1725/1875/1 1820/1874/1 1726/1873/1
f 1829/1865/1 1616/1876/1 1615/1864/1
f 1828/1877/1 1616/1876/1 1829/1865/1
f 1724/1878/1 1820/1874/1 1725/1875/1
f 1724/1878/1 1821/1182/1 1820/1874/1
f 1723/1879/1 1821/1182/1 1724/1878/1
f 1722/1880/1 1821/1182/1 1723/1879/1
f 1722/1880/1 1822/1881/1 1821/1182/1
f 1721/1882/1 1822/1881/1 1722/1880/1
f 1720/1883/1 1822/1881/1 1721/1882/1
f 1720/1883/1 1823/1884/1 1822/1881/1
f 1827/1885/1 1616/1876/1 1828/1877/1
f 1827/1885/1 1617/1886/1 1616/1876/1
f 1719/1887/1 1823/1884/1 1720/1883/1
f 1718/1888/1 1823/1884/1 1719/1887/1
f 1718/1888/1 1824/1889/1 1823/1884/1
f 1717/1890/1 1824/1889/1 1718/1888/1
f 1717/1890/1 1825/1891/1 1824/1889/1
f 1826/1892/1 1617/1886/1 1827/1885/1
f 1826/1892/1 1618/1893/1 1617/1886/1
f 1717/1890/1 1826/1892/1 1825/1891/1
f 1716/1894/1 1826/1892/1 1717/1890/1
f 1716/1894/1 1618/1893/1 1826/1892/1
f 1716/1894/1 1619/1895/1 1618/1893/1
f 1716/1894/1 1620/1896/1 1619/1895/1
f 1715/1897/1 1620/1896/1 1716/1894/1
f 1715/1897/1 1621/1898/1 1620/1896/1
f 1714/1899/1 1621/1898/1 1715/1897/1
f 1714/1899/1 1622/1900/1 1621/1898/1
f 1713/1901/1 1622/1900/1 1714/1899/1
f 1713/1901/1 1623/1902/1 1622/1900/1
f 1712/1903/1 1623/1902/1 1713/1901/1
f 1712/1903/1 1624/1904/1 1623/1902/1
f 1711/1905/1 1624/1904/1 1712/1903/1
f 1711/1905/1 1625/1906/1 1624/1904/1
f 1710/1329/1 1625/1906/1 1711/1905/1
f 1710/1329/1 1626/1907/1 1625/1906/1
f 1709/1908/1 1626/1907/1 1710/1329/1
f 1709/1908/1 1627/1909/1 1626/1907/1
f 1708/1910/1 1627/1909/1 1709/1908/1
f 1708/1910/1 1628/1911/1 1627/1909/1
f 1707/1912/1 1628/1911/1 1708/1910/1
f 1707/1912/1 1629/1913/1 1628/1911/1
f 1706/1914/1 1629/1913/1 1707/1912/1
f 1706/1914/1 1630/1915/1 1629/1913/1
f 1705/1916/1 1630/1915/1 1706/1914/1
f 1705/1916/1 1631/1917/1 1630/1915/1
f 1704/1918/1 1631/1917/1 1705/1916/1
f 1704/1918/1 1632/1919/1 1631/1917/1
f 1704/1918/1 1633/1920/1 1632/1919/1
f 1703/1921/1 1633/1920/1 1704/1918/1
f 1703/1921/1 1634/1922/1 1633/1920/1
f 1703/1921/1 1635/1923/1 1634/1922/1
f 1702/1924/1 1635/1923/1 1703/1921/1
f 1702/1924/1 1636/1439/1 1635/1923/1
f 1702/1924/1 1637/1925/1 1636/1439/1
f 1701/1926/1 1637/1925/1 1702/1924/1
f 1701/1926/1 1638/1927/1 1637/1925/1
f 1701/1926/1 1639/1928/1 1638/1927/1
f 1700/1929/1 1639/1928/1 1701/1926/1
f 1700/1929/1 1640/1930/1 1639/1928/1
f 1700/1929/1 1641/1931/1 1640/1930/1
f 1699/1932/1 1641/1931/1 1700/1929/1
f 1699/1932/1 1642/1933/1 1641/1931/1
f 1699/1932/1 1643/1934/1 1642/1933/1
f 1698/1935/1 1643/1934/1 1699/1932/1
f 1698/1935/1 1644/1936/1 1643/1934/1
f 1698/1935/1 1645/1937/1 1644/1936/1
f 1697/1938/1 1645/1937/1 1698/1935/1
f 1697/1938/1 1646/1939/1 1645/1937/1
f 1696/1940/1 1646/1939/1 1697/1938/1
f 1696/1940/1 1647/1941/1 1646/1939/1
f 1696/1940/1 1648/1942/1 1647/1941/1
f 1696/1940/1 1649/1943/1 1648/1942/1
f 1695/1944/1 1649/1943/1 1696/1940/1
f 1695/1944/1 1650/1945/1 1649/1943/1
f 1695/1944/1 1651/1946/1 1650/1945/1
f 1694/1947/1 1651/1946/1 1695/1944/1
f 1694/1947/1 1652/1948/1 1651/1946/1
f 1694/1947/1 1653/1949/1 1652/1948/1
f 1693/1950/1 1653/1949/1 1694/1947/1
f 1693/1950/1 1654/1951/1 1653/1949/1
f 1693/1950/1 1655/1952/1 1654/1951/1
f 1692/1953/1 1655/1952/1 1693/1950/1
f 1691/1954/1 1655/1952/1 1692/1953/1
f 1691/1954/1 1656/1955/1 1655/1952/1
f 1690/1956/1 1656/1955/1 1691/1954/1
f 1689/1957/1 1656/1955/1 1690/1956/1
f 1688/1958/1 1656/1955/1 1689/1957/1
f 1687/1959/1 1656/1955/1 1688/1958/1
f 1687/1959/1 1657/1960/1 1656/1955/1
f 1686/1961/1 1657/1960/1 1687/1959/1
f 1685/1962/1 1657/1960/1 1686/1961/1
f 1684/1963/1 1657/1960/1 1685/1962/1
f 1683/1964/1 1657/1960/1 1684/1963/1
f 1683/1964/1 1658/1965/1 1657/1960/1
f 1682/1966/1 1658/1965/1 1683/1964/1
f 1681/1967/1 1658/1965/1 1682/1966/1
f 1681/1967/1 1659/1968/1 1658/1965/1
f 1680/1969/1 1659/1968/1 1681/1967/1
f 1680/1969/1 1660/1970/1 1659/1968/1
f 1679/1971/1 1660/1970/1 1680/1969/1
f 1678/1972/1 1660/1970/1 1679/1971/1
f 1678/1972/1 1661/1973/1 1660/1970/1
f 1677/1974/1 1661/1973/1 1678/1972/1
f 1677/1974/1 1662/1975/1 1661/1973/1
f 1676/1976/1 1662/1975/1 1677/1974/1
f 1676/1976/1 1663/1977/1 1662/1975/1
f 1675/1978/1 1663/1977/1 1676/1976/1
f 1675/1978/1 1664/1979/1 1663/1977/1
f 1674/1980/1 1664/1979/1 1675/1978/1
f 1674/1980/1 1665/1981/1 1664/1979/1
f 1673/1501/1 1665/1981/1 1674/1980/1
f 1673/1501/1 1666/1982/1 1665/1981/1
f 1672/1983/1 1666/1982/1 1673/1501/1
f 1672/1983/1 1667/1984/1 1666/1982/1
f 1671/1985/1 1667/1984/1 1672/1983/1
f 1671/1985/1 1668/1986/1 1667/1984/1
f 1670/1987/1 1668/1986/1 1671/1985/1
f 1670/1987/1 1669/1988/1 1668/1986/1
f 2435/1989/1 2437/1990/1 2436/1991/1
f 2460/1992/1 2462/1993/1 2461/1994/1
f 2460/1992/1 2463/1995/1 2462/1993/1
f 2459/1996/1 2463/1995/1 2460/1992/1
f 2435/1989/1 2438/1997/1 2437/1990/1
f 2459/1996/1 2464/1998/1 2463/1995/1
f 2458/1999/1 2464/1998/1 2459/1996/1
f 2458/1999/1 2465/2000/1 2464/1998/1
f 2457/2001/1 2465/2000/1 2458/1999/1
f 2457/2001/1 2466/2002/1 2465/2000/1
f 2435/1989/1 2439/2003/1 2438/1997/1
f 2456/2004/1 2466/2002/1 2457/2001/1
f 2456/2004/1 2467/2005/1 2466/2002/1
f 2434/2006/1 2439/2003/1 2435/1989/1
f 2455/2007/1 2467/2005/1 2456/2004/1
f 2434/2006/1 2440/2008/1 2439/2003/1
f 2455/2007/1 2468/2009/1 2467/2005/1
f 2454/2010/1 2468/2009/1 2455/2007/1
f 2454/2010/1 2469/2011/1 2468/2009/1
f 2434/2006/1 2441/2012/1 2440/2008/1
f 2454/2010/1 2470/2013/1 2469/2011/1
f 2453/2014/1 2470/2013/1 2454/2010/1
f 2434/2006/1 2442/2015/1 2441/2012/1
f 2433/2016/1 2442/2015/1 2434/2006/1
f 2453/2014/1 2471/2017/1 2470/2013/1
f 2433/2016/1 2443/2018/1 2442/2015/1
f 2452/2019/1 2471/2017/1 2453/2014/1
f 2452/2019/1 2472/2020/1 2471/2017/1
f 2433/2016/1 2444/2021/1 2443/2018/1
f 2451/2022/1 2472/2020/1 2452/2019/1
f 2433/2016/1 2445/2023/1 2444/2021/1
f 2432/2024/1 2445/2023/1 2433/2016/1
f 2451/2022/1 2473/2025/1 2472/2020/1
f 2450/2026/1 2473/2025/1 2451/2022/1
f 2432/2024/1 2446/2027/1 2445/2023/1
f 2450/2026/1 2474/2028/1 2473/2025/1
f 2432/2024/1 2447/2029/1 2446/2027/1
f 2450/2026/1 2475/2030/1 2474/2028/1
f 2449/2031/1 2475/2030/1 2450/2026/1
f 2431/2032/1 2447/2029/1 2432/2024/1
f 2449/2031/1 2476/2033/1 2475/2030/1
f 2431/2032/1 2448/2034/1 2447/2029/1
f 2449/2031/1 2477/2035/1 2476/2033/1
f 2449/2031/1 2478/2036/1 2477/2035/1
f 2431/2032/1 2449/2031/1 2448/2034/1
f 2431/2032/1 2478/2036/1 2449/2031/1
f 2431/2032/1 2479/2037/1 2478/2036/1
f 2431/2032/1 2480/2038/1 2479/2037/1
f 2430/2039/1 2480/2038/1 2431/2032/1
f 2430/2039/1 2481/2040/1 2480/2038/1
f 2430/2039/1 2482/2041/1 2481/2040/1
f 2430/2039/1 2483/2042/1 2482/2041/1
f 2430/2039/1 2484/2043/1 2483/2042/1
f 2430/2039/1 2485/2044/1 2484/2043/1
f 2429/2045/1 2530/2046/1 2430/2039/1
f 2530/2046/1 2485/2044/1 2430/2039/1
f 2530/2046/1 2486/2047/1 2485/2044/1
f 2530/2046/1 2487/2048/1 2486/2047/1
f 2530/2046/1 2529/2049/1 2487/2048/1
f 2529/2049/1 2488/2050/1 2487/2048/1
f 2429/2045/1 2531/146/1 2530/2046/1
f 2528/2051/1 2497/2052/1 2529/2049/1
f 2497/2052/1 2488/2050/1 2529/2049/1
f 2497/2052/1 2489/2053/1 2488/2050/1
f 2497/2052/1 2490/2054/1 2489/2053/1
f 2428/2055/1 2531/146/1 2429/2045/1
f 2497/2052/1 2491/2056/1 2490/2054/1
f 2497/2052/1 2492/2057/1 2491/2056/1
f 2497/2052/1 2493/2058/1 2492/2057/1
f 2497/2052/1 2494/2059/1 2493/2058/1
f 2497/2052/1 2495/2060/1 2494/2059/1
f 2427/2061/1 2531/146/1 2428/2055/1
f 2497/2052/1 2496/2062/1 2495/2060/1
f 2528/2051/1 2498/2063/1 2497/2052/1
f 2426/2064/1 2531/146/1 2427/2061/1
f 2425/2065/1 2531/146/1 2426/2064/1
f 2424/2066/1 2531/146/1 2425/2065/1
f 2528/2051/1 2499/2067/1 2498/2063/1
f 2423/2068/1 2531/146/1 2424/2066/1
f 2423/2068/1 2526/2069/1 2531/146/1
f 2526/2069/1 2528/2051/1 2531/146/1
f 2526/2069/1 2525/2070/1 2528/2051/1
f 2525/2070/1 2499/2067/1 2528/2051/1
f 2423/2068/1 2527/2071/1 2526/2069/1
f 2524/2072/1 2499/2067/1 2525/2070/1
f 2423/2068/1 2524/2072/1 2527/2071/1
f 2423/2068/1 2387/2073/1 2524/2072/1
f 2387/2073/1 2386/2074/1 2524/2072/1
f 2386/2074/1 2499/2067/1 2524/2072/1
f 2423/2068/1 2388/2075/1 2387/2073/1
f 2523/2076/1 2499/2067/1 2386/2074/1
f 2422/2077/1 2388/2075/1 2423/2068/1
f 2422/2077/1 2389/2078/1 2388/2075/1
f 2421/2079/1 2389/2078/1 2422/2077/1
f 2523/2076/1 2500/2080/1 2499/2067/1
f 2420/2081/1 2389/2078/1 2421/2079/1
f 2420/2081/1 2390/2082/1 2389/2078/1
f 2419/2083/1 2390/2082/1 2420/2081/1
f 2523/2076/1 2501/2084/1 2500/2080/1
f 2418/2085/1 2390/2082/1 2419/2083/1
f 2418/2085/1 2391/2086/1 2390/2082/1
f 2417/2087/1 2391/2086/1 2418/2085/1
f 2522/2088/1 2501/2084/1 2523/2076/1
f 2522/2088/1 2502/2089/1 2501/2084/1
f 2416/2090/1 2391/2086/1 2417/2087/1
f 2416/2090/1 2392/2091/1 2391/2086/1
f 2415/2092/1 2392/2091/1 2416/2090/1
f 2521/2093/1 2502/2089/1 2522/2088/1
f 2414/2094/1 2392/2091/1 2415/2092/1
f 2298/2095/1 2300/2096/1 2299/2097/1
f 2521/2093/1 2503/2098/1 2502/2089/1
f 2414/2094/1 2393/2099/1 2392/2091/1
f 2413/2100/1 2393/2099/1 2414/2094/1
f 2298/2095/1 2301/2101/1 2300/2096/1
f 2520/2102/1 2503/2098/1 2521/2093/1
f 2412/2103/1 2393/2099/1 2413/2100/1
f 2298/2095/1 2302/2104/1 2301/2101/1
f 2412/2103/1 2394/2105/1 2393/2099/1
f 2298/2095/1 2303/2106/1 2302/2104/1
f 2411/2107/1 2394/2105/1 2412/2103/1
f 2298/2095/1 2304/2108/1 2303/2106/1
f 2520/2102/1 2504/2109/1 2503/2098/1
f 2410/2110/1 2394/2105/1 2411/2107/1
f 2519/2111/1 2504/2109/1 2520/2102/1
f 2298/2095/1 2305/2112/1 2304/2108/1
f 2409/2113/1 2394/2105/1 2410/2110/1
f 2409/2113/1 2395/2114/1 2394/2105/1
f 2408/2115/1 2395/2114/1 2409/2113/1
f 2298/2095/1 2306/2116/1 2305/2112/1
f 2407/2117/1 2395/2114/1 2408/2115/1
f 2298/2095/1 2307/2118/1 2306/2116/1
f 2407/2117/1 2396/2119/1 2395/2114/1
f 2519/2111/1 2505/2120/1 2504/2109/1
f 2406/2121/1 2396/2119/1 2407/2117/1
f 2518/2122/1 2505/2120/1 2519/2111/1
f 2297/2123/1 2307/2118/1 2298/2095/1
f 2297/2123/1 2308/2124/1 2307/2118/1
f 2405/2125/1 2396/2119/1 2406/2121/1
f 2405/2125/1 2397/2126/1 2396/2119/1
f 2404/2127/1 2397/2126/1 2405/2125/1
f 2297/2123/1 2309/2128/1 2308/2124/1
f 2403/2129/1 2397/2126/1 2404/2127/1
f 2403/2129/1 2398/2130/1 2397/2126/1
f 2402/2131/1 2398/2130/1 2403/2129/1
f 2401/2132/1 2398/2130/1 2402/2131/1
f 2297/2123/1 2310/2133/1 2309/2128/1
f 2401/2132/1 2399/2134/1 2398/2130/1
f 2400/2135/1 2399/2134/1 2401/2132/1
f 2517/2136/1 2505/2120/1 2518/2122/1
f 2236/2137/1 2238/2138/1 2237/2139/1
f 2517/2136/1 2506/2140/1 2505/2120/1
f 2297/2123/1 2311/2141/1 2310/2133/1
f 2297/2123/1 2312/2142/1 2311/2141/1
f 2516/2143/1 2506/2140/1 2517/2136/1
f 2516/2143/1 2507/2144/1 2506/2140/1
f 2236/2137/1 2239/2145/1 2238/2138/1
f 2297/2123/1 2313/2146/1 2312/2142/1
f 2297/2123/1 2314/2147/1 2313/2146/1
f 2515/2148/1 2507/2144/1 2516/2143/1
f 2297/2123/1 2315/2149/1 2314/2147/1
f 2515/2148/1 2508/2150/1 2507/2144/1
f 2236/2137/1 2240/2151/1 2239/2145/1
f 2297/2123/1 2316/2152/1 2315/2149/1
f 2296/2153/1 2316/2152/1 2297/2123/1
f 2514/2154/1 2508/2150/1 2515/2148/1
f 2296/2153/1 2317/2155/1 2316/2152/1
f 2514/2154/1 2509/2156/1 2508/2150/1
f 2235/2157/1 2240/2151/1 2236/2137/1
f 2513/2158/1 2509/2156/1 2514/2154/1
f 2296/2153/1 2318/2159/1 2317/2155/1
f 2513/2158/1 2510/2160/1 2509/2156/1
f 2235/2157/1 2241/2161/1 2240/2151/1
f 2512/2162/1 2510/2160/1 2513/2158/1
f 2296/2153/1 2319/2163/1 2318/2159/1
f 2512/2162/1 2511/2164/1 2510/2160/1
f 2296/2153/1 2320/2165/1 2319/2163/1
f 2235/2157/1 2242/2166/1 2241/2161/1
f 2296/2153/1 2321/2167/1 2320/2165/1
f 2296/2153/1 2322/2168/1 2321/2167/1
f 2235/2157/1 2243/2169/1 2242/2166/1
f 2296/2153/1 2323/2170/1 2322/2168/1
f 2295/2171/1 2323/2170/1 2296/2153/1
f 2234/2172/1 2243/2169/1 2235/2157/1
f 2295/2171/1 2324/2173/1 2323/2170/1
f 2234/2172/1 2244/2174/1 2243/2169/1
f 2295/2171/1 2325/2175/1 2324/2173/1
f 2234/2172/1 2245/2176/1 2244/2174/1
f 2295/2171/1 2326/2177/1 2325/2175/1
f 2234/2172/1 2246/2178/1 2245/2176/1
f 2295/2171/1 2327/2179/1 2326/2177/1
f 2234/2172/1 2247/2180/1 2246/2178/1
f 2295/2171/1 2328/2181/1 2327/2179/1
f 2294/2182/1 2328/2181/1 2295/2171/1
f 2234/2172/1 2248/2183/1 2247/2180/1
f 2233/2184/1 2248/2183/1 2234/2172/1
f 2233/2184/1 2249/2185/1 2248/2183/1
f 2294/2182/1 2329/2186/1 2328/2181/1
f 2233/2184/1 2250/2187/1 2249/2185/1
f 2294/2182/1 2330/2188/1 2329/2186/1
f 2233/2184/1 2251/2189/1 2250/2187/1
f 2233/2184/1 2252/2190/1 2251/2189/1
f 2294/2182/1 2331/2191/1 2330/2188/1
f 2233/2184/1 2253/2192/1 2252/2190/1
f 2233/2184/1 2254/2193/1 2253/2192/1
f 2294/2182/1 2332/2194/1 2331/2191/1
f 2293/2195/1 2332/2194/1 2294/2182/1
f 2232/2196/1 2254/2193/1 2233/2184/1
f 2232/2196/1 2255/2197/1 2254/2193/1
f 2293/2195/1 2333/2198/1 2332/2194/1
f 2232/2196/1 2256/2199/1 2255/2197/1
f 2232/2196/1 2257/2200/1 2256/2199/1
f 2293/2195/1 2334/2201/1 2333/2198/1
f 2232/2196/1 2258/2202/1 2257/2200/1
f 2293/2195/1 2335/2203/1 2334/2201/1
f 2232/2196/1 2259/2204/1 2258/2202/1
f 2292/2205/1 2335/2203/1 2293/2195/1
f 2292/2205/1 2336/2206/1 2335/2203/1
f 2232/2196/1 2260/2207/1 2259/2204/1
f 2231/2208/1 2260/2207/1 2232/2196/1
f 2231/2208/1 2261/2209/1 2260/2207/1
f 2231/2208/1 2262/2210/1 2261/2209/1
f 2231/2208/1 2263/2211/1 2262/2210/1
f 2291/2212/1 2336/2206/1 2292/2205/1
f 2231/2208/1 2264/2213/1 2263/2211/1
f 2231/2208/1 2265/2214/1 2264/2213/1
f 2230/2215/1 2265/2214/1 2231/2208/1
f 2230/2215/1 2266/2216/1 2265/2214/1
f 2348/2217/1 2350/2218/1 2349/2219/1
f 2348/2217/1 2351/2220/1 2350/2218/1
f 2347/2221/1 2351/2220/1 2348/2217/1
f 2290/2222/1 2336/2206/1 2291/2212/1
f 2347/2221/1 2352/2223/1 2351/2220/1
f 2230/2215/1 2267/2224/1 2266/2216/1
f 2346/2225/1 2352/2223/1 2347/2221/1
f 2346/2225/1 2353/2226/1 2352/2223/1
f 2230/2215/1 2268/2227/1 2267/2224/1
f 2345/2228/1 2353/2226/1 2346/2225/1
f 2345/2228/1 2354/2229/1 2353/2226/1
f 2230/2215/1 2269/2230/1 2268/2227/1
f 2344/2231/1 2354/2229/1 2345/2228/1
f 2230/2215/1 2270/2232/1 2269/2230/1
f 2344/2231/1 2355/2233/1 2354/2229/1
f 2229/2234/1 2270/2232/1 2230/2215/1
f 2289/2235/1 2336/2206/1 2290/2222/1
f 2229/2234/1 2271/2236/1 2270/2232/1
f 2344/2231/1 2356/2237/1 2355/2233/1
f 2343/2238/1 2356/2237/1 2344/2231/1
f 2229/2234/1 2272/2239/1 2271/2236/1
f 2229/2234/1 2273/2240/1 2272/2239/1
f 2288/2241/1 2336/2206/1 2289/2235/1
f 2229/2234/1 2274/2242/1 2273/2240/1
f 2343/2238/1 2357/2243/1 2356/2237/1
f 2342/2244/1 2357/2243/1 2343/2238/1
f 2228/2245/1 2274/2242/1 2229/2234/1
f 2228/2245/1 2275/2246/1 2274/2242/1
f 2342/2244/1 2358/2247/1 2357/2243/1
f 2287/2248/1 2336/2206/1 2288/2241/1
f 2341/2249/1 2358/2247/1 2342/2244/1
f 2228/2245/1 2276/2250/1 2275/2246/1
f 2341/2249/1 2359/2251/1 2358/2247/1
f 2286/2252/1 2336/2206/1 2287/2248/1
f 2228/2245/1 2277/2253/1 2276/2250/1
f 2340/2254/1 2359/2251/1 2341/2249/1
f 2227/2255/1 2277/2253/1 2228/2245/1
f 2340/2254/1 2360/2256/1 2359/2251/1
f 2227/2255/1 2278/2257/1 2277/2253/1
f 2227/2255/1 2279/2258/1 2278/2257/1
f 2339/2259/1 2360/2256/1 2340/2254/1
f 2339/2259/1 2361/2260/1 2360/2256/1
f 2227/2255/1 2280/2261/1 2279/2258/1
f 2226/2262/1 2280/2261/1 2227/2255/1
f 2226/2262/1 2281/2263/1 2280/2261/1
f 2339/2259/1 2362/2264/1 2361/2260/1
f 2338/2265/1 2362/2264/1 2339/2259/1
f 2226/2262/1 2282/2266/1 2281/2263/1
f 2338/2265/1 2363/2267/1 2362/2264/1
f 2338/2265/1 2364/2268/1 2363/2267/1
f 2226/2262/1 2283/2269/1 2282/2266/1
f 2225/2270/1 2283/2269/1 2226/2262/1
f 2337/2271/1 2364/2268/1 2338/2265/1
f 2337/2271/1 2365/2272/1 2364/2268/1
f 2225/2270/1 2284/2273/1 2283/2269/1
f 2337/2271/1 2366/2274/1 2365/2272/1
f 2225/2270/1 2285/2275/1 2284/2273/1
f 2337/2271/1 2367/2276/1 2366/2274/1
f 2225/2270/1 2286/2252/1 2285/2275/1
f 2225/2270/1 2336/2206/1 2286/2252/1
f 2225/2270/1 2337/2271/1 2336/2206/1
f 2225/2270/1 2367/2276/1 2337/2271/1
f 2225/2270/1 2368/2277/1 2367/2276/1
f 2224/2278/1 2368/2277/1 2225/2270/1
f 2224/2278/1 2369/2279/1 2368/2277/1
f 2224/2278/1 2370/2280/1 2369/2279/1
f 2224/2278/1 2371/2281/1 2370/2280/1
f 2224/2278/1 2372/2282/1 2371/2281/1
f 2224/2278/1 2373/2283/1 2372/2282/1
f 2224/2278/1 2374/2284/1 2373/2283/1
f 2224/2278/1 2375/2285/1 2374/2284/1
f 2224/2278/1 2376/2286/1 2375/2285/1
f 2224/2278/1 2377/2287/1 2376/2286/1
f 2224/2278/1 2378/2288/1 2377/2287/1
f 2223/2289/1 2165/2290/1 2224/2278/1
f 2165/2290/1 2378/2288/1 2224/2278/1
f 2165/2290/1 2379/2291/1 2378/2288/1
f 2165/2290/1 2380/2292/1 2379/2291/1
f 2165/2290/1 2381/2293/1 2380/2292/1
f 2165/2290/1 2382/2294/1 2381/2293/1
f 2165/2290/1 2383/2295/1 2382/2294/1
f 2165/2290/1 2384/2296/1 2383/2295/1
f 2165/2290/1 2385/2297/1 2384/2296/1
f 2223/2289/1 2166/2298/1 2165/2290/1
f 2164/2299/1 2385/2297/1 2165/2290/1
f 2163/2300/1 2007/153/1 2164/2299/1
f 2007/153/1 2385/2297/1 2164/2299/1
f 2163/2300/1 2008/2301/1 2007/153/1
f 2222/2302/1 2166/2298/1 2223/2289/1
f 2222/2302/1 2167/2303/1 2166/2298/1
f 2221/2304/1 2167/2303/1 2222/2302/1
f 2221/2304/1 2168/2305/1 2167/2303/1
f 2220/2306/1 2168/2305/1 2221/2304/1
f 2220/2306/1 2169/2307/1 2168/2305/1
f 2219/2308/1 2169/2307/1 2220/2306/1
f 2219/2308/1 2170/2309/1 2169/2307/1
f 2218/2310/1 2170/2309/1 2219/2308/1
f 2020/2311/1 2022/2312/1 2021/2313/1
f 2020/2311/1 2023/2314/1 2022/2312/1
f 2019/2315/1 2023/2314/1 2020/2311/1
f 2019/2315/1 2024/2316/1 2023/2314/1
f 2018/2317/1 2024/2316/1 2019/2315/1
f 2018/2317/1 2025/2318/1 2024/2316/1
f 2218/2310/1 2171/2319/1 2170/2309/1
f 2017/2320/1 2025/2318/1 2018/2317/1
f 2017/2320/1 2026/2321/1 2025/2318/1
f 2016/2322/1 2026/2321/1 2017/2320/1
f 2016/2322/1 2027/2323/1 2026/2321/1
f 2015/2324/1 2027/2323/1 2016/2322/1
f 2015/2324/1 2028/2325/1 2027/2323/1
f 2015/2324/1 2029/2326/1 2028/2325/1
f 2217/2327/1 2171/2319/1 2218/2310/1
f 2014/2328/1 2029/2326/1 2015/2324/1
f 2014/2328/1 2030/2329/1 2029/2326/1
f 2217/2327/1 2172/2330/1 2171/2319/1
f 2013/2331/1 2030/2329/1 2014/2328/1
f 2013/2331/1 2031/2332/1 2030/2329/1
f 2012/2333/1 2031/2332/1 2013/2331/1
f 2012/2333/1 2032/2334/1 2031/2332/1
f 2216/2335/1 2172/2330/1 2217/2327/1
f 2216/2335/1 2173/2336/1 2172/2330/1
f 2011/2337/1 2032/2334/1 2012/2333/1
f 2011/2337/1 2033/2338/1 2032/2334/1
f 2010/2339/1 2033/2338/1 2011/2337/1
f 2010/2339/1 2034/2340/1 2033/2338/1
f 2010/2339/1 2035/2341/1 2034/2340/1
f 2215/2342/1 2173/2336/1 2216/2335/1
f 2215/2342/1 2174/2343/1 2173/2336/1
f 2010/2339/1 2036/2344/1 2035/2341/1
f 2009/2345/1 2036/2344/1 2010/2339/1
f 2149/2346/1 2151/2347/1 2150/2348/1
f 2009/2345/1 2037/2349/1 2036/2344/1
f 2149/2346/1 2152/2350/1 2151/2347/1
f 2149/2346/1 2153/2351/1 2152/2350/1
f 2149/2346/1 2154/2352/1 2153/2351/1
f 2009/2345/1 2038/2353/1 2037/2349/1
f 2149/2346/1 2155/2354/1 2154/2352/1
f 2149/2346/1 2156/2355/1 2155/2354/1
f 2149/2346/1 2157/2356/1 2156/2355/1
f 2009/2345/1 2039/2357/1 2038/2353/1
f 2149/2346/1 2158/2358/1 2157/2356/1
f 2149/2346/1 2159/2359/1 2158/2358/1
f 2149/2346/1 2160/2360/1 2159/2359/1
f 2149/2346/1 2161/2361/1 2160/2360/1
f 2149/2346/1 2162/2362/1 2161/2361/1
f 2149/2346/1 2148/2363/1 2162/2362/1
f 2148/2363/1 2147/2364/1 2162/2362/1
f 2147/2364/1 2146/2365/1 2162/2362/1
f 2146/2365/1 2145/2366/1 2162/2362/1
f 2145/2366/1 2144/2367/1 2162/2362/1
f 2144/2367/1 2163/2300/1 2162/2362/1
f 2144/2367/1 2143/2368/1 2163/2300/1
f 2143/2368/1 2142/2369/1 2163/2300/1
f 2142/2369/1 2008/2301/1 2163/2300/1
f 2142/2369/1 2141/2370/1 2008/2301/1
f 2141/2370/1 2140/2371/1 2008/2301/1
f 2140/2371/1 2009/2345/1 2008/2301/1
f 2140/2371/1 2139/2372/1 2009/2345/1
f 2139/2372/1 2039/2357/1 2009/2345/1
f 2214/2373/1 2174/2343/1 2215/2342/1
f 2214/2373/1 2175/2374/1 2174/2343/1
f 2139/2372/1 2040/2375/1 2039/2357/1
f 2139/2372/1 2138/2376/1 2040/2375/1
f 2138/2376/1 2041/2377/1 2040/2375/1
f 2138/2376/1 2042/2378/1 2041/2377/1
f 2138/2376/1 2043/2379/1 2042/2378/1
f 2138/2376/1 2044/2380/1 2043/2379/1
f 2138/2376/1 2045/2381/1 2044/2380/1
f 2214/2373/1 2176/2382/1 2175/2374/1
f 2138/2376/1 2046/2383/1 2045/2381/1
f 2213/2384/1 2176/2382/1 2214/2373/1
f 2138/2376/1 2047/2385/1 2046/2383/1
f 2138/2376/1 2137/2386/1 2047/2385/1
f 2137/2386/1 2048/2387/1 2047/2385/1
f 2137/2386/1 2049/2388/1 2048/2387/1
f 2137/2386/1 2050/2389/1 2049/2388/1
f 2137/2386/1 2051/2390/1 2050/2389/1
f 2137/2386/1 2052/2391/1 2051/2390/1
f 2137/2386/1 2053/2392/1 2052/2391/1
f 2137/2386/1 2054/2393/1 2053/2392/1
f 2137/2386/1 2055/2394/1 2054/2393/1
f 2137/2386/1 2056/2395/1 2055/2394/1
f 2137/2386/1 2057/2396/1 2056/2395/1
f 2136/2397/1 2057/2396/1 2137/2386/1
f 2135/2398/1 2058/2399/1 2136/2397/1
f 2058/2399/1 2057/2396/1 2136/2397/1
f 2135/2398/1 2059/2400/1 2058/2399/1
f 2213/2384/1 2177/2401/1 2176/2382/1
f 2212/2402/1 2177/2401/1 2213/2384/1
f 2211/2403/1 2177/2401/1 2212/2402/1
f 2210/2404/1 2177/2401/1 2211/2403/1
f 2209/2405/1 2177/2401/1 2210/2404/1
f 2208/2406/1 2177/2401/1 2209/2405/1
f 2207/2407/1 2177/2401/1 2208/2406/1
f 2206/2408/1 2177/2401/1 2207/2407/1
f 2205/2409/1 2177/2401/1 2206/2408/1
f 2204/2410/1 2177/2401/1 2205/2409/1
f 2203/2411/1 2177/2401/1 2204/2410/1
f 2202/2412/1 2177/2401/1 2203/2411/1
f 2201/2413/1 2177/2401/1 2202/2412/1
f 2200/2414/1 2177/2401/1 2201/2413/1
f 2199/2415/1 2177/2401/1 2200/2414/1
f 2198/2416/1 2177/2401/1 2199/2415/1
f 2197/2417/1 2177/2401/1 2198/2416/1
f 2196/2418/1 2177/2401/1 2197/2417/1
f 2195/2419/1 2177/2401/1 2196/2418/1
f 2194/2420/1 2177/2401/1 2195/2419/1
f 2193/2421/1 2177/2401/1 2194/2420/1
f 2192/2422/1 2177/2401/1 2193/2421/1
f 2192/2422/1 2178/2423/1 2177/2401/1
f 2191/2424/1 2178/2423/1 2192/2422/1
f 2191/2424/1 2179/2425/1 2178/2423/1
f 2191/2424/1 2180/2426/1 2179/2425/1
f 2191/2424/1 2181/2427/1 2180/2426/1
f 2191/2424/1 2182/2428/1 2181/2427/1
f 2190/2429/1 2182/2428/1 2191/2424/1
f 2190/2429/1 2183/2430/1 2182/2428/1
f 2190/2429/1 2184/2431/1 2183/2430/1
f 2190/2429/1 2185/2432/1 2184/2431/1
f 2190/2429/1 2186/2433/1 2185/2432/1
f 2189/2434/1 2186/2433/1 2190/2429/1
f 2189/2434/1 2187/2435/1 2186/2433/1
f 2189/2434/1 2188/2436/1 2187/2435/1
f 2071/2437/1 2073/2438/1 2072/2439/1
f 2071/2437/1 2074/2440/1 2073/2438/1
f 2070/2441/1 2074/2440/1 2071/2437/1
f 2070/2441/1 2075/2442/1 2074/2440/1
f 2069/2443/1 2075/2442/1 2070/2441/1
f 2069/2443/1 2076/2444/1 2075/2442/1
f 2068/2445/1 2076/2444/1 2069/2443/1
f 2068/2445/1 2077/2446/1 2076/2444/1
f 2067/2447/1 2077/2446/1 2068/2445/1
f 2067/2447/1 2078/2448/1 2077/2446/1
f 2066/2449/1 2078/2448/1 2067/2447/1
f 2066/2449/1 2079/2450/1 2078/2448/1
f 2066/2449/1 2080/2451/1 2079/2450/1
f 2065/2452/1 2080/2451/1 2066/2449/1
f 2065/2452/1 2081/2453/1 2080/2451/1
f 2064/2454/1 2081/2453/1 2065/2452/1
f 2064/2454/1 2082/2455/1 2081/2453/1
f 2063/2456/1 2082/2455/1 2064/2454/1
f 2063/2456/1 2083/2457/1 2082/2455/1
f 2062/2458/1 2083/2457/1 2063/2456/1
f 2062/2458/1 2084/2459/1 2083/2457/1
f 2061/2460/1 2084/2459/1 2062/2458/1
f 2061/2460/1 2085/2461/1 2084/2459/1
f 2061/2460/1 2086/2462/1 2085/2461/1
f 2061/2460/1 2087/2463/1 2086/2462/1
f 2060/2464/1 2087/2463/1 2061/2460/1
f 2060/2464/1 2088/2465/1 2087/2463/1
f 2121/2466/1 2123/2467/1 2122/2468/1
f 2121/2466/1 2124/2469/1 2123/2467/1
f 2121/2466/1 2125/2470/1 2124/2469/1
f 2060/2464/1 2089/2471/1 2088/2465/1
f 2121/2466/1 2126/2472/1 2125/2470/1
f 2121/2466/1 2127/2473/1 2126/2472/1
f 2121/2466/1 2128/2474/1 2127/2473/1
f 2060/2464/1 2090/2475/1 2089/2471/1
f 2121/2466/1 2129/2476/1 2128/2474/1
f 2121/2466/1 2130/2477/1 2129/2476/1
f 2121/2466/1 2131/2478/1 2130/2477/1
f 2121/2466/1 2132/2479/1 2131/2478/1
f 2121/2466/1 2133/2480/1 2132/2479/1
f 2121/2466/1 2134/2481/1 2133/2480/1
f 2121/2466/1 2120/2482/1 2134/2481/1
f 2120/2482/1 2119/2483/1 2134/2481/1
f 2119/2483/1 2118/2484/1 2134/2481/1
f 2118/2484/1 2117/2485/1 2134/2481/1
f 2117/2485/1 2116/2486/1 2134/2481/1
f 2116/2486/1 2115/2487/1 2134/2481/1
f 2115/2487/1 2114/2488/1 2134/2481/1
f 2114/2488/1 2113/2489/1 2134/2481/1
f 2113/2489/1 2135/2398/1 2134/2481/1
f 2113/2489/1 2112/2490/1 2135/2398/1
f 2112/2490/1 2059/2400/1 2135/2398/1
f 2112/2490/1 2111/2491/1 2059/2400/1
f 2111/2491/1 2060/2464/1 2059/2400/1
f 2111/2491/1 2110/2492/1 2060/2464/1
f 2110/2492/1 2090/2475/1 2060/2464/1
f 2110/2492/1 2091/2493/1 2090/2475/1
f 2110/2492/1 2092/2494/1 2091/2493/1
f 2110/2492/1 2093/2495/1 2092/2494/1
f 2110/2492/1 2094/2496/1 2093/2495/1
f 2110/2492/1 2095/2497/1 2094/2496/1
f 2110/2492/1 2096/2498/1 2095/2497/1
f 2110/2492/1 2097/2499/1 2096/2498/1
f 2110/2492/1 2109/2500/1 2097/2499/1
f 2109/2500/1 2098/2501/1 2097/2499/1
f 2109/2500/1 2099/2502/1 2098/2501/1
f 2109/2500/1 2100/2503/1 2099/2502/1
f 2109/2500/1 2101/2504/1 2100/2503/1
f 2109/2500/1 2102/2505/1 2101/2504/1
f 2109/2500/1 2103/2506/1 2102/2505/1
f 2109/2500/1 2104/2507/1 2103/2506/1
f 2109/2500/1 2105/2508/1 2104/2507/1
f 2109/2500/1 2106/2509/1 2105/2508/1
f 2109/2500/1 2107/2510/1 2106/2509/1
f 2109/2500/1 2108/2511/1 2107/2510/1
