# Blender 4.4.1
# www.blender.org
mtllib enemy.mtl
o 球
v 0.000000 0.351658 -0.182101
v 0.000000 0.261226 -0.272533
v 0.000000 0.143071 -0.321475
v 0.000000 0.079125 -0.327773
v 0.000000 0.015180 -0.321475
v 0.000000 -0.102975 -0.272533
v 0.012475 0.400600 -0.062717
v 0.024471 0.381948 -0.123023
v 0.035526 0.351658 -0.178602
v 0.045216 0.310896 -0.227317
v 0.053169 0.261226 -0.267296
v 0.059078 0.204559 -0.297004
v 0.062717 0.143071 -0.315298
v 0.063945 0.079125 -0.321475
v 0.062717 0.015180 -0.315298
v 0.059078 -0.046308 -0.297004
v 0.053169 -0.102975 -0.267296
v 0.045216 -0.152645 -0.227317
v 0.024471 0.400600 -0.059078
v 0.048001 0.381948 -0.115885
v 0.069687 0.351658 -0.168239
v 0.088695 0.310896 -0.214128
v 0.104294 0.261226 -0.251788
v 0.115885 0.204559 -0.279772
v 0.123023 0.143071 -0.297004
v 0.125433 0.079125 -0.302822
v 0.123023 0.015180 -0.297004
v 0.115885 -0.046308 -0.279772
v 0.104294 -0.102975 -0.251788
v 0.088695 -0.152645 -0.214128
v 0.035526 0.400600 -0.053169
v 0.069687 0.381948 -0.104294
v 0.101170 0.351658 -0.151411
v 0.128765 0.310896 -0.192710
v 0.151411 0.261226 -0.226603
v 0.168239 0.204559 -0.251788
v 0.178602 0.143071 -0.267296
v 0.182101 0.079125 -0.272533
v 0.178602 0.015180 -0.267296
v 0.168239 -0.046308 -0.251788
v 0.151411 -0.102975 -0.226603
v 0.128765 -0.152645 -0.192710
v 0.045216 0.400600 -0.045216
v 0.088695 0.381948 -0.088695
v 0.128765 0.351658 -0.128765
v 0.163886 0.310896 -0.163886
v 0.192710 0.261226 -0.192710
v 0.214128 0.204559 -0.214128
v 0.227317 0.143071 -0.227317
v 0.231770 0.079125 -0.231770
v 0.227317 0.015180 -0.227317
v 0.214128 -0.046308 -0.214128
v 0.192710 -0.102975 -0.192710
v 0.163886 -0.152645 -0.163886
v 0.053169 0.400600 -0.035526
v 0.104294 0.381948 -0.069687
v 0.151411 0.351658 -0.101170
v 0.192710 0.310896 -0.128765
v 0.226603 0.261226 -0.151411
v 0.251788 0.204559 -0.168239
v 0.267296 0.143071 -0.178602
v 0.272533 0.079125 -0.182101
v 0.267296 0.015180 -0.178602
v 0.251788 -0.046308 -0.168239
v 0.226603 -0.102975 -0.151411
v 0.192710 -0.152645 -0.128765
v 0.000000 0.406898 0.000000
v 0.059078 0.400600 -0.024471
v 0.115885 0.381948 -0.048001
v 0.168239 0.351658 -0.069687
v 0.214128 0.310896 -0.088695
v 0.251788 0.261226 -0.104294
v 0.279771 0.204559 -0.115885
v 0.297004 0.143071 -0.123023
v 0.302822 0.079125 -0.125433
v 0.297004 0.015180 -0.123023
v 0.279771 -0.046308 -0.115885
v 0.251788 -0.102975 -0.104294
v 0.214128 -0.152645 -0.088695
v 0.062717 0.400600 -0.012475
v 0.123023 0.381948 -0.024471
v 0.178602 0.351658 -0.035526
v 0.227317 0.310896 -0.045216
v 0.267296 0.261226 -0.053169
v 0.297004 0.204559 -0.059078
v 0.315298 0.143071 -0.062717
v 0.321475 0.079125 -0.063945
v 0.315298 0.015180 -0.062717
v 0.297004 -0.046308 -0.059078
v 0.267296 -0.102975 -0.053169
v 0.227317 -0.152645 -0.045216
v 0.063945 0.400600 0.000000
v 0.125433 0.381948 0.000000
v 0.182101 0.351658 0.000000
v 0.231770 0.310896 -0.000000
v 0.272533 0.261226 0.000000
v 0.302822 0.204559 -0.000000
v 0.321475 0.143071 0.000000
v 0.327773 0.079125 0.000000
v 0.321475 0.015180 0.000000
v 0.302822 -0.046308 -0.000000
v 0.272533 -0.102975 0.000000
v 0.231770 -0.152645 -0.000000
v 0.062717 0.400600 0.012475
v 0.123023 0.381948 0.024471
v 0.178602 0.351658 0.035526
v 0.227317 0.310896 0.045216
v 0.267296 0.261226 0.053169
v 0.297004 0.204559 0.059078
v 0.315298 0.143071 0.062717
v 0.321475 0.079125 0.063945
v 0.315298 0.015180 0.062717
v 0.297004 -0.046308 0.059078
v 0.267296 -0.102975 0.053169
v 0.227317 -0.152645 0.045216
v 0.059078 0.400600 0.024471
v 0.115885 0.381948 0.048001
v 0.168239 0.351658 0.069687
v 0.214128 0.310896 0.088695
v 0.251788 0.261226 0.104294
v 0.279771 0.204559 0.115885
v 0.297004 0.143071 0.123023
v 0.302822 0.079125 0.125433
v 0.297004 0.015180 0.123023
v 0.279771 -0.046308 0.115885
v 0.251788 -0.102975 0.104294
v 0.214128 -0.152645 0.088695
v 0.053169 0.400600 0.035526
v 0.104294 0.381948 0.069687
v 0.151411 0.351658 0.101170
v 0.192710 0.310896 0.128765
v 0.226603 0.261226 0.151411
v 0.251788 0.204559 0.168239
v 0.267296 0.143071 0.178602
v 0.272533 0.079125 0.182101
v 0.267296 0.015180 0.178602
v 0.251788 -0.046308 0.168239
v 0.226603 -0.102975 0.151411
v 0.192710 -0.152645 0.128765
v 0.045216 0.400600 0.045216
v 0.088695 0.381948 0.088695
v 0.128765 0.351658 0.128765
v 0.163886 0.310896 0.163886
v 0.192710 0.261226 0.192710
v 0.214128 0.204559 0.214128
v 0.227317 0.143071 0.227317
v 0.231770 0.079125 0.231770
v 0.227317 0.015180 0.227317
v 0.214128 -0.046308 0.214128
v 0.192710 -0.102975 0.192710
v 0.163886 -0.152645 0.163886
v 0.035526 0.400600 0.053169
v 0.069687 0.381948 0.104294
v 0.101170 0.351658 0.151411
v 0.128765 0.310896 0.192710
v 0.151411 0.261226 0.226603
v 0.168239 0.204559 0.251788
v 0.178602 0.143071 0.267296
v 0.182101 0.079125 0.272533
v 0.178602 0.015180 0.267296
v 0.168239 -0.046308 0.251788
v 0.151411 -0.102975 0.226603
v 0.128765 -0.152645 0.192710
v 0.024471 0.400600 0.059078
v 0.048001 0.381948 0.115885
v 0.069687 0.351658 0.168239
v 0.088695 0.310896 0.214128
v 0.104294 0.261226 0.251788
v 0.115885 0.204559 0.279771
v 0.123023 0.143071 0.297004
v 0.125433 0.079125 0.302822
v 0.123023 0.015180 0.297004
v 0.115885 -0.046308 0.279771
v 0.104294 -0.102975 0.251788
v 0.088695 -0.152645 0.214128
v 0.012475 0.400600 0.062717
v 0.024471 0.381948 0.123023
v 0.035526 0.351658 0.178602
v 0.045216 0.310896 0.227317
v 0.053169 0.261226 0.267296
v 0.059078 0.204559 0.297004
v 0.062717 0.143071 0.315297
v 0.063945 0.079125 0.321474
v 0.062717 0.015180 0.315297
v 0.059078 -0.046308 0.297004
v 0.053169 -0.102975 0.267296
v 0.045216 -0.152645 0.227317
v -0.000000 0.400600 0.063945
v -0.000000 0.381948 0.125433
v -0.000000 0.351658 0.182101
v -0.000000 0.310896 0.231770
v -0.000000 0.261226 0.272533
v 0.000000 0.204559 0.302822
v -0.000000 0.143071 0.321475
v -0.000000 0.079125 0.327772
v -0.000000 0.015180 0.321475
v 0.000000 -0.046308 0.302822
v -0.000000 -0.102975 0.272533
v -0.000000 -0.152645 0.231770
v -0.012475 0.400600 0.062717
v -0.024471 0.381948 0.123023
v -0.035526 0.351658 0.178602
v -0.045216 0.310896 0.227317
v -0.053169 0.261226 0.267296
v -0.059078 0.204559 0.297004
v -0.062717 0.143071 0.315297
v -0.063945 0.079125 0.321474
v -0.062717 0.015180 0.315297
v -0.059078 -0.046308 0.297004
v -0.053169 -0.102975 0.267296
v -0.045216 -0.152645 0.227317
v -0.024471 0.400600 0.059078
v -0.048001 0.381948 0.115885
v -0.069687 0.351658 0.168239
v -0.088695 0.310896 0.214128
v -0.104294 0.261226 0.251788
v -0.115885 0.204559 0.279771
v -0.123023 0.143071 0.297004
v -0.125433 0.079125 0.302822
v -0.123023 0.015180 0.297004
v -0.115885 -0.046308 0.279771
v -0.104294 -0.102975 0.251788
v -0.088695 -0.152645 0.214128
v -0.035526 0.400600 0.053169
v -0.069687 0.381948 0.104294
v -0.101170 0.351658 0.151411
v -0.128765 0.310896 0.192710
v -0.151411 0.261226 0.226603
v -0.168239 0.204559 0.251788
v -0.178602 0.143071 0.267296
v -0.182101 0.079125 0.272533
v -0.178602 0.015180 0.267296
v -0.168239 -0.046308 0.251788
v -0.151411 -0.102975 0.226603
v -0.128765 -0.152645 0.192710
v -0.045216 0.400600 0.045216
v -0.088695 0.381948 0.088695
v -0.128765 0.351658 0.128765
v -0.163886 0.310896 0.163886
v -0.192710 0.261226 0.192710
v -0.214128 0.204559 0.214128
v -0.227317 0.143071 0.227317
v -0.231770 0.079125 0.231770
v -0.227317 0.015180 0.227317
v -0.214128 -0.046308 0.214128
v -0.192710 -0.102975 0.192710
v -0.163886 -0.152645 0.163886
v -0.053169 0.400600 0.035526
v -0.104294 0.381948 0.069687
v -0.151411 0.351658 0.101170
v -0.192710 0.310896 0.128765
v -0.226603 0.261226 0.151411
v -0.251788 0.204559 0.168239
v -0.267296 0.143071 0.178602
v -0.272533 0.079125 0.182100
v -0.267296 0.015180 0.178602
v -0.251788 -0.046308 0.168239
v -0.226603 -0.102975 0.151411
v -0.192710 -0.152645 0.128765
v -0.059078 0.400600 0.024471
v -0.115885 0.381948 0.048001
v -0.168239 0.351658 0.069687
v -0.214128 0.310896 0.088695
v -0.251788 0.261226 0.104294
v -0.279771 0.204559 0.115885
v -0.297004 0.143071 0.123023
v -0.302822 0.079125 0.125433
v -0.297004 0.015180 0.123023
v -0.279771 -0.046308 0.115885
v -0.251788 -0.102975 0.104294
v -0.214128 -0.152645 0.088695
v -0.062717 0.400600 0.012475
v -0.123023 0.381948 0.024471
v -0.178602 0.351658 0.035526
v -0.227317 0.310896 0.045216
v -0.267296 0.261226 0.053168
v -0.297004 0.204559 0.059078
v -0.315297 0.143071 0.062716
v -0.321474 0.079125 0.063945
v -0.315297 0.015180 0.062716
v -0.297004 -0.046308 0.059078
v -0.267296 -0.102975 0.053168
v -0.227317 -0.152645 0.045216
v -0.063945 0.400600 -0.000000
v -0.125433 0.381948 -0.000000
v -0.182101 0.351658 -0.000000
v -0.231770 0.310896 -0.000000
v -0.272533 0.261226 -0.000000
v -0.302822 0.204559 -0.000000
v -0.321474 0.143071 -0.000000
v -0.327772 0.079125 -0.000000
v -0.321474 0.015180 -0.000000
v -0.302822 -0.046308 -0.000000
v -0.272533 -0.102975 -0.000000
v -0.231770 -0.152645 -0.000000
v -0.062717 0.400600 -0.012475
v -0.123023 0.381948 -0.024471
v -0.178602 0.351658 -0.035526
v -0.227317 0.310896 -0.045216
v -0.267296 0.261226 -0.053169
v -0.297004 0.204559 -0.059078
v -0.315297 0.143071 -0.062717
v -0.321474 0.079125 -0.063945
v -0.315297 0.015180 -0.062717
v -0.297004 -0.046308 -0.059078
v -0.267296 -0.102975 -0.053169
v -0.227317 -0.152645 -0.045216
v -0.059078 0.400600 -0.024471
v -0.115885 0.381948 -0.048001
v -0.168239 0.351658 -0.069687
v -0.214128 0.310896 -0.088695
v -0.251788 0.261226 -0.104294
v -0.279771 0.204559 -0.115885
v -0.297004 0.143071 -0.123023
v -0.302822 0.079125 -0.125433
v -0.297004 0.015180 -0.123023
v -0.279771 -0.046308 -0.115885
v -0.251788 -0.102975 -0.104294
v -0.214128 -0.152645 -0.088695
v -0.053169 0.400600 -0.035526
v -0.104294 0.381948 -0.069687
v -0.151411 0.351658 -0.101170
v -0.192710 0.310896 -0.128765
v -0.226603 0.261226 -0.151411
v -0.251788 0.204559 -0.168239
v -0.267296 0.143071 -0.178602
v -0.272533 0.079125 -0.182101
v -0.267296 0.015180 -0.178602
v -0.251788 -0.046308 -0.168239
v -0.226603 -0.102975 -0.151411
v -0.192710 -0.152645 -0.128765
v -0.045216 0.400600 -0.045216
v -0.088695 0.381948 -0.088695
v -0.128765 0.351658 -0.128765
v -0.163886 0.310896 -0.163886
v -0.192710 0.261226 -0.192710
v -0.214128 0.204559 -0.214128
v -0.227317 0.143071 -0.227317
v -0.231770 0.079125 -0.231770
v -0.227317 0.015180 -0.227317
v -0.214128 -0.046308 -0.214128
v -0.192710 -0.102975 -0.192710
v -0.163886 -0.152645 -0.163886
v -0.035526 0.400600 -0.053169
v -0.069687 0.381948 -0.104294
v -0.101170 0.351658 -0.151411
v -0.128765 0.310896 -0.192710
v -0.151411 0.261226 -0.226603
v -0.168239 0.204559 -0.251788
v -0.178602 0.143071 -0.267296
v -0.182100 0.079125 -0.272533
v -0.178602 0.015180 -0.267296
v -0.168239 -0.046308 -0.251788
v -0.151411 -0.102975 -0.226603
v -0.128765 -0.152645 -0.192710
v -0.024471 0.400600 -0.059078
v -0.048001 0.381948 -0.115885
v -0.069687 0.351658 -0.168239
v -0.088695 0.310896 -0.214128
v -0.104294 0.261226 -0.251788
v -0.115885 0.204559 -0.279771
v -0.123023 0.143071 -0.297004
v -0.125433 0.079125 -0.302822
v -0.123023 0.015180 -0.297004
v -0.115885 -0.046308 -0.279771
v -0.104294 -0.102975 -0.251788
v -0.088695 -0.152645 -0.214128
v -0.012475 0.400600 -0.062717
v -0.024471 0.381948 -0.123023
v -0.035526 0.351658 -0.178602
v -0.045216 0.310896 -0.227317
v -0.053168 0.261226 -0.267296
v -0.059078 0.204559 -0.297004
v -0.062716 0.143071 -0.315297
v -0.063945 0.079125 -0.321474
v -0.062716 0.015180 -0.315297
v -0.059078 -0.046308 -0.297004
v -0.053168 -0.102975 -0.267296
v -0.045216 -0.152645 -0.227317
v 0.000000 0.400600 -0.063945
v 0.000000 0.381948 -0.125433
v 0.000000 0.310896 -0.231770
v 0.000000 0.204559 -0.302822
v 0.000000 -0.046308 -0.302822
v 0.000000 -0.152645 -0.231770
v -0.243970 -0.301221 0.398254
v -0.243970 -0.260082 0.439393
v -0.243970 -0.206331 0.461657
v -0.243970 -0.177241 0.464522
v -0.243970 -0.148151 0.461657
v -0.243970 -0.094400 0.439393
v -0.249645 -0.323486 0.343944
v -0.255102 -0.315000 0.371378
v -0.260132 -0.301221 0.396662
v -0.264540 -0.282678 0.418823
v -0.268158 -0.260082 0.437011
v -0.270846 -0.234303 0.450525
v -0.272501 -0.206331 0.458847
v -0.273060 -0.177241 0.461657
v -0.272501 -0.148151 0.458847
v -0.270846 -0.120179 0.450525
v -0.268158 -0.094400 0.437011
v -0.264540 -0.071804 0.418823
v -0.260132 -0.053261 0.396662
v -0.255102 -0.039482 0.371378
v -0.249645 -0.030996 0.343944
v -0.255102 -0.323486 0.342288
v -0.265807 -0.315000 0.368131
v -0.275672 -0.301221 0.391948
v -0.284319 -0.282678 0.412823
v -0.291415 -0.260082 0.429955
v -0.296688 -0.234303 0.442686
v -0.299936 -0.206331 0.450525
v -0.301032 -0.177241 0.453172
v -0.299936 -0.148151 0.450525
v -0.296688 -0.120179 0.442686
v -0.291415 -0.094400 0.429955
v -0.284319 -0.071804 0.412823
v -0.275672 -0.053261 0.391948
v -0.265807 -0.039482 0.368131
v -0.255102 -0.030996 0.342288
v -0.260132 -0.323486 0.339600
v -0.275672 -0.315000 0.362858
v -0.289994 -0.301221 0.384292
v -0.302548 -0.282678 0.403080
v -0.312850 -0.260082 0.418498
v -0.320505 -0.234303 0.429955
v -0.325219 -0.206331 0.437011
v -0.326811 -0.177241 0.439393
v -0.325219 -0.148151 0.437011
v -0.320505 -0.120179 0.429955
v -0.312850 -0.094400 0.418498
v -0.302548 -0.071804 0.403080
v -0.289994 -0.053261 0.384292
v -0.275672 -0.039482 0.362858
v -0.260132 -0.030996 0.339600
v -0.264540 -0.323486 0.335982
v -0.284319 -0.315000 0.355761
v -0.302548 -0.301221 0.373990
v -0.318525 -0.282678 0.389968
v -0.331638 -0.260082 0.403080
v -0.341381 -0.234303 0.412823
v -0.347381 -0.206331 0.418823
v -0.349407 -0.177241 0.420849
v -0.347381 -0.148151 0.418823
v -0.341381 -0.120179 0.412823
v -0.331638 -0.094400 0.403080
v -0.318525 -0.071804 0.389968
v -0.302548 -0.053261 0.373990
v -0.284319 -0.039482 0.355761
v -0.264540 -0.030996 0.335982
v -0.268158 -0.323486 0.331574
v -0.291415 -0.315000 0.347114
v -0.312850 -0.301221 0.361437
v -0.331638 -0.282678 0.373990
v -0.347056 -0.260082 0.384292
v -0.358513 -0.234303 0.391948
v -0.365568 -0.206331 0.396662
v -0.367950 -0.177241 0.398254
v -0.365568 -0.148151 0.396662
v -0.358513 -0.120179 0.391948
v -0.347056 -0.094400 0.384292
v -0.331638 -0.071804 0.373990
v -0.312850 -0.053261 0.361437
v -0.291415 -0.039482 0.347114
v -0.268158 -0.030996 0.331574
v -0.243970 -0.326351 0.315413
v -0.270846 -0.323486 0.326545
v -0.296688 -0.315000 0.337249
v -0.320505 -0.301221 0.347114
v -0.341381 -0.282678 0.355761
v -0.358513 -0.260082 0.362858
v -0.371243 -0.234303 0.368131
v -0.379083 -0.206331 0.371378
v -0.381730 -0.177241 0.372474
v -0.379083 -0.148151 0.371378
v -0.371243 -0.120179 0.368131
v -0.358513 -0.094400 0.362858
v -0.341381 -0.071804 0.355761
v -0.320505 -0.053261 0.347114
v -0.296688 -0.039482 0.337249
v -0.270846 -0.030996 0.326545
v -0.272501 -0.323486 0.321088
v -0.299936 -0.315000 0.326545
v -0.325219 -0.301221 0.331574
v -0.347381 -0.282678 0.335982
v -0.365568 -0.260082 0.339600
v -0.379083 -0.234303 0.342288
v -0.387405 -0.206331 0.343944
v -0.390215 -0.177241 0.344502
v -0.387405 -0.148151 0.343944
v -0.379083 -0.120179 0.342288
v -0.365568 -0.094400 0.339600
v -0.347381 -0.071804 0.335982
v -0.325219 -0.053261 0.331574
v -0.299936 -0.039482 0.326545
v -0.272501 -0.030996 0.321088
v -0.273060 -0.323486 0.315413
v -0.301032 -0.315000 0.315413
v -0.326811 -0.301221 0.315413
v -0.349407 -0.282678 0.315413
v -0.367950 -0.260082 0.315413
v -0.381730 -0.234303 0.315413
v -0.390215 -0.206331 0.315413
v -0.393080 -0.177241 0.315413
v -0.390215 -0.148151 0.315413
v -0.381730 -0.120179 0.315413
v -0.367950 -0.094400 0.315413
v -0.349407 -0.071804 0.315413
v -0.326811 -0.053261 0.315413
v -0.301032 -0.039482 0.315413
v -0.273060 -0.030996 0.315413
v -0.272501 -0.323486 0.309737
v -0.299936 -0.315000 0.304280
v -0.325219 -0.301221 0.299251
v -0.347381 -0.282678 0.294843
v -0.365568 -0.260082 0.291225
v -0.379083 -0.234303 0.288537
v -0.387405 -0.206331 0.286882
v -0.390215 -0.177241 0.286323
v -0.387405 -0.148151 0.286882
v -0.379083 -0.120179 0.288537
v -0.365568 -0.094400 0.291225
v -0.347381 -0.071804 0.294843
v -0.325219 -0.053261 0.299251
v -0.299936 -0.039482 0.304280
v -0.272501 -0.030996 0.309737
v -0.270846 -0.323486 0.304280
v -0.296688 -0.315000 0.293576
v -0.320505 -0.301221 0.283711
v -0.341381 -0.282678 0.275064
v -0.358513 -0.260082 0.267967
v -0.371243 -0.234303 0.262694
v -0.379083 -0.206331 0.259447
v -0.381730 -0.177241 0.258351
v -0.379083 -0.148151 0.259447
v -0.371243 -0.120179 0.262694
v -0.358513 -0.094400 0.267967
v -0.341381 -0.071804 0.275064
v -0.320505 -0.053261 0.283711
v -0.296688 -0.039482 0.293576
v -0.270846 -0.030996 0.304280
v -0.268158 -0.323486 0.299251
v -0.291415 -0.315000 0.283711
v -0.312850 -0.301221 0.269389
v -0.331638 -0.282678 0.256835
v -0.347056 -0.260082 0.246533
v -0.358513 -0.234303 0.238878
v -0.365568 -0.206331 0.234163
v -0.367950 -0.177241 0.232572
v -0.365568 -0.148151 0.234163
v -0.358513 -0.120179 0.238878
v -0.347056 -0.094400 0.246533
v -0.331638 -0.071804 0.256835
v -0.312850 -0.053261 0.269389
v -0.291415 -0.039482 0.283711
v -0.268158 -0.030996 0.299251
v -0.264540 -0.323486 0.294843
v -0.284319 -0.315000 0.275064
v -0.302548 -0.301221 0.256835
v -0.318525 -0.282678 0.240858
v -0.331637 -0.260082 0.227745
v -0.341381 -0.234303 0.218002
v -0.347381 -0.206331 0.212002
v -0.349407 -0.177241 0.209976
v -0.347381 -0.148151 0.212002
v -0.341381 -0.120179 0.218002
v -0.331637 -0.094400 0.227745
v -0.318525 -0.071804 0.240858
v -0.302548 -0.053261 0.256835
v -0.284319 -0.039482 0.275064
v -0.264540 -0.030996 0.294843
v -0.260132 -0.323486 0.291225
v -0.275672 -0.315000 0.267967
v -0.289994 -0.301221 0.246533
v -0.302548 -0.282678 0.227745
v -0.312850 -0.260082 0.212327
v -0.320505 -0.234303 0.200870
v -0.325219 -0.206331 0.193815
v -0.326811 -0.177241 0.191432
v -0.325219 -0.148151 0.193815
v -0.320505 -0.120179 0.200870
v -0.312850 -0.094400 0.212327
v -0.302548 -0.071804 0.227745
v -0.289994 -0.053261 0.246533
v -0.275672 -0.039482 0.267967
v -0.260132 -0.030996 0.291225
v -0.255102 -0.323486 0.288537
v -0.265807 -0.315000 0.262694
v -0.275672 -0.301221 0.238878
v -0.284319 -0.282678 0.218002
v -0.291415 -0.260082 0.200870
v -0.296688 -0.234303 0.188140
v -0.299936 -0.206331 0.180300
v -0.301032 -0.177241 0.177653
v -0.299936 -0.148151 0.180300
v -0.296688 -0.120179 0.188140
v -0.291415 -0.094400 0.200870
v -0.284319 -0.071804 0.218002
v -0.275672 -0.053261 0.238878
v -0.265807 -0.039482 0.262694
v -0.255102 -0.030996 0.288537
v -0.249645 -0.323486 0.286882
v -0.255102 -0.315000 0.259447
v -0.260132 -0.301221 0.234163
v -0.264540 -0.282678 0.212002
v -0.268158 -0.260082 0.193815
v -0.270846 -0.234303 0.180300
v -0.272501 -0.206331 0.171978
v -0.273060 -0.177241 0.169168
v -0.272501 -0.148151 0.171978
v -0.270846 -0.120179 0.180300
v -0.268158 -0.094400 0.193815
v -0.264540 -0.071804 0.212002
v -0.260132 -0.053261 0.234163
v -0.255102 -0.039482 0.259447
v -0.249645 -0.030996 0.286882
v -0.243970 -0.323486 0.286323
v -0.243970 -0.315000 0.258351
v -0.243970 -0.301221 0.232572
v -0.243970 -0.282678 0.209976
v -0.243970 -0.260082 0.191432
v -0.243970 -0.234303 0.177653
v -0.243970 -0.206331 0.169168
v -0.243970 -0.177241 0.166303
v -0.243970 -0.148151 0.169168
v -0.243970 -0.120179 0.177653
v -0.243970 -0.094400 0.191432
v -0.243970 -0.071804 0.209976
v -0.243970 -0.053261 0.232572
v -0.243970 -0.039482 0.258351
v -0.243970 -0.030996 0.286323
v -0.238295 -0.323486 0.286882
v -0.232838 -0.315000 0.259447
v -0.227809 -0.301221 0.234163
v -0.223401 -0.282678 0.212002
v -0.219783 -0.260082 0.193815
v -0.217095 -0.234303 0.180300
v -0.215439 -0.206331 0.171978
v -0.214880 -0.177241 0.169168
v -0.215439 -0.148151 0.171978
v -0.217095 -0.120179 0.180300
v -0.219783 -0.094400 0.193815
v -0.223401 -0.071804 0.212002
v -0.227809 -0.053261 0.234163
v -0.232838 -0.039482 0.259447
v -0.238295 -0.030996 0.286882
v -0.232838 -0.323486 0.288537
v -0.222134 -0.315000 0.262694
v -0.212268 -0.301221 0.238878
v -0.203621 -0.282678 0.218002
v -0.196525 -0.260082 0.200870
v -0.191252 -0.234303 0.188140
v -0.188005 -0.206331 0.180300
v -0.186908 -0.177241 0.177653
v -0.188005 -0.148151 0.180300
v -0.191252 -0.120179 0.188140
v -0.196525 -0.094400 0.200870
v -0.203621 -0.071804 0.218002
v -0.212268 -0.053261 0.238878
v -0.222134 -0.039482 0.262694
v -0.232838 -0.030996 0.288537
v -0.227809 -0.323486 0.291225
v -0.212268 -0.315000 0.267967
v -0.197946 -0.301221 0.246533
v -0.185393 -0.282678 0.227745
v -0.175091 -0.260082 0.212327
v -0.167435 -0.234303 0.200870
v -0.162721 -0.206331 0.193815
v -0.161129 -0.177241 0.191433
v -0.162721 -0.148151 0.193815
v -0.167435 -0.120179 0.200870
v -0.175091 -0.094400 0.212327
v -0.185393 -0.071804 0.227745
v -0.197946 -0.053261 0.246533
v -0.212268 -0.039482 0.267967
v -0.227809 -0.030996 0.291225
v -0.223401 -0.323486 0.294843
v -0.203621 -0.315000 0.275064
v -0.185393 -0.301221 0.256835
v -0.169415 -0.282678 0.240858
v -0.156303 -0.260082 0.227745
v -0.146560 -0.234303 0.218002
v -0.140560 -0.206331 0.212002
v -0.138534 -0.177241 0.209976
v -0.140560 -0.148151 0.212002
v -0.146560 -0.120179 0.218002
v -0.156303 -0.094400 0.227745
v -0.169415 -0.071804 0.240858
v -0.185393 -0.053261 0.256835
v -0.203621 -0.039482 0.275064
v -0.223401 -0.030996 0.294843
v -0.243970 -0.028131 0.315413
v -0.219783 -0.323486 0.299251
v -0.196525 -0.315000 0.283711
v -0.175091 -0.301221 0.269389
v -0.156303 -0.282678 0.256835
v -0.140884 -0.260082 0.246533
v -0.129427 -0.234303 0.238878
v -0.122372 -0.206331 0.234164
v -0.119990 -0.177241 0.232572
v -0.122372 -0.148151 0.234164
v -0.129427 -0.120179 0.238878
v -0.140884 -0.094400 0.246533
v -0.156303 -0.071804 0.256835
v -0.175091 -0.053261 0.269389
v -0.196525 -0.039482 0.283711
v -0.219783 -0.030996 0.299251
v -0.217095 -0.323486 0.304280
v -0.191252 -0.315000 0.293576
v -0.167435 -0.301221 0.283711
v -0.146560 -0.282678 0.275064
v -0.129428 -0.260082 0.267967
v -0.116697 -0.234303 0.262694
v -0.108858 -0.206331 0.259447
v -0.106211 -0.177241 0.258351
v -0.108858 -0.148151 0.259447
v -0.116697 -0.120179 0.262694
v -0.129428 -0.094400 0.267967
v -0.146560 -0.071804 0.275064
v -0.167435 -0.053261 0.283711
v -0.191252 -0.039482 0.293576
v -0.217095 -0.030996 0.304280
v -0.215439 -0.323486 0.309737
v -0.188005 -0.315000 0.304280
v -0.162721 -0.301221 0.299251
v -0.140560 -0.282678 0.294843
v -0.122372 -0.260082 0.291225
v -0.108858 -0.234303 0.288537
v -0.100536 -0.206331 0.286882
v -0.097726 -0.177241 0.286323
v -0.100536 -0.148151 0.286882
v -0.108858 -0.120179 0.288537
v -0.122372 -0.094400 0.291225
v -0.140560 -0.071804 0.294843
v -0.162721 -0.053261 0.299251
v -0.188005 -0.039482 0.304280
v -0.215439 -0.030996 0.309737
v -0.214880 -0.323486 0.315413
v -0.186908 -0.315000 0.315413
v -0.161129 -0.301221 0.315413
v -0.138534 -0.282678 0.315413
v -0.119990 -0.260082 0.315413
v -0.106211 -0.234303 0.315413
v -0.097726 -0.206331 0.315413
v -0.094861 -0.177241 0.315413
v -0.097726 -0.148151 0.315413
v -0.106211 -0.120179 0.315413
v -0.119990 -0.094400 0.315413
v -0.138534 -0.071804 0.315413
v -0.161129 -0.053261 0.315413
v -0.186908 -0.039482 0.315413
v -0.214880 -0.030996 0.315413
v -0.215439 -0.323486 0.321088
v -0.188005 -0.315000 0.326545
v -0.162721 -0.301221 0.331574
v -0.140560 -0.282678 0.335982
v -0.122372 -0.260082 0.339600
v -0.108858 -0.234303 0.342288
v -0.100536 -0.206331 0.343944
v -0.097726 -0.177241 0.344503
v -0.100536 -0.148151 0.343944
v -0.108858 -0.120179 0.342288
v -0.122372 -0.094400 0.339600
v -0.140560 -0.071804 0.335982
v -0.162721 -0.053261 0.331574
v -0.188005 -0.039482 0.326545
v -0.215439 -0.030996 0.321088
v -0.217095 -0.323486 0.326545
v -0.191252 -0.315000 0.337249
v -0.167435 -0.301221 0.347114
v -0.146560 -0.282678 0.355761
v -0.129428 -0.260082 0.362858
v -0.116697 -0.234303 0.368131
v -0.108858 -0.206331 0.371378
v -0.106211 -0.177241 0.372474
v -0.108858 -0.148151 0.371378
v -0.116697 -0.120179 0.368131
v -0.129428 -0.094400 0.362858
v -0.146560 -0.071804 0.355761
v -0.167435 -0.053261 0.347114
v -0.191252 -0.039482 0.337249
v -0.217095 -0.030996 0.326545
v -0.219783 -0.323486 0.331574
v -0.196525 -0.315000 0.347114
v -0.175091 -0.301221 0.361437
v -0.156303 -0.282678 0.373990
v -0.140885 -0.260082 0.384292
v -0.129428 -0.234303 0.391948
v -0.122372 -0.206331 0.396662
v -0.119990 -0.177241 0.398254
v -0.122372 -0.148151 0.396662
v -0.129428 -0.120179 0.391948
v -0.140885 -0.094400 0.384292
v -0.156303 -0.071804 0.373990
v -0.175091 -0.053261 0.361437
v -0.196525 -0.039482 0.347114
v -0.219783 -0.030996 0.331574
v -0.223401 -0.323486 0.335982
v -0.203621 -0.315000 0.355761
v -0.185393 -0.301221 0.373990
v -0.169415 -0.282678 0.389967
v -0.156303 -0.260082 0.403080
v -0.146560 -0.234303 0.412823
v -0.140560 -0.206331 0.418823
v -0.138534 -0.177241 0.420849
v -0.140560 -0.148151 0.418823
v -0.146560 -0.120179 0.412823
v -0.156303 -0.094400 0.403080
v -0.169415 -0.071804 0.389967
v -0.185393 -0.053261 0.373990
v -0.203621 -0.039482 0.355761
v -0.223401 -0.030996 0.335982
v -0.227809 -0.323486 0.339600
v -0.212268 -0.315000 0.362858
v -0.197946 -0.301221 0.384292
v -0.185393 -0.282678 0.403080
v -0.175091 -0.260082 0.418498
v -0.167435 -0.234303 0.429955
v -0.162721 -0.206331 0.437011
v -0.161129 -0.177241 0.439393
v -0.162721 -0.148151 0.437011
v -0.167435 -0.120179 0.429955
v -0.175091 -0.094400 0.418498
v -0.185393 -0.071804 0.403080
v -0.197946 -0.053261 0.384292
v -0.212268 -0.039482 0.362858
v -0.227809 -0.030996 0.339600
v -0.232838 -0.323486 0.342288
v -0.222134 -0.315000 0.368131
v -0.212268 -0.301221 0.391948
v -0.203621 -0.282678 0.412823
v -0.196525 -0.260082 0.429955
v -0.191252 -0.234303 0.442686
v -0.188005 -0.206331 0.450525
v -0.186909 -0.177241 0.453172
v -0.188005 -0.148151 0.450525
v -0.191252 -0.120179 0.442686
v -0.196525 -0.094400 0.429955
v -0.203621 -0.071804 0.412823
v -0.212268 -0.053261 0.391948
v -0.222134 -0.039482 0.368131
v -0.232838 -0.030996 0.342288
v -0.238295 -0.323486 0.343944
v -0.232838 -0.315000 0.371378
v -0.227809 -0.301221 0.396662
v -0.223401 -0.282678 0.418823
v -0.219783 -0.260082 0.437011
v -0.217095 -0.234303 0.450525
v -0.215439 -0.206331 0.458847
v -0.214880 -0.177241 0.461657
v -0.215439 -0.148151 0.458847
v -0.217095 -0.120179 0.450525
v -0.219783 -0.094400 0.437011
v -0.223401 -0.071804 0.418823
v -0.227809 -0.053261 0.396662
v -0.232838 -0.039482 0.371378
v -0.238295 -0.030996 0.343944
v -0.243970 -0.323486 0.344502
v -0.243970 -0.315000 0.372474
v -0.243970 -0.282678 0.420849
v -0.243970 -0.234303 0.453172
v -0.243970 -0.120179 0.453172
v -0.243970 -0.071804 0.420849
v -0.243970 -0.053261 0.398253
v -0.243970 -0.039482 0.372474
v -0.243970 -0.030996 0.344502
v -0.239574 -0.301221 -0.259202
v -0.239574 -0.260082 -0.218063
v -0.239574 -0.206331 -0.195799
v -0.239574 -0.177241 -0.192934
v -0.239574 -0.148151 -0.195799
v -0.239574 -0.094400 -0.218063
v -0.245250 -0.323486 -0.313512
v -0.250707 -0.315000 -0.286078
v -0.255736 -0.301221 -0.260794
v -0.260144 -0.282678 -0.238633
v -0.263762 -0.260082 -0.220445
v -0.266450 -0.234303 -0.206931
v -0.268105 -0.206331 -0.198609
v -0.268664 -0.177241 -0.195799
v -0.268105 -0.148151 -0.198609
v -0.266450 -0.120179 -0.206931
v -0.263762 -0.094400 -0.220445
v -0.260144 -0.071804 -0.238633
v -0.255736 -0.053261 -0.260794
v -0.250707 -0.039482 -0.286078
v -0.245250 -0.030996 -0.313512
v -0.250707 -0.323486 -0.315168
v -0.261411 -0.315000 -0.289325
v -0.271276 -0.301221 -0.265508
v -0.279923 -0.282678 -0.244633
v -0.287020 -0.260082 -0.227501
v -0.292293 -0.234303 -0.214770
v -0.295540 -0.206331 -0.206931
v -0.296636 -0.177241 -0.204284
v -0.295540 -0.148151 -0.206931
v -0.292293 -0.120179 -0.214770
v -0.287020 -0.094400 -0.227501
v -0.279923 -0.071804 -0.244633
v -0.271276 -0.053261 -0.265508
v -0.261411 -0.039482 -0.289325
v -0.250707 -0.030996 -0.315168
v -0.255736 -0.323486 -0.317856
v -0.271276 -0.315000 -0.294598
v -0.285598 -0.301221 -0.273164
v -0.298152 -0.282678 -0.254376
v -0.308454 -0.260082 -0.238958
v -0.316109 -0.234303 -0.227501
v -0.320824 -0.206331 -0.220445
v -0.322415 -0.177241 -0.218063
v -0.320824 -0.148151 -0.220445
v -0.316109 -0.120179 -0.227501
v -0.308454 -0.094400 -0.238958
v -0.298152 -0.071804 -0.254376
v -0.285598 -0.053261 -0.273164
v -0.271276 -0.039482 -0.294598
v -0.255736 -0.030996 -0.317856
v -0.260144 -0.323486 -0.321474
v -0.279923 -0.315000 -0.301694
v -0.298152 -0.301221 -0.283466
v -0.314129 -0.282678 -0.267488
v -0.327242 -0.260082 -0.254376
v -0.336985 -0.234303 -0.244633
v -0.342985 -0.206331 -0.238633
v -0.345011 -0.177241 -0.236607
v -0.342985 -0.148151 -0.238633
v -0.336985 -0.120179 -0.244633
v -0.327242 -0.094400 -0.254376
v -0.314129 -0.071804 -0.267488
v -0.298152 -0.053261 -0.283466
v -0.279923 -0.039482 -0.301694
v -0.260144 -0.030996 -0.321474
v -0.263762 -0.323486 -0.325882
v -0.287020 -0.315000 -0.310341
v -0.308454 -0.301221 -0.296019
v -0.327242 -0.282678 -0.283466
v -0.342660 -0.260082 -0.273164
v -0.354117 -0.234303 -0.265508
v -0.361172 -0.206331 -0.260794
v -0.363555 -0.177241 -0.259202
v -0.361172 -0.148151 -0.260794
v -0.354117 -0.120179 -0.265508
v -0.342660 -0.094400 -0.273164
v -0.327242 -0.071804 -0.283466
v -0.308454 -0.053261 -0.296019
v -0.287020 -0.039482 -0.310341
v -0.263762 -0.030996 -0.325882
v -0.239574 -0.326351 -0.342043
v -0.266450 -0.323486 -0.330911
v -0.292293 -0.315000 -0.320207
v -0.316109 -0.301221 -0.310341
v -0.336985 -0.282678 -0.301694
v -0.354117 -0.260082 -0.294598
v -0.366848 -0.234303 -0.289325
v -0.374687 -0.206331 -0.286078
v -0.377334 -0.177241 -0.284981
v -0.374687 -0.148151 -0.286078
v -0.366848 -0.120179 -0.289325
v -0.354117 -0.094400 -0.294598
v -0.336985 -0.071804 -0.301694
v -0.316109 -0.053261 -0.310341
v -0.292293 -0.039482 -0.320207
v -0.266450 -0.030996 -0.330911
v -0.268105 -0.323486 -0.336368
v -0.295540 -0.315000 -0.330911
v -0.320824 -0.301221 -0.325882
v -0.342985 -0.282678 -0.321474
v -0.361172 -0.260082 -0.317856
v -0.374687 -0.234303 -0.315168
v -0.383009 -0.206331 -0.313512
v -0.385819 -0.177241 -0.312953
v -0.383009 -0.148151 -0.313512
v -0.374687 -0.120179 -0.315168
v -0.361172 -0.094400 -0.317856
v -0.342985 -0.071804 -0.321474
v -0.320824 -0.053261 -0.325882
v -0.295540 -0.039482 -0.330911
v -0.268105 -0.030996 -0.336368
v -0.268664 -0.323486 -0.342043
v -0.296636 -0.315000 -0.342043
v -0.322415 -0.301221 -0.342043
v -0.345011 -0.282678 -0.342043
v -0.363555 -0.260082 -0.342043
v -0.377334 -0.234303 -0.342043
v -0.385819 -0.206331 -0.342043
v -0.388684 -0.177241 -0.342043
v -0.385819 -0.148151 -0.342043
v -0.377334 -0.120179 -0.342043
v -0.363555 -0.094400 -0.342043
v -0.345011 -0.071804 -0.342043
v -0.322415 -0.053261 -0.342043
v -0.296636 -0.039482 -0.342043
v -0.268664 -0.030996 -0.342043
v -0.268105 -0.323486 -0.347718
v -0.295540 -0.315000 -0.353176
v -0.320824 -0.301221 -0.358205
v -0.342985 -0.282678 -0.362613
v -0.361172 -0.260082 -0.366231
v -0.374687 -0.234303 -0.368919
v -0.383009 -0.206331 -0.370574
v -0.385819 -0.177241 -0.371133
v -0.383009 -0.148151 -0.370574
v -0.374687 -0.120179 -0.368919
v -0.361172 -0.094400 -0.366231
v -0.342985 -0.071804 -0.362613
v -0.320824 -0.053261 -0.358205
v -0.295540 -0.039482 -0.353176
v -0.268105 -0.030996 -0.347718
v -0.266450 -0.323486 -0.353176
v -0.292293 -0.315000 -0.363880
v -0.316109 -0.301221 -0.373745
v -0.336985 -0.282678 -0.382392
v -0.354117 -0.260082 -0.389488
v -0.366848 -0.234303 -0.394762
v -0.374687 -0.206331 -0.398009
v -0.377334 -0.177241 -0.399105
v -0.374687 -0.148151 -0.398009
v -0.366848 -0.120179 -0.394762
v -0.354117 -0.094400 -0.389488
v -0.336985 -0.071804 -0.382392
v -0.316109 -0.053261 -0.373745
v -0.292293 -0.039482 -0.363880
v -0.266450 -0.030996 -0.353176
v -0.263762 -0.323486 -0.358205
v -0.287020 -0.315000 -0.373745
v -0.308454 -0.301221 -0.388067
v -0.327242 -0.282678 -0.400621
v -0.342660 -0.260082 -0.410923
v -0.354117 -0.234303 -0.418578
v -0.361172 -0.206331 -0.423292
v -0.363555 -0.177241 -0.424884
v -0.361172 -0.148151 -0.423292
v -0.354117 -0.120179 -0.418578
v -0.342660 -0.094400 -0.410923
v -0.327242 -0.071804 -0.400621
v -0.308454 -0.053261 -0.388067
v -0.287020 -0.039482 -0.373745
v -0.263762 -0.030996 -0.358205
v -0.260144 -0.323486 -0.362613
v -0.279923 -0.315000 -0.382392
v -0.298152 -0.301221 -0.400621
v -0.314129 -0.282678 -0.416598
v -0.327242 -0.260082 -0.429711
v -0.336985 -0.234303 -0.439454
v -0.342985 -0.206331 -0.445454
v -0.345011 -0.177241 -0.447480
v -0.342985 -0.148151 -0.445454
v -0.336985 -0.120179 -0.439454
v -0.327242 -0.094400 -0.429711
v -0.314129 -0.071804 -0.416598
v -0.298152 -0.053261 -0.400621
v -0.279923 -0.039482 -0.382392
v -0.260144 -0.030996 -0.362613
v -0.255736 -0.323486 -0.366231
v -0.271276 -0.315000 -0.389488
v -0.285598 -0.301221 -0.410923
v -0.298152 -0.282678 -0.429711
v -0.308454 -0.260082 -0.445129
v -0.316109 -0.234303 -0.456586
v -0.320824 -0.206331 -0.463641
v -0.322415 -0.177241 -0.466023
v -0.320824 -0.148151 -0.463641
v -0.316109 -0.120179 -0.456586
v -0.308454 -0.094400 -0.445129
v -0.298152 -0.071804 -0.429711
v -0.285598 -0.053261 -0.410923
v -0.271276 -0.039482 -0.389488
v -0.255736 -0.030996 -0.366231
v -0.250707 -0.323486 -0.368919
v -0.261411 -0.315000 -0.394762
v -0.271276 -0.301221 -0.418578
v -0.279923 -0.282678 -0.439454
v -0.287020 -0.260082 -0.456586
v -0.292293 -0.234303 -0.469316
v -0.295540 -0.206331 -0.477156
v -0.296636 -0.177241 -0.479803
v -0.295540 -0.148151 -0.477156
v -0.292293 -0.120179 -0.469316
v -0.287020 -0.094400 -0.456586
v -0.279923 -0.071804 -0.439454
v -0.271276 -0.053261 -0.418578
v -0.261411 -0.039482 -0.394762
v -0.250707 -0.030996 -0.368919
v -0.245250 -0.323486 -0.370574
v -0.250707 -0.315000 -0.398009
v -0.255736 -0.301221 -0.423292
v -0.260144 -0.282678 -0.445454
v -0.263762 -0.260082 -0.463641
v -0.266450 -0.234303 -0.477156
v -0.268105 -0.206331 -0.485478
v -0.268664 -0.177241 -0.488288
v -0.268105 -0.148151 -0.485478
v -0.266450 -0.120179 -0.477156
v -0.263762 -0.094400 -0.463641
v -0.260144 -0.071804 -0.445454
v -0.255736 -0.053261 -0.423292
v -0.250707 -0.039482 -0.398009
v -0.245250 -0.030996 -0.370574
v -0.239574 -0.323486 -0.371133
v -0.239574 -0.315000 -0.399105
v -0.239574 -0.301221 -0.424884
v -0.239574 -0.282678 -0.447480
v -0.239574 -0.260082 -0.466023
v -0.239574 -0.234303 -0.479803
v -0.239574 -0.206331 -0.488288
v -0.239574 -0.177241 -0.491153
v -0.239574 -0.148151 -0.488288
v -0.239574 -0.120179 -0.479803
v -0.239574 -0.094400 -0.466023
v -0.239574 -0.071804 -0.447480
v -0.239574 -0.053261 -0.424884
v -0.239574 -0.039482 -0.399105
v -0.239574 -0.030996 -0.371133
v -0.233899 -0.323486 -0.370574
v -0.228442 -0.315000 -0.398009
v -0.223413 -0.301221 -0.423292
v -0.219005 -0.282678 -0.445454
v -0.215387 -0.260082 -0.463641
v -0.212699 -0.234303 -0.477156
v -0.211043 -0.206331 -0.485478
v -0.210484 -0.177241 -0.488288
v -0.211043 -0.148151 -0.485478
v -0.212699 -0.120179 -0.477156
v -0.215387 -0.094400 -0.463641
v -0.219005 -0.071804 -0.445454
v -0.223413 -0.053261 -0.423292
v -0.228442 -0.039482 -0.398009
v -0.233899 -0.030996 -0.370574
v -0.228442 -0.323486 -0.368919
v -0.217738 -0.315000 -0.394762
v -0.207873 -0.301221 -0.418578
v -0.199226 -0.282678 -0.439454
v -0.192129 -0.260082 -0.456586
v -0.186856 -0.234303 -0.469316
v -0.183609 -0.206331 -0.477156
v -0.182513 -0.177241 -0.479803
v -0.183609 -0.148151 -0.477156
v -0.186856 -0.120179 -0.469316
v -0.192129 -0.094400 -0.456586
v -0.199226 -0.071804 -0.439454
v -0.207873 -0.053261 -0.418578
v -0.217738 -0.039482 -0.394762
v -0.228442 -0.030996 -0.368919
v -0.223413 -0.323486 -0.366231
v -0.207873 -0.315000 -0.389488
v -0.193550 -0.301221 -0.410923
v -0.180997 -0.282678 -0.429711
v -0.170695 -0.260082 -0.445129
v -0.163039 -0.234303 -0.456586
v -0.158325 -0.206331 -0.463641
v -0.156733 -0.177241 -0.466023
v -0.158325 -0.148151 -0.463641
v -0.163039 -0.120179 -0.456586
v -0.170695 -0.094400 -0.445129
v -0.180997 -0.071804 -0.429711
v -0.193550 -0.053261 -0.410923
v -0.207873 -0.039482 -0.389488
v -0.223413 -0.030996 -0.366231
v -0.219005 -0.323486 -0.362613
v -0.199226 -0.315000 -0.382392
v -0.180997 -0.301221 -0.400621
v -0.165020 -0.282678 -0.416598
v -0.151907 -0.260082 -0.429711
v -0.142164 -0.234303 -0.439454
v -0.136164 -0.206331 -0.445454
v -0.134138 -0.177241 -0.447480
v -0.136164 -0.148151 -0.445454
v -0.142164 -0.120179 -0.439454
v -0.151907 -0.094400 -0.429711
v -0.165020 -0.071804 -0.416598
v -0.180997 -0.053261 -0.400621
v -0.199226 -0.039482 -0.382392
v -0.219005 -0.030996 -0.362613
v -0.239574 -0.028131 -0.342043
v -0.215387 -0.323486 -0.358205
v -0.192129 -0.315000 -0.373745
v -0.170695 -0.301221 -0.388067
v -0.151907 -0.282678 -0.400621
v -0.136489 -0.260082 -0.410923
v -0.125032 -0.234303 -0.418578
v -0.117976 -0.206331 -0.423292
v -0.115594 -0.177241 -0.424884
v -0.117976 -0.148151 -0.423292
v -0.125032 -0.120179 -0.418578
v -0.136489 -0.094400 -0.410923
v -0.151907 -0.071804 -0.400621
v -0.170695 -0.053261 -0.388067
v -0.192129 -0.039482 -0.373745
v -0.215387 -0.030996 -0.358205
v -0.212699 -0.323486 -0.353176
v -0.186856 -0.315000 -0.363880
v -0.163039 -0.301221 -0.373745
v -0.142164 -0.282678 -0.382392
v -0.125032 -0.260082 -0.389488
v -0.112301 -0.234303 -0.394762
v -0.104462 -0.206331 -0.398009
v -0.101815 -0.177241 -0.399105
v -0.104462 -0.148151 -0.398009
v -0.112301 -0.120179 -0.394762
v -0.125032 -0.094400 -0.389488
v -0.142164 -0.071804 -0.382392
v -0.163039 -0.053261 -0.373745
v -0.186856 -0.039482 -0.363880
v -0.212699 -0.030996 -0.353176
v -0.211043 -0.323486 -0.347718
v -0.183609 -0.315000 -0.353176
v -0.158325 -0.301221 -0.358205
v -0.136164 -0.282678 -0.362613
v -0.117976 -0.260082 -0.366231
v -0.104462 -0.234303 -0.368919
v -0.096140 -0.206331 -0.370574
v -0.093330 -0.177241 -0.371133
v -0.096140 -0.148151 -0.370574
v -0.104462 -0.120179 -0.368919
v -0.117976 -0.094400 -0.366231
v -0.136164 -0.071804 -0.362613
v -0.158325 -0.053261 -0.358205
v -0.183609 -0.039482 -0.353176
v -0.211043 -0.030996 -0.347718
v -0.210485 -0.323486 -0.342043
v -0.182513 -0.315000 -0.342043
v -0.156734 -0.301221 -0.342043
v -0.134138 -0.282678 -0.342043
v -0.115594 -0.260082 -0.342043
v -0.101815 -0.234303 -0.342043
v -0.093330 -0.206331 -0.342043
v -0.090465 -0.177241 -0.342043
v -0.093330 -0.148151 -0.342043
v -0.101815 -0.120179 -0.342043
v -0.115594 -0.094400 -0.342043
v -0.134138 -0.071804 -0.342043
v -0.156734 -0.053261 -0.342043
v -0.182513 -0.039482 -0.342043
v -0.210485 -0.030996 -0.342043
v -0.211044 -0.323486 -0.336368
v -0.183609 -0.315000 -0.330911
v -0.158325 -0.301221 -0.325882
v -0.136164 -0.282678 -0.321474
v -0.117976 -0.260082 -0.317856
v -0.104462 -0.234303 -0.315168
v -0.096140 -0.206331 -0.313512
v -0.093330 -0.177241 -0.312953
v -0.096140 -0.148151 -0.313512
v -0.104462 -0.120179 -0.315168
v -0.117976 -0.094400 -0.317856
v -0.136164 -0.071804 -0.321474
v -0.158325 -0.053261 -0.325882
v -0.183609 -0.039482 -0.330911
v -0.211044 -0.030996 -0.336368
v -0.212699 -0.323486 -0.330911
v -0.186856 -0.315000 -0.320207
v -0.163039 -0.301221 -0.310341
v -0.142164 -0.282678 -0.301695
v -0.125032 -0.260082 -0.294598
v -0.112301 -0.234303 -0.289325
v -0.104462 -0.206331 -0.286078
v -0.101815 -0.177241 -0.284981
v -0.104462 -0.148151 -0.286078
v -0.112301 -0.120179 -0.289325
v -0.125032 -0.094400 -0.294598
v -0.142164 -0.071804 -0.301695
v -0.163039 -0.053261 -0.310341
v -0.186856 -0.039482 -0.320207
v -0.212699 -0.030996 -0.330911
v -0.215387 -0.323486 -0.325882
v -0.192129 -0.315000 -0.310341
v -0.170695 -0.301221 -0.296019
v -0.151907 -0.282678 -0.283466
v -0.136489 -0.260082 -0.273164
v -0.125032 -0.234303 -0.265508
v -0.117976 -0.206331 -0.260794
v -0.115594 -0.177241 -0.259202
v -0.117976 -0.148151 -0.260794
v -0.125032 -0.120179 -0.265508
v -0.136489 -0.094400 -0.273164
v -0.151907 -0.071804 -0.283466
v -0.170695 -0.053261 -0.296019
v -0.192129 -0.039482 -0.310341
v -0.215387 -0.030996 -0.325882
v -0.219005 -0.323486 -0.321474
v -0.199226 -0.315000 -0.301695
v -0.180997 -0.301221 -0.283466
v -0.165020 -0.282678 -0.267488
v -0.151907 -0.260082 -0.254376
v -0.142164 -0.234303 -0.244633
v -0.136164 -0.206331 -0.238633
v -0.134138 -0.177241 -0.236607
v -0.136164 -0.148151 -0.238633
v -0.142164 -0.120179 -0.244633
v -0.151907 -0.094400 -0.254376
v -0.165020 -0.071804 -0.267488
v -0.180997 -0.053261 -0.283466
v -0.199226 -0.039482 -0.301695
v -0.219005 -0.030996 -0.321474
v -0.223413 -0.323486 -0.317856
v -0.207873 -0.315000 -0.294598
v -0.193550 -0.301221 -0.273164
v -0.180997 -0.282678 -0.254376
v -0.170695 -0.260082 -0.238958
v -0.163039 -0.234303 -0.227501
v -0.158325 -0.206331 -0.220445
v -0.156734 -0.177241 -0.218063
v -0.158325 -0.148151 -0.220445
v -0.163039 -0.120179 -0.227501
v -0.170695 -0.094400 -0.238958
v -0.180997 -0.071804 -0.254376
v -0.193550 -0.053261 -0.273164
v -0.207873 -0.039482 -0.294598
v -0.223413 -0.030996 -0.317856
v -0.228442 -0.323486 -0.315168
v -0.217738 -0.315000 -0.289325
v -0.207873 -0.301221 -0.265508
v -0.199226 -0.282678 -0.244633
v -0.192129 -0.260082 -0.227501
v -0.186856 -0.234303 -0.214770
v -0.183609 -0.206331 -0.206931
v -0.182513 -0.177241 -0.204284
v -0.183609 -0.148151 -0.206931
v -0.186856 -0.120179 -0.214770
v -0.192129 -0.094400 -0.227501
v -0.199226 -0.071804 -0.244633
v -0.207873 -0.053261 -0.265508
v -0.217738 -0.039482 -0.289325
v -0.228442 -0.030996 -0.315168
v -0.233899 -0.323486 -0.313512
v -0.228442 -0.315000 -0.286078
v -0.223413 -0.301221 -0.260794
v -0.219005 -0.282678 -0.238633
v -0.215387 -0.260082 -0.220445
v -0.212699 -0.234303 -0.206931
v -0.211044 -0.206331 -0.198609
v -0.210485 -0.177241 -0.195799
v -0.211044 -0.148151 -0.198609
v -0.212699 -0.120179 -0.206931
v -0.215387 -0.094400 -0.220445
v -0.219005 -0.071804 -0.238633
v -0.223413 -0.053261 -0.260794
v -0.228442 -0.039482 -0.286078
v -0.233899 -0.030996 -0.313512
v -0.239574 -0.323486 -0.312953
v -0.239574 -0.315000 -0.284981
v -0.239574 -0.282678 -0.236607
v -0.239574 -0.234303 -0.204284
v -0.239574 -0.120179 -0.204284
v -0.239574 -0.071804 -0.236607
v -0.239574 -0.053261 -0.259202
v -0.239574 -0.039482 -0.284981
v -0.239574 -0.030996 -0.312953
v 0.325294 -0.301221 0.077558
v 0.325294 -0.260082 0.118697
v 0.325294 -0.206331 0.140961
v 0.325294 -0.177241 0.143827
v 0.325294 -0.148151 0.140961
v 0.325294 -0.094400 0.118697
v 0.319618 -0.323486 0.023248
v 0.314161 -0.315000 0.050682
v 0.309132 -0.301221 0.075966
v 0.304724 -0.282678 0.098127
v 0.301106 -0.260082 0.116315
v 0.298418 -0.234303 0.129829
v 0.296763 -0.206331 0.138151
v 0.296204 -0.177241 0.140961
v 0.296763 -0.148151 0.138151
v 0.298418 -0.120179 0.129829
v 0.301106 -0.094400 0.116315
v 0.304724 -0.071804 0.098127
v 0.309132 -0.053261 0.075966
v 0.314161 -0.039482 0.050682
v 0.319618 -0.030996 0.023248
v 0.314161 -0.323486 0.021592
v 0.303457 -0.315000 0.047435
v 0.293592 -0.301221 0.071252
v 0.284945 -0.282678 0.092127
v 0.277848 -0.260082 0.109260
v 0.272575 -0.234303 0.121990
v 0.269328 -0.206331 0.129829
v 0.268232 -0.177241 0.132476
v 0.269328 -0.148151 0.129829
v 0.272575 -0.120179 0.121990
v 0.277848 -0.094400 0.109260
v 0.284945 -0.071804 0.092127
v 0.293592 -0.053261 0.071252
v 0.303457 -0.039482 0.047435
v 0.314161 -0.030996 0.021592
v 0.309132 -0.323486 0.018904
v 0.293592 -0.315000 0.042162
v 0.279270 -0.301221 0.063597
v 0.266716 -0.282678 0.082384
v 0.256414 -0.260082 0.097803
v 0.248759 -0.234303 0.109260
v 0.244044 -0.206331 0.116315
v 0.242453 -0.177241 0.118697
v 0.244044 -0.148151 0.116315
v 0.248759 -0.120179 0.109260
v 0.256414 -0.094400 0.097803
v 0.266716 -0.071804 0.082384
v 0.279270 -0.053261 0.063597
v 0.293592 -0.039482 0.042162
v 0.309132 -0.030996 0.018904
v 0.304724 -0.323486 0.015286
v 0.284945 -0.315000 0.035066
v 0.266716 -0.301221 0.053294
v 0.250739 -0.282678 0.069272
v 0.237626 -0.260082 0.082384
v 0.227883 -0.234303 0.092127
v 0.221883 -0.206331 0.098127
v 0.219857 -0.177241 0.100153
v 0.221883 -0.148151 0.098127
v 0.227883 -0.120179 0.092127
v 0.237626 -0.094400 0.082384
v 0.250739 -0.071804 0.069272
v 0.266716 -0.053261 0.053294
v 0.284945 -0.039482 0.035066
v 0.304724 -0.030996 0.015286
v 0.301106 -0.323486 0.010878
v 0.277848 -0.315000 0.026419
v 0.256414 -0.301221 0.040741
v 0.237626 -0.282678 0.053294
v 0.222208 -0.260082 0.063597
v 0.210751 -0.234303 0.071252
v 0.203696 -0.206331 0.075966
v 0.201313 -0.177241 0.077558
v 0.203696 -0.148151 0.075966
v 0.210751 -0.120179 0.071252
v 0.222208 -0.094400 0.063597
v 0.237626 -0.071804 0.053294
v 0.256414 -0.053261 0.040741
v 0.277848 -0.039482 0.026419
v 0.301106 -0.030996 0.010878
v 0.325294 -0.326351 -0.005283
v 0.298418 -0.323486 0.005849
v 0.272575 -0.315000 0.016553
v 0.248759 -0.301221 0.026419
v 0.227883 -0.282678 0.035066
v 0.210751 -0.260082 0.042162
v 0.198021 -0.234303 0.047435
v 0.190181 -0.206331 0.050682
v 0.187534 -0.177241 0.051779
v 0.190181 -0.148151 0.050682
v 0.198021 -0.120179 0.047435
v 0.210751 -0.094400 0.042162
v 0.227883 -0.071804 0.035066
v 0.248759 -0.053261 0.026419
v 0.272575 -0.039482 0.016553
v 0.298418 -0.030996 0.005849
v 0.296763 -0.323486 0.000392
v 0.269328 -0.315000 0.005849
v 0.244044 -0.301221 0.010878
v 0.221883 -0.282678 0.015286
v 0.203696 -0.260082 0.018904
v 0.190181 -0.234303 0.021592
v 0.181859 -0.206331 0.023248
v 0.179049 -0.177241 0.023807
v 0.181859 -0.148151 0.023248
v 0.190181 -0.120179 0.021592
v 0.203696 -0.094400 0.018904
v 0.221883 -0.071804 0.015286
v 0.244044 -0.053261 0.010878
v 0.269328 -0.039482 0.005849
v 0.296763 -0.030996 0.000392
v 0.296204 -0.323486 -0.005283
v 0.268232 -0.315000 -0.005283
v 0.242453 -0.301221 -0.005283
v 0.219857 -0.282678 -0.005283
v 0.201313 -0.260082 -0.005283
v 0.187534 -0.234303 -0.005283
v 0.179049 -0.206331 -0.005283
v 0.176184 -0.177241 -0.005283
v 0.179049 -0.148151 -0.005283
v 0.187534 -0.120179 -0.005283
v 0.201313 -0.094400 -0.005283
v 0.219857 -0.071804 -0.005283
v 0.242453 -0.053261 -0.005283
v 0.268232 -0.039482 -0.005283
v 0.296204 -0.030996 -0.005283
v 0.296763 -0.323486 -0.010958
v 0.269328 -0.315000 -0.016415
v 0.244044 -0.301221 -0.021445
v 0.221883 -0.282678 -0.025853
v 0.203696 -0.260082 -0.029471
v 0.190181 -0.234303 -0.032159
v 0.181859 -0.206331 -0.033814
v 0.179049 -0.177241 -0.034373
v 0.181859 -0.148151 -0.033814
v 0.190181 -0.120179 -0.032159
v 0.203696 -0.094400 -0.029471
v 0.221883 -0.071804 -0.025853
v 0.244044 -0.053261 -0.021445
v 0.269328 -0.039482 -0.016415
v 0.296763 -0.030996 -0.010958
v 0.298418 -0.323486 -0.016415
v 0.272575 -0.315000 -0.027120
v 0.248759 -0.301221 -0.036985
v 0.227883 -0.282678 -0.045632
v 0.210751 -0.260082 -0.052728
v 0.198021 -0.234303 -0.058001
v 0.190181 -0.206331 -0.061249
v 0.187534 -0.177241 -0.062345
v 0.190181 -0.148151 -0.061249
v 0.198021 -0.120179 -0.058001
v 0.210751 -0.094400 -0.052728
v 0.227883 -0.071804 -0.045632
v 0.248759 -0.053261 -0.036985
v 0.272575 -0.039482 -0.027120
v 0.298418 -0.030996 -0.016415
v 0.301106 -0.323486 -0.021445
v 0.277848 -0.315000 -0.036985
v 0.256414 -0.301221 -0.051307
v 0.237626 -0.282678 -0.063861
v 0.222208 -0.260082 -0.074163
v 0.210751 -0.234303 -0.081818
v 0.203696 -0.206331 -0.086532
v 0.201313 -0.177241 -0.088124
v 0.203696 -0.148151 -0.086532
v 0.210751 -0.120179 -0.081818
v 0.222208 -0.094400 -0.074163
v 0.237626 -0.071804 -0.063861
v 0.256414 -0.053261 -0.051307
v 0.277848 -0.039482 -0.036985
v 0.301106 -0.030996 -0.021445
v 0.304724 -0.323486 -0.025853
v 0.284945 -0.315000 -0.045632
v 0.266716 -0.301221 -0.063861
v 0.250739 -0.282678 -0.079838
v 0.237626 -0.260082 -0.092950
v 0.227883 -0.234303 -0.102694
v 0.221883 -0.206331 -0.108694
v 0.219857 -0.177241 -0.110720
v 0.221883 -0.148151 -0.108694
v 0.227883 -0.120179 -0.102694
v 0.237626 -0.094400 -0.092950
v 0.250739 -0.071804 -0.079838
v 0.266716 -0.053261 -0.063861
v 0.284945 -0.039482 -0.045632
v 0.304724 -0.030996 -0.025853
v 0.309132 -0.323486 -0.029471
v 0.293592 -0.315000 -0.052728
v 0.279270 -0.301221 -0.074163
v 0.266716 -0.282678 -0.092950
v 0.256414 -0.260082 -0.108369
v 0.248759 -0.234303 -0.119826
v 0.244044 -0.206331 -0.126881
v 0.242453 -0.177241 -0.129263
v 0.244044 -0.148151 -0.126881
v 0.248759 -0.120179 -0.119826
v 0.256414 -0.094400 -0.108369
v 0.266716 -0.071804 -0.092950
v 0.279270 -0.053261 -0.074163
v 0.293592 -0.039482 -0.052728
v 0.309132 -0.030996 -0.029471
v 0.314161 -0.323486 -0.032159
v 0.303457 -0.315000 -0.058001
v 0.293592 -0.301221 -0.081818
v 0.284945 -0.282678 -0.102694
v 0.277848 -0.260082 -0.119826
v 0.272575 -0.234303 -0.132556
v 0.269328 -0.206331 -0.140396
v 0.268232 -0.177241 -0.143043
v 0.269328 -0.148151 -0.140396
v 0.272575 -0.120179 -0.132556
v 0.277848 -0.094400 -0.119826
v 0.284945 -0.071804 -0.102694
v 0.293592 -0.053261 -0.081818
v 0.303457 -0.039482 -0.058001
v 0.314161 -0.030996 -0.032159
v 0.319618 -0.323486 -0.033814
v 0.314161 -0.315000 -0.061249
v 0.309132 -0.301221 -0.086532
v 0.304724 -0.282678 -0.108694
v 0.301106 -0.260082 -0.126881
v 0.298418 -0.234303 -0.140396
v 0.296763 -0.206331 -0.148718
v 0.296204 -0.177241 -0.151528
v 0.296763 -0.148151 -0.148718
v 0.298418 -0.120179 -0.140396
v 0.301106 -0.094400 -0.126881
v 0.304724 -0.071804 -0.108694
v 0.309132 -0.053261 -0.086532
v 0.314161 -0.039482 -0.061249
v 0.319618 -0.030996 -0.033814
v 0.325294 -0.323486 -0.034373
v 0.325294 -0.315000 -0.062345
v 0.325294 -0.301221 -0.088124
v 0.325294 -0.282678 -0.110720
v 0.325294 -0.260082 -0.129263
v 0.325294 -0.234303 -0.143043
v 0.325294 -0.206331 -0.151528
v 0.325294 -0.177241 -0.154393
v 0.325294 -0.148151 -0.151528
v 0.325294 -0.120179 -0.143043
v 0.325294 -0.094400 -0.129263
v 0.325294 -0.071804 -0.110720
v 0.325294 -0.053261 -0.088124
v 0.325294 -0.039482 -0.062345
v 0.325294 -0.030996 -0.034373
v 0.330969 -0.323486 -0.033814
v 0.336426 -0.315000 -0.061249
v 0.341455 -0.301221 -0.086532
v 0.345863 -0.282678 -0.108694
v 0.349481 -0.260082 -0.126881
v 0.352169 -0.234303 -0.140396
v 0.353825 -0.206331 -0.148718
v 0.354384 -0.177241 -0.151528
v 0.353825 -0.148151 -0.148718
v 0.352169 -0.120179 -0.140396
v 0.349481 -0.094400 -0.126881
v 0.345863 -0.071804 -0.108694
v 0.341455 -0.053261 -0.086532
v 0.336426 -0.039482 -0.061249
v 0.330969 -0.030996 -0.033814
v 0.336426 -0.323486 -0.032159
v 0.347130 -0.315000 -0.058001
v 0.356995 -0.301221 -0.081818
v 0.365642 -0.282678 -0.102694
v 0.372739 -0.260082 -0.119826
v 0.378012 -0.234303 -0.132556
v 0.381259 -0.206331 -0.140396
v 0.382355 -0.177241 -0.143043
v 0.381259 -0.148151 -0.140396
v 0.378012 -0.120179 -0.132556
v 0.372739 -0.094400 -0.119826
v 0.365642 -0.071804 -0.102694
v 0.356995 -0.053261 -0.081818
v 0.347130 -0.039482 -0.058001
v 0.336426 -0.030996 -0.032159
v 0.341455 -0.323486 -0.029471
v 0.356995 -0.315000 -0.052728
v 0.371318 -0.301221 -0.074163
v 0.383871 -0.282678 -0.092950
v 0.394173 -0.260082 -0.108369
v 0.401829 -0.234303 -0.119826
v 0.406543 -0.206331 -0.126881
v 0.408135 -0.177241 -0.129263
v 0.406543 -0.148151 -0.126881
v 0.401829 -0.120179 -0.119826
v 0.394173 -0.094400 -0.108369
v 0.383871 -0.071804 -0.092950
v 0.371318 -0.053261 -0.074163
v 0.356995 -0.039482 -0.052728
v 0.341455 -0.030996 -0.029471
v 0.345863 -0.323486 -0.025853
v 0.365642 -0.315000 -0.045632
v 0.383871 -0.301221 -0.063861
v 0.399849 -0.282678 -0.079838
v 0.412961 -0.260082 -0.092950
v 0.422704 -0.234303 -0.102694
v 0.428704 -0.206331 -0.108694
v 0.430730 -0.177241 -0.110720
v 0.428704 -0.148151 -0.108694
v 0.422704 -0.120179 -0.102694
v 0.412961 -0.094400 -0.092950
v 0.399849 -0.071804 -0.079838
v 0.383871 -0.053261 -0.063861
v 0.365642 -0.039482 -0.045632
v 0.345863 -0.030996 -0.025853
v 0.325294 -0.028131 -0.005283
v 0.349481 -0.323486 -0.021445
v 0.372739 -0.315000 -0.036985
v 0.394173 -0.301221 -0.051307
v 0.412961 -0.282678 -0.063861
v 0.428379 -0.260082 -0.074163
v 0.439836 -0.234303 -0.081818
v 0.446892 -0.206331 -0.086532
v 0.449274 -0.177241 -0.088124
v 0.446892 -0.148151 -0.086532
v 0.439836 -0.120179 -0.081818
v 0.428379 -0.094400 -0.074163
v 0.412961 -0.071804 -0.063861
v 0.394173 -0.053261 -0.051307
v 0.372739 -0.039482 -0.036985
v 0.349481 -0.030996 -0.021445
v 0.352169 -0.323486 -0.016415
v 0.378012 -0.315000 -0.027120
v 0.401829 -0.301221 -0.036985
v 0.422704 -0.282678 -0.045632
v 0.439836 -0.260082 -0.052728
v 0.452567 -0.234303 -0.058001
v 0.460406 -0.206331 -0.061249
v 0.463053 -0.177241 -0.062345
v 0.460406 -0.148151 -0.061249
v 0.452567 -0.120179 -0.058001
v 0.439836 -0.094400 -0.052728
v 0.422704 -0.071804 -0.045632
v 0.401829 -0.053261 -0.036985
v 0.378012 -0.039482 -0.027120
v 0.352169 -0.030996 -0.016415
v 0.353825 -0.323486 -0.010958
v 0.381259 -0.315000 -0.016415
v 0.406543 -0.301221 -0.021445
v 0.428704 -0.282678 -0.025853
v 0.446892 -0.260082 -0.029470
v 0.460406 -0.234303 -0.032159
v 0.468728 -0.206331 -0.033814
v 0.471538 -0.177241 -0.034373
v 0.468728 -0.148151 -0.033814
v 0.460406 -0.120179 -0.032159
v 0.446892 -0.094400 -0.029470
v 0.428704 -0.071804 -0.025853
v 0.406543 -0.053261 -0.021445
v 0.381259 -0.039482 -0.016415
v 0.353825 -0.030996 -0.010958
v 0.354383 -0.323486 -0.005283
v 0.382355 -0.315000 -0.005283
v 0.408134 -0.301221 -0.005283
v 0.430730 -0.282678 -0.005283
v 0.449274 -0.260082 -0.005283
v 0.463053 -0.234303 -0.005283
v 0.471538 -0.206331 -0.005283
v 0.474403 -0.177241 -0.005283
v 0.471538 -0.148151 -0.005283
v 0.463053 -0.120179 -0.005283
v 0.449274 -0.094400 -0.005283
v 0.430730 -0.071804 -0.005283
v 0.408134 -0.053261 -0.005283
v 0.382355 -0.039482 -0.005283
v 0.354383 -0.030996 -0.005283
v 0.353825 -0.323486 0.000392
v 0.381259 -0.315000 0.005849
v 0.406543 -0.301221 0.010878
v 0.428704 -0.282678 0.015286
v 0.446892 -0.260082 0.018904
v 0.460406 -0.234303 0.021592
v 0.468728 -0.206331 0.023248
v 0.471538 -0.177241 0.023807
v 0.468728 -0.148151 0.023248
v 0.460406 -0.120179 0.021592
v 0.446892 -0.094400 0.018904
v 0.428704 -0.071804 0.015286
v 0.406543 -0.053261 0.010878
v 0.381259 -0.039482 0.005849
v 0.353825 -0.030996 0.000392
v 0.352169 -0.323486 0.005849
v 0.378012 -0.315000 0.016553
v 0.401829 -0.301221 0.026419
v 0.422704 -0.282678 0.035066
v 0.439836 -0.260082 0.042162
v 0.452567 -0.234303 0.047435
v 0.460406 -0.206331 0.050682
v 0.463053 -0.177241 0.051779
v 0.460406 -0.148151 0.050682
v 0.452567 -0.120179 0.047435
v 0.439836 -0.094400 0.042162
v 0.422704 -0.071804 0.035066
v 0.401829 -0.053261 0.026419
v 0.378012 -0.039482 0.016553
v 0.352169 -0.030996 0.005849
v 0.349481 -0.323486 0.010878
v 0.372739 -0.315000 0.026419
v 0.394173 -0.301221 0.040741
v 0.412961 -0.282678 0.053294
v 0.428379 -0.260082 0.063597
v 0.439836 -0.234303 0.071252
v 0.446892 -0.206331 0.075966
v 0.449274 -0.177241 0.077558
v 0.446892 -0.148151 0.075966
v 0.439836 -0.120179 0.071252
v 0.428379 -0.094400 0.063597
v 0.412961 -0.071804 0.053294
v 0.394173 -0.053261 0.040741
v 0.372739 -0.039482 0.026419
v 0.349481 -0.030996 0.010878
v 0.345863 -0.323486 0.015286
v 0.365642 -0.315000 0.035066
v 0.383871 -0.301221 0.053294
v 0.399848 -0.282678 0.069272
v 0.412961 -0.260082 0.082384
v 0.422704 -0.234303 0.092127
v 0.428704 -0.206331 0.098127
v 0.430730 -0.177241 0.100153
v 0.428704 -0.148151 0.098127
v 0.422704 -0.120179 0.092127
v 0.412961 -0.094400 0.082384
v 0.399848 -0.071804 0.069272
v 0.383871 -0.053261 0.053294
v 0.365642 -0.039482 0.035066
v 0.345863 -0.030996 0.015286
v 0.341455 -0.323486 0.018904
v 0.356995 -0.315000 0.042162
v 0.371318 -0.301221 0.063596
v 0.383871 -0.282678 0.082384
v 0.394173 -0.260082 0.097803
v 0.401829 -0.234303 0.109260
v 0.406543 -0.206331 0.116315
v 0.408134 -0.177241 0.118697
v 0.406543 -0.148151 0.116315
v 0.401829 -0.120179 0.109260
v 0.394173 -0.094400 0.097803
v 0.383871 -0.071804 0.082384
v 0.371318 -0.053261 0.063596
v 0.356995 -0.039482 0.042162
v 0.341455 -0.030996 0.018904
v 0.336426 -0.323486 0.021592
v 0.347130 -0.315000 0.047435
v 0.356995 -0.301221 0.071252
v 0.365642 -0.282678 0.092127
v 0.372739 -0.260082 0.109260
v 0.378012 -0.234303 0.121990
v 0.381259 -0.206331 0.129829
v 0.382355 -0.177241 0.132476
v 0.381259 -0.148151 0.129829
v 0.378012 -0.120179 0.121990
v 0.372739 -0.094400 0.109260
v 0.365642 -0.071804 0.092127
v 0.356995 -0.053261 0.071252
v 0.347130 -0.039482 0.047435
v 0.336426 -0.030996 0.021592
v 0.330969 -0.323486 0.023248
v 0.336426 -0.315000 0.050682
v 0.341455 -0.301221 0.075966
v 0.345863 -0.282678 0.098127
v 0.349481 -0.260082 0.116315
v 0.352169 -0.234303 0.129829
v 0.353824 -0.206331 0.138151
v 0.354383 -0.177241 0.140961
v 0.353824 -0.148151 0.138151
v 0.352169 -0.120179 0.129829
v 0.349481 -0.094400 0.116315
v 0.345863 -0.071804 0.098127
v 0.341455 -0.053261 0.075966
v 0.336426 -0.039482 0.050682
v 0.330969 -0.030996 0.023248
v 0.325294 -0.323486 0.023807
v 0.325294 -0.315000 0.051779
v 0.325294 -0.282678 0.100153
v 0.325294 -0.234303 0.132476
v 0.325294 -0.120179 0.132476
v 0.325294 -0.071804 0.100153
v 0.325294 -0.053261 0.077558
v 0.325294 -0.039482 0.051779
v 0.325294 -0.030996 0.023807
v -0.502384 -0.184942 0.502384
v -0.502384 0.061009 0.502384
v -0.502384 -0.184942 -0.502384
v -0.502384 0.061009 -0.502384
v 0.502384 -0.184942 0.502384
v 0.502384 0.061009 0.502384
v 0.502384 -0.184942 -0.502384
v 0.502384 0.061009 -0.502384
vn 0.0097 0.9951 -0.0980
vn 0.0975 -0.0976 -0.9904
vn 0.0286 0.9565 -0.2902
vn 0.0938 -0.2890 -0.9527
vn 0.0464 0.8810 -0.4709
vn 0.0865 -0.4696 -0.8786
vn 0.0624 0.7715 -0.6332
vn 0.0759 -0.6326 -0.7708
vn 0.0759 0.6326 -0.7708
vn 0.0865 0.4696 -0.8786
vn 0.0938 0.2890 -0.9527
vn 0.0975 0.0975 -0.9904
vn 0.2779 0.2890 -0.9161
vn 0.2889 0.0976 -0.9524
vn 0.0286 0.9951 -0.0942
vn 0.2889 -0.0976 -0.9524
vn 0.0846 0.9565 -0.2790
vn 0.2779 -0.2890 -0.9161
vn 0.1374 0.8810 -0.4528
vn 0.2563 -0.4696 -0.8448
vn 0.1847 0.7715 -0.6088
vn 0.2248 -0.6326 -0.7412
vn 0.2248 0.6326 -0.7412
vn 0.2563 0.4696 -0.8448
vn 0.4162 -0.4696 -0.7786
vn 0.2999 0.7715 -0.5611
vn 0.3651 -0.6326 -0.6831
vn 0.3651 0.6326 -0.6831
vn 0.4162 0.4696 -0.7786
vn 0.4513 0.2890 -0.8443
vn 0.4691 0.0975 -0.8777
vn 0.0464 0.9951 -0.0869
vn 0.4691 -0.0975 -0.8777
vn 0.1374 0.9565 -0.2571
vn 0.4513 -0.2890 -0.8443
vn 0.2231 0.8810 -0.4173
vn 0.6314 0.0975 -0.7693
vn 0.0625 0.9951 -0.0761
vn 0.6314 -0.0975 -0.7693
vn 0.1850 0.9565 -0.2254
vn 0.6073 -0.2890 -0.7400
vn 0.3002 0.8810 -0.3658
vn 0.5601 -0.4696 -0.6825
vn 0.4036 0.7715 -0.4918
vn 0.4913 -0.6326 -0.5987
vn 0.4913 0.6326 -0.5987
vn 0.5601 0.4696 -0.6825
vn 0.6073 0.2890 -0.7400
vn 0.5987 -0.6326 -0.4913
vn 0.5987 0.6326 -0.4913
vn 0.6825 0.4696 -0.5601
vn 0.7400 0.2890 -0.6073
vn 0.7693 0.0975 -0.6314
vn 0.0761 0.9951 -0.0625
vn 0.7693 -0.0975 -0.6314
vn 0.2254 0.9565 -0.1850
vn 0.7400 -0.2890 -0.6073
vn 0.3658 0.8810 -0.3002
vn 0.6825 -0.4696 -0.5601
vn 0.4918 0.7715 -0.4036
vn 0.0869 0.9951 -0.0464
vn 0.8777 -0.0975 -0.4691
vn 0.2571 0.9565 -0.1374
vn 0.8443 -0.2890 -0.4513
vn 0.4173 0.8810 -0.2230
vn 0.7786 -0.4696 -0.4162
vn 0.5611 0.7715 -0.2999
vn 0.6831 -0.6326 -0.3651
vn 0.6831 0.6326 -0.3651
vn 0.7786 0.4696 -0.4162
vn 0.8443 0.2890 -0.4513
vn 0.8777 0.0975 -0.4691
vn 0.7412 0.6326 -0.2248
vn 0.8448 0.4696 -0.2563
vn 0.9161 0.2890 -0.2779
vn 0.9524 0.0975 -0.2889
vn 0.0942 0.9951 -0.0286
vn 0.9524 -0.0975 -0.2889
vn 0.2790 0.9565 -0.0846
vn 0.9161 -0.2890 -0.2779
vn 0.4528 0.8810 -0.1374
vn 0.8448 -0.4696 -0.2563
vn 0.6088 0.7715 -0.1847
vn 0.7412 -0.6326 -0.2248
vn 0.9904 -0.0975 -0.0975
vn 0.2902 0.9565 -0.0286
vn 0.9527 -0.2890 -0.0938
vn 0.4709 0.8810 -0.0464
vn 0.8786 -0.4696 -0.0865
vn 0.6332 0.7715 -0.0624
vn 0.7708 -0.6326 -0.0759
vn 0.7708 0.6326 -0.0759
vn 0.8786 0.4696 -0.0865
vn 0.9527 0.2890 -0.0938
vn 0.9904 0.0975 -0.0975
vn 0.0980 0.9951 -0.0097
vn 0.8786 0.4696 0.0865
vn 0.9527 0.2890 0.0938
vn 0.9904 0.0975 0.0976
vn 0.0980 0.9951 0.0097
vn 0.9904 -0.0975 0.0976
vn 0.2902 0.9565 0.0286
vn 0.9527 -0.2890 0.0938
vn 0.4709 0.8810 0.0464
vn 0.8786 -0.4696 0.0865
vn 0.6332 0.7715 0.0624
vn 0.7708 -0.6326 0.0759
vn 0.7708 0.6326 0.0759
vn 0.2790 0.9565 0.0846
vn 0.9161 -0.2890 0.2779
vn 0.4528 0.8810 0.1374
vn 0.8448 -0.4696 0.2563
vn 0.6088 0.7715 0.1847
vn 0.7412 -0.6326 0.2248
vn 0.7412 0.6326 0.2248
vn 0.8448 0.4696 0.2563
vn 0.9161 0.2890 0.2779
vn 0.9524 0.0975 0.2889
vn 0.0942 0.9951 0.0286
vn 0.9524 -0.0975 0.2889
vn 0.7786 0.4696 0.4162
vn 0.8443 0.2890 0.4513
vn 0.8777 0.0975 0.4691
vn 0.0869 0.9951 0.0464
vn 0.8777 -0.0975 0.4691
vn 0.2571 0.9565 0.1374
vn 0.8443 -0.2890 0.4513
vn 0.4173 0.8810 0.2230
vn 0.7786 -0.4696 0.4162
vn 0.5611 0.7715 0.2999
vn 0.6831 -0.6326 0.3651
vn 0.6831 0.6326 0.3651
vn 0.7400 -0.2890 0.6073
vn 0.3658 0.8810 0.3002
vn 0.6825 -0.4696 0.5601
vn 0.4918 0.7715 0.4036
vn 0.5987 -0.6326 0.4913
vn 0.5987 0.6326 0.4913
vn 0.6825 0.4696 0.5601
vn 0.7400 0.2890 0.6073
vn 0.7693 0.0975 0.6314
vn 0.0761 0.9951 0.0625
vn 0.7693 -0.0975 0.6314
vn 0.2254 0.9565 0.1850
vn 0.6073 0.2890 0.7400
vn 0.6314 0.0975 0.7693
vn 0.0625 0.9951 0.0761
vn 0.6314 -0.0975 0.7693
vn 0.1850 0.9565 0.2254
vn 0.6073 -0.2890 0.7400
vn 0.3002 0.8810 0.3658
vn 0.5601 -0.4696 0.6825
vn 0.4036 0.7715 0.4918
vn 0.4913 -0.6326 0.5987
vn 0.4913 0.6326 0.5987
vn 0.5601 0.4696 0.6825
vn 0.4162 -0.4696 0.7786
vn 0.2999 0.7715 0.5611
vn 0.3651 -0.6326 0.6831
vn 0.3651 0.6326 0.6831
vn 0.4162 0.4696 0.7786
vn 0.4513 0.2890 0.8443
vn 0.4691 0.0975 0.8777
vn 0.0464 0.9951 0.0869
vn 0.4691 -0.0975 0.8777
vn 0.1374 0.9565 0.2571
vn 0.4513 -0.2890 0.8443
vn 0.2230 0.8810 0.4173
vn 0.2889 0.0975 0.9524
vn 0.0286 0.9951 0.0942
vn 0.2889 -0.0975 0.9524
vn 0.0846 0.9565 0.2790
vn 0.2779 -0.2890 0.9161
vn 0.1374 0.8810 0.4528
vn 0.2563 -0.4696 0.8448
vn 0.1847 0.7715 0.6088
vn 0.2248 -0.6326 0.7412
vn 0.2248 0.6326 0.7412
vn 0.2563 0.4696 0.8448
vn 0.2779 0.2890 0.9161
vn 0.0624 0.7715 0.6332
vn 0.0759 -0.6326 0.7708
vn 0.0759 0.6326 0.7708
vn 0.0865 0.4696 0.8786
vn 0.0938 0.2890 0.9527
vn 0.0975 0.0975 0.9904
vn 0.0097 0.9951 0.0980
vn 0.0975 -0.0975 0.9904
vn 0.0286 0.9565 0.2902
vn 0.0938 -0.2890 0.9527
vn 0.0464 0.8810 0.4709
vn 0.0865 -0.4696 0.8786
vn -0.0976 0.0975 0.9904
vn -0.0097 0.9951 0.0980
vn -0.0975 -0.0975 0.9904
vn -0.0286 0.9565 0.2902
vn -0.0938 -0.2890 0.9527
vn -0.0464 0.8810 0.4709
vn -0.0865 -0.4696 0.8786
vn -0.0624 0.7715 0.6332
vn -0.0759 -0.6326 0.7708
vn -0.0759 0.6326 0.7708
vn -0.0865 0.4696 0.8786
vn -0.0938 0.2890 0.9527
vn -0.2248 -0.6326 0.7412
vn -0.2248 0.6326 0.7412
vn -0.2563 0.4696 0.8448
vn -0.2779 0.2890 0.9161
vn -0.2889 0.0975 0.9524
vn -0.0286 0.9951 0.0942
vn -0.2889 -0.0975 0.9524
vn -0.0846 0.9565 0.2790
vn -0.2779 -0.2890 0.9161
vn -0.1374 0.8810 0.4528
vn -0.2563 -0.4696 0.8448
vn -0.1847 0.7715 0.6088
vn -0.0464 0.9951 0.0869
vn -0.4691 -0.0975 0.8777
vn -0.1374 0.9565 0.2571
vn -0.4513 -0.2890 0.8443
vn -0.2230 0.8810 0.4173
vn -0.4162 -0.4696 0.7786
vn -0.2999 0.7715 0.5611
vn -0.3651 -0.6326 0.6831
vn -0.3651 0.6326 0.6831
vn -0.4162 0.4696 0.7786
vn -0.4513 0.2890 0.8443
vn -0.4691 0.0975 0.8777
vn -0.4913 0.6326 0.5987
vn -0.5601 0.4696 0.6825
vn -0.6073 0.2890 0.7400
vn -0.6314 0.0975 0.7693
vn -0.0625 0.9951 0.0761
vn -0.6314 -0.0975 0.7693
vn -0.1850 0.9565 0.2254
vn -0.6073 -0.2890 0.7400
vn -0.3002 0.8810 0.3658
vn -0.5601 -0.4696 0.6825
vn -0.4036 0.7715 0.4918
vn -0.4913 -0.6326 0.5987
vn -0.7693 -0.0975 0.6314
vn -0.2254 0.9565 0.1850
vn -0.7400 -0.2890 0.6073
vn -0.3658 0.8810 0.3002
vn -0.6825 -0.4696 0.5601
vn -0.4918 0.7715 0.4036
vn -0.5987 -0.6326 0.4913
vn -0.5987 0.6326 0.4913
vn -0.6825 0.4696 0.5601
vn -0.7400 0.2890 0.6073
vn -0.7693 0.0975 0.6314
vn -0.0761 0.9951 0.0625
vn -0.7786 0.4696 0.4162
vn -0.8443 0.2890 0.4513
vn -0.8777 0.0975 0.4691
vn -0.0869 0.9951 0.0464
vn -0.8777 -0.0975 0.4691
vn -0.2571 0.9565 0.1374
vn -0.8443 -0.2890 0.4513
vn -0.4173 0.8810 0.2230
vn -0.7786 -0.4696 0.4162
vn -0.5611 0.7715 0.2999
vn -0.6831 -0.6326 0.3651
vn -0.6831 0.6326 0.3651
vn -0.9161 -0.2890 0.2779
vn -0.4528 0.8810 0.1374
vn -0.8448 -0.4696 0.2563
vn -0.6088 0.7715 0.1847
vn -0.7412 -0.6326 0.2248
vn -0.7412 0.6326 0.2248
vn -0.8448 0.4696 0.2563
vn -0.9161 0.2890 0.2779
vn -0.9524 0.0975 0.2889
vn -0.0942 0.9951 0.0286
vn -0.9524 -0.0975 0.2889
vn -0.2790 0.9565 0.0846
vn -0.9527 0.2890 0.0938
vn -0.9904 0.0975 0.0975
vn -0.0980 0.9951 0.0097
vn -0.9904 -0.0975 0.0976
vn -0.2902 0.9565 0.0286
vn -0.9527 -0.2890 0.0938
vn -0.4709 0.8810 0.0464
vn -0.8786 -0.4696 0.0865
vn -0.6332 0.7715 0.0624
vn -0.7708 -0.6326 0.0759
vn -0.7708 0.6326 0.0759
vn -0.8786 0.4696 0.0865
vn -0.4709 0.8810 -0.0464
vn -0.8786 -0.4696 -0.0865
vn -0.6332 0.7715 -0.0624
vn -0.7708 -0.6326 -0.0759
vn -0.7708 0.6326 -0.0759
vn -0.8786 0.4696 -0.0865
vn -0.9527 0.2890 -0.0938
vn -0.9904 0.0975 -0.0975
vn -0.0980 0.9951 -0.0097
vn -0.9904 -0.0975 -0.0976
vn -0.2902 0.9565 -0.0286
vn -0.9527 -0.2890 -0.0938
vn -0.9161 0.2890 -0.2779
vn -0.9524 0.0975 -0.2889
vn -0.0942 0.9951 -0.0286
vn -0.9524 -0.0975 -0.2889
vn -0.2790 0.9565 -0.0846
vn -0.9161 -0.2890 -0.2779
vn -0.4528 0.8810 -0.1374
vn -0.8448 -0.4696 -0.2563
vn -0.6088 0.7715 -0.1847
vn -0.7412 -0.6326 -0.2248
vn -0.7412 0.6326 -0.2248
vn -0.8448 0.4696 -0.2563
vn -0.7786 -0.4696 -0.4162
vn -0.5611 0.7715 -0.2999
vn -0.6831 -0.6326 -0.3651
vn -0.6831 0.6326 -0.3651
vn -0.7786 0.4696 -0.4162
vn -0.8443 0.2890 -0.4513
vn -0.8777 0.0975 -0.4691
vn -0.0869 0.9951 -0.0464
vn -0.8777 -0.0975 -0.4691
vn -0.2571 0.9565 -0.1374
vn -0.8443 -0.2890 -0.4513
vn -0.4173 0.8810 -0.2231
vn -0.7693 0.0975 -0.6314
vn -0.0761 0.9951 -0.0625
vn -0.7693 -0.0975 -0.6314
vn -0.2254 0.9565 -0.1850
vn -0.7400 -0.2890 -0.6073
vn -0.3658 0.8810 -0.3002
vn -0.6825 -0.4696 -0.5601
vn -0.4918 0.7715 -0.4036
vn -0.5987 -0.6326 -0.4913
vn -0.5987 0.6326 -0.4913
vn -0.6825 0.4696 -0.5601
vn -0.7400 0.2890 -0.6073
vn -0.4036 0.7715 -0.4918
vn -0.4913 -0.6326 -0.5987
vn -0.4913 0.6326 -0.5987
vn -0.5601 0.4696 -0.6825
vn -0.6073 0.2890 -0.7400
vn -0.6314 0.0975 -0.7693
vn -0.0625 0.9951 -0.0761
vn -0.6314 -0.0975 -0.7693
vn -0.1850 0.9565 -0.2254
vn -0.6073 -0.2890 -0.7400
vn -0.3002 0.8810 -0.3658
vn -0.5601 -0.4696 -0.6825
vn -0.4691 0.0975 -0.8777
vn -0.0464 0.9951 -0.0869
vn -0.4691 -0.0975 -0.8777
vn -0.1374 0.9565 -0.2571
vn -0.4513 -0.2890 -0.8443
vn -0.2230 0.8810 -0.4173
vn -0.4162 -0.4696 -0.7786
vn -0.2999 0.7715 -0.5611
vn -0.3651 -0.6326 -0.6831
vn -0.3651 0.6326 -0.6831
vn -0.4162 0.4696 -0.7786
vn -0.4513 0.2890 -0.8443
vn -0.2248 -0.6326 -0.7412
vn -0.2248 0.6326 -0.7412
vn -0.2563 0.4696 -0.8448
vn -0.2779 0.2890 -0.9161
vn -0.2889 0.0975 -0.9524
vn -0.0286 0.9951 -0.0942
vn -0.2889 -0.0975 -0.9524
vn -0.0846 0.9565 -0.2790
vn -0.2779 -0.2890 -0.9161
vn -0.1374 0.8810 -0.4528
vn -0.2563 -0.4696 -0.8448
vn -0.1847 0.7715 -0.6088
vn -0.0097 0.9951 -0.0980
vn -0.0938 0.2890 -0.9527
vn 0.0097 -0.9951 -0.0980
vn 0.0975 -0.0975 -0.9904
vn 0.0624 -0.7715 -0.6332
vn 0.0464 -0.8810 -0.4709
vn 0.0286 -0.9565 -0.2902
vn 0.0975 0.0976 -0.9904
vn 0.0846 -0.9565 -0.2790
vn 0.2889 0.0975 -0.9524
vn 0.0286 -0.9951 -0.0942
vn 0.2889 -0.0975 -0.9524
vn 0.1847 -0.7715 -0.6088
vn 0.1374 -0.8810 -0.4528
vn 0.2999 -0.7715 -0.5611
vn 0.2230 -0.8810 -0.4173
vn 0.1374 -0.9565 -0.2571
vn 0.0464 -0.9951 -0.0869
vn 0.2230 0.8810 -0.4173
vn 0.0625 -0.9951 -0.0761
vn 0.4036 -0.7715 -0.4918
vn 0.3002 -0.8810 -0.3658
vn 0.1850 -0.9565 -0.2254
vn 0.4918 -0.7715 -0.4036
vn 0.3658 -0.8810 -0.3002
vn 0.2254 -0.9566 -0.1850
vn 0.0761 -0.9951 -0.0625
vn 0.0869 -0.9951 -0.0464
vn 0.5611 -0.7715 -0.2999
vn 0.4173 -0.8810 -0.2230
vn 0.2571 -0.9565 -0.1374
vn 0.6088 -0.7715 -0.1847
vn 0.4528 -0.8810 -0.1374
vn 0.2790 -0.9565 -0.0846
vn 0.0942 -0.9951 -0.0286
vn 0.6332 -0.7715 -0.0624
vn 0.4709 -0.8810 -0.0464
vn 0.2902 -0.9565 -0.0286
vn 0.0980 -0.9951 -0.0097
vn 0.6332 -0.7715 0.0624
vn 0.4709 -0.8810 0.0464
vn 0.2902 -0.9566 0.0286
vn 0.9904 0.0975 0.0975
vn 0.0980 -0.9951 0.0097
vn 0.9904 -0.0975 0.0975
vn 0.8449 -0.4696 0.2563
vn 0.6088 -0.7715 0.1847
vn 0.4528 -0.8810 0.1374
vn 0.2790 -0.9565 0.0846
vn 0.0942 -0.9951 0.0286
vn 0.4173 -0.8810 0.2230
vn 0.2571 -0.9566 0.1374
vn 0.8777 0.0975 0.4692
vn 0.0869 -0.9951 0.0464
vn 0.8777 -0.0975 0.4692
vn 0.2571 0.9566 0.1374
vn 0.5611 -0.7715 0.2999
vn 0.4918 -0.7715 0.4036
vn 0.3658 -0.8810 0.3002
vn 0.2254 -0.9566 0.1850
vn 0.0761 -0.9951 0.0625
vn 0.1850 -0.9566 0.2254
vn 0.0625 -0.9951 0.0761
vn 0.4036 -0.7715 0.4918
vn 0.3002 -0.8810 0.3658
vn 0.2999 -0.7715 0.5611
vn 0.2230 -0.8810 0.4173
vn 0.1374 -0.9565 0.2571
vn 0.0464 -0.9951 0.0869
vn 0.1374 0.9566 0.2571
vn 0.2231 0.8810 0.4173
vn 0.0846 -0.9565 0.2790
vn 0.0286 -0.9951 0.0942
vn 0.1847 -0.7715 0.6088
vn 0.1374 -0.8810 0.4528
vn 0.0624 -0.7715 0.6332
vn 0.0464 -0.8810 0.4709
vn 0.0286 -0.9566 0.2902
vn 0.0097 -0.9951 0.0980
vn -0.0975 0.0975 0.9904
vn -0.0097 -0.9951 0.0980
vn -0.0976 -0.0975 0.9904
vn -0.0624 -0.7715 0.6332
vn -0.0464 -0.8810 0.4709
vn -0.0286 -0.9566 0.2902
vn -0.1847 -0.7715 0.6088
vn -0.1374 -0.8810 0.4528
vn -0.0846 -0.9565 0.2790
vn -0.0286 -0.9951 0.0942
vn -0.0464 -0.9951 0.0869
vn -0.2231 0.8810 0.4173
vn -0.2999 -0.7715 0.5611
vn -0.2230 -0.8810 0.4173
vn -0.1374 -0.9565 0.2571
vn -0.4036 -0.7715 0.4918
vn -0.3002 -0.8810 0.3658
vn -0.1850 -0.9565 0.2254
vn -0.0625 -0.9951 0.0761
vn -0.4918 -0.7715 0.4036
vn -0.3658 -0.8810 0.3002
vn -0.2254 -0.9565 0.1850
vn -0.0761 -0.9951 0.0625
vn -0.4173 -0.8810 0.2230
vn -0.2571 -0.9565 0.1374
vn -0.0869 -0.9951 0.0464
vn -0.4173 0.8810 0.2231
vn -0.5611 -0.7715 0.2999
vn -0.6088 -0.7715 0.1847
vn -0.4528 -0.8810 0.1374
vn -0.2790 -0.9566 0.0846
vn -0.0942 -0.9951 0.0286
vn -0.4709 -0.8810 0.0464
vn -0.2902 -0.9566 0.0286
vn -0.0980 -0.9951 0.0097
vn -0.9904 -0.0975 0.0975
vn -0.6332 -0.7715 0.0624
vn -0.6332 -0.7715 -0.0624
vn -0.4709 -0.8810 -0.0464
vn -0.2902 -0.9566 -0.0286
vn -0.0980 -0.9951 -0.0097
vn -0.9904 -0.0975 -0.0975
vn -0.2790 -0.9565 -0.0846
vn -0.0942 -0.9951 -0.0286
vn -0.6088 -0.7715 -0.1847
vn -0.4528 -0.8810 -0.1374
vn -0.5611 -0.7715 -0.2999
vn -0.4173 -0.8810 -0.2231
vn -0.2571 -0.9565 -0.1374
vn -0.0869 -0.9951 -0.0464
vn -0.2254 -0.9565 -0.1850
vn -0.0761 -0.9951 -0.0625
vn -0.4918 -0.7715 -0.4036
vn -0.3658 -0.8810 -0.3002
vn -0.4036 -0.7715 -0.4918
vn -0.3002 -0.8810 -0.3658
vn -0.1850 -0.9566 -0.2254
vn -0.0625 -0.9951 -0.0761
vn -0.0464 -0.9951 -0.0869
vn -0.2231 0.8810 -0.4173
vn -0.2999 -0.7715 -0.5611
vn -0.2231 -0.8810 -0.4173
vn -0.1374 -0.9565 -0.2571
vn -0.1847 -0.7715 -0.6088
vn -0.1374 -0.8810 -0.4528
vn -0.0846 -0.9565 -0.2790
vn -0.0286 -0.9951 -0.0942
vn -0.0976 -0.0975 -0.9904
vn -0.0286 0.9565 -0.2902
vn -0.0938 -0.2890 -0.9527
vn -0.0464 0.8810 -0.4709
vn -0.0865 -0.4696 -0.8786
vn -0.0624 0.7715 -0.6332
vn -0.0759 -0.6326 -0.7708
vn -0.0759 0.6326 -0.7708
vn -0.0624 -0.7715 -0.6332
vn -0.0865 0.4696 -0.8786
vn -0.0464 -0.8810 -0.4709
vn -0.0286 -0.9566 -0.2902
vn -0.0976 0.0975 -0.9904
vn -0.0097 -0.9951 -0.0980
vn 0.0286 -0.9566 -0.2902
vn 0.2231 -0.8810 -0.4173
vn 0.9904 -0.0975 -0.0976
vn 0.2902 -0.9566 -0.0286
vn 0.9904 0.0975 -0.0976
vn 0.2902 -0.9565 0.0286
vn 0.2790 -0.9566 0.0846
vn 0.4173 -0.8810 0.2231
vn 0.2571 -0.9565 0.1374
vn 0.1850 -0.9565 0.2254
vn 0.0975 -0.0976 0.9904
vn -0.0975 -0.0976 0.9904
vn -0.0286 -0.9565 0.2902
vn -0.0846 0.9566 0.2790
vn -0.4692 0.0975 0.8777
vn -0.4173 -0.8810 0.2231
vn -0.2571 -0.9566 0.1374
vn -0.4173 -0.8810 -0.2230
vn -0.2230 -0.8810 -0.4173
vn -0.0286 -0.9565 -0.2902
vn 0.0096 0.9951 -0.0980
vn 0.2254 -0.9565 -0.1850
vn 0.2254 0.9566 -0.1850
vn 0.4173 -0.8810 -0.2231
vn 0.2790 -0.9566 -0.0846
vn 0.4173 0.8810 0.2231
vn 0.2254 -0.9565 0.1850
vn 0.2254 0.9566 0.1850
vn 0.1374 -0.9566 0.2571
vn 0.0286 -0.9565 0.2902
vn -0.2254 0.9566 0.1850
vn -0.2254 -0.9566 0.1850
vn -0.2790 -0.9565 0.0846
vn -0.2902 -0.9565 0.0286
vn -0.2902 0.9566 0.0286
vn -0.9904 0.0975 -0.0976
vn -0.1850 -0.9565 -0.2254
vn -0.1850 0.9566 -0.2254
vn -0.0976 0.0976 -0.9904
vn -1.0000 -0.0000 -0.0000
vn -0.0000 -0.0000 -1.0000
vn 1.0000 -0.0000 -0.0000
vn -0.0000 -0.0000 1.0000
vn -0.0000 -1.0000 -0.0000
vn -0.0000 1.0000 -0.0000
vn -0.9904 0.0975 0.0976
vn 0.1374 0.9566 -0.2571
vn 0.1850 0.9566 -0.2254
vn 0.2571 0.9566 -0.1374
vn 0.2902 0.9566 0.0286
vn 0.1850 0.9566 0.2254
vn 0.2231 -0.8810 0.4173
vn -0.2231 -0.8810 0.4173
vn -0.1850 0.9566 0.2254
vn -0.2790 0.9566 0.0846
vn -0.2902 -0.9565 -0.0286
vn -0.2902 0.9566 -0.0286
vn -0.2571 0.9566 -0.1374
vn -0.0286 0.9566 -0.2902
vn 0.0976 -0.0975 -0.9904
vn 0.0286 0.9566 -0.2902
vn 0.4173 0.8810 -0.2231
vn 0.2902 0.9566 -0.0286
vn 0.2790 0.9566 0.0846
vn 0.0975 0.0976 0.9904
vn -0.0975 0.0976 0.9904
vn -0.1374 0.9566 0.2571
vn -0.2571 0.9566 0.1374
vn -0.4173 0.8810 -0.2230
vn -0.1374 0.9566 -0.2571
vn 0.0846 0.9566 -0.2790
vn 0.0286 0.9566 0.2902
vn -0.1374 -0.9566 -0.2571
vn -0.0976 -0.0976 -0.9904
vt 0.729011 0.213701
vt 0.721577 0.209744
vt 0.729644 0.212176
vt 0.796680 0.249625
vt 0.821112 0.239537
vt 0.813584 0.258571
vt 0.736516 0.217707
vt 0.737795 0.214647
vt 0.844053 0.246142
vt 0.834829 0.269590
vt 0.744324 0.221873
vt 0.746269 0.217199
vt 0.876784 0.255460
vt 0.864978 0.285004
vt 0.752636 0.226273
vt 0.755254 0.219883
vt 0.908792 0.306998
vt 0.925894 0.268646
vt 0.765046 0.222891
vt 0.761584 0.231104
vt 0.771594 0.236379
vt 0.775805 0.226131
vt 0.783332 0.242562
vt 0.788365 0.229785
vt 0.803035 0.234174
vt 0.777945 0.215255
vt 0.790871 0.216359
vt 0.806204 0.217812
vt 0.729962 0.210555
vt 0.824921 0.219531
vt 0.738449 0.211390
vt 0.848942 0.221550
vt 0.747267 0.212234
vt 0.882348 0.224491
vt 0.756550 0.213124
vt 0.929311 0.227168
vt 0.766711 0.214138
vt 0.848723 0.196592
vt 0.881539 0.193241
vt 0.756491 0.206271
vt 0.929164 0.187195
vt 0.766673 0.205240
vt 0.777899 0.204173
vt 0.790672 0.202767
vt 0.806184 0.201144
vt 0.729958 0.208903
vt 0.824788 0.199220
vt 0.738454 0.208063
vt 0.747231 0.207176
vt 0.788070 0.189450
vt 0.802759 0.184860
vt 0.729631 0.207284
vt 0.820686 0.179346
vt 0.737786 0.204807
vt 0.843653 0.172156
vt 0.746229 0.202226
vt 0.875111 0.162695
vt 0.755184 0.199536
vt 0.921203 0.147554
vt 0.764895 0.196533
vt 0.775724 0.193305
vt 0.905574 0.109982
vt 0.752571 0.193162
vt 0.761475 0.188362
vt 0.771483 0.183079
vt 0.782854 0.176885
vt 0.796311 0.169554
vt 0.728995 0.205761
vt 0.812829 0.160672
vt 0.736498 0.201749
vt 0.833971 0.149177
vt 0.744281 0.197564
vt 0.863023 0.133867
vt 0.728075 0.204391
vt 0.801514 0.143876
vt 0.734659 0.198987
vt 0.820032 0.128499
vt 0.741462 0.193376
vt 0.845598 0.107851
vt 0.748689 0.187494
vt 0.882828 0.076056
vt 0.756552 0.180985
vt 0.765332 0.173869
vt 0.775277 0.165580
vt 0.787035 0.155789
vt 0.743856 0.182627
vt 0.750261 0.174724
vt 0.757496 0.166032
vt 0.765640 0.155968
vt 0.775267 0.144085
vt 0.726904 0.203226
vt 0.787157 0.129589
vt 0.732314 0.196634
vt 0.802345 0.110904
vt 0.737891 0.189819
vt 0.823438 0.085669
vt 0.853831 0.047158
vt 0.770297 0.118358
vt 0.729545 0.194801
vt 0.781568 0.097069
vt 0.733698 0.187023
vt 0.797365 0.068195
vt 0.738152 0.178801
vt 0.819702 0.024444
vt 0.742884 0.169808
vt 0.748289 0.159872
vt 0.754319 0.148417
vt 0.761450 0.134890
vt 0.725530 0.202313
vt 0.738060 0.155624
vt 0.741744 0.143214
vt 0.746107 0.128557
vt 0.724004 0.201685
vt 0.751570 0.110616
vt 0.726475 0.193545
vt 0.758487 0.087533
vt 0.729035 0.185095
vt 0.768369 0.056117
vt 0.731805 0.176160
vt 0.781763 0.008812
vt 0.734693 0.166422
vt 0.723222 0.192886
vt 0.733981 0.082668
vt 0.724086 0.184115
vt 0.737558 0.049914
vt 0.725062 0.174806
vt 0.741477 0.000875
vt 0.726001 0.164696
vt 0.727200 0.153449
vt 0.728397 0.140558
vt 0.729823 0.125330
vt 0.722385 0.201367
vt 0.731689 0.106665
vt 0.716125 0.153432
vt 0.714786 0.140552
vt 0.713219 0.125335
vt 0.720735 0.201371
vt 0.711413 0.106659
vt 0.719902 0.192898
vt 0.708988 0.082667
vt 0.719042 0.184116
vt 0.706114 0.049830
vt 0.718180 0.174788
vt 0.700397 0.000946
vt 0.717141 0.164698
vt 0.684464 0.087536
vt 0.714091 0.185105
vt 0.675245 0.055878
vt 0.711412 0.176103
vt 0.660104 0.009028
vt 0.708461 0.166433
vt 0.705258 0.155572
vt 0.701433 0.143197
vt 0.696930 0.128574
vt 0.719119 0.201696
vt 0.691519 0.110603
vt 0.716652 0.193557
vt 0.695008 0.159787
vt 0.688846 0.148395
vt 0.681578 0.134926
vt 0.717596 0.202331
vt 0.672768 0.118349
vt 0.713581 0.194815
vt 0.661351 0.097093
vt 0.709435 0.187045
vt 0.646135 0.067828
vt 0.705089 0.178796
vt 0.622146 0.024814
vt 0.700255 0.169804
vt 0.640537 0.110974
vt 0.619904 0.085228
vt 0.699364 0.182580
vt 0.587983 0.047703
vt 0.692873 0.174740
vt 0.685771 0.165927
vt 0.677507 0.155949
vt 0.667754 0.144150
vt 0.716227 0.203250
vt 0.655880 0.129604
vt 0.710827 0.196668
vt 0.705245 0.189845
vt 0.667857 0.165568
vt 0.655988 0.155894
vt 0.715065 0.204419
vt 0.641505 0.143936
vt 0.708488 0.199019
vt 0.622821 0.128649
vt 0.701677 0.193410
vt 0.597561 0.107411
vt 0.694487 0.187424
vt 0.558930 0.076819
vt 0.686594 0.181010
vt 0.677909 0.173747
vt 0.690648 0.193132
vt 0.536103 0.111047
vt 0.681657 0.188382
vt 0.671721 0.182951
vt 0.660264 0.176886
vt 0.646735 0.169708
vt 0.714152 0.205791
vt 0.630195 0.160799
vt 0.706654 0.201781
vt 0.608885 0.149443
vt 0.698870 0.197606
vt 0.579964 0.133530
vt 0.655023 0.189469
vt 0.640350 0.185064
vt 0.713525 0.207315
vt 0.622387 0.179548
vt 0.705369 0.204842
vt 0.599266 0.172559
vt 0.696936 0.202269
vt 0.567791 0.162583
vt 0.687997 0.199482
vt 0.520380 0.149073
vt 0.678251 0.196576
vt 0.667445 0.193185
vt 0.512365 0.189441
vt 0.686635 0.206228
vt 0.676507 0.205279
vt 0.665245 0.204059
vt 0.652333 0.202836
vt 0.637080 0.201374
vt 0.713202 0.208932
vt 0.618380 0.199464
vt 0.704729 0.208101
vt 0.594334 0.197113
vt 0.695947 0.207217
vt 0.561510 0.193459
vt 0.713201 0.210582
vt 0.618330 0.219785
vt 0.704737 0.211417
vt 0.594279 0.222165
vt 0.695942 0.212268
vt 0.561362 0.224975
vt 0.686614 0.213112
vt 0.512365 0.230605
vt 0.676494 0.214156
vt 0.665207 0.215157
vt 0.652301 0.216474
vt 0.637050 0.218015
vt 0.687937 0.219870
vt 0.678213 0.222869
vt 0.667334 0.226052
vt 0.654929 0.229861
vt 0.640266 0.234347
vt 0.713521 0.212201
vt 0.622243 0.239733
vt 0.705368 0.214672
vt 0.599107 0.246756
vt 0.696925 0.217222
vt 0.567357 0.255925
vt 0.520380 0.270989
vt 0.629970 0.258545
vt 0.714156 0.213724
vt 0.706648 0.217732
vt 0.608636 0.269945
vt 0.698852 0.221889
vt 0.579266 0.285127
vt 0.690554 0.226241
vt 0.536103 0.309051
vt 0.681599 0.231081
vt 0.671547 0.236326
vt 0.660118 0.242484
vt 0.646605 0.249746
vt 0.677685 0.245585
vt 0.667673 0.253858
vt 0.655829 0.263620
vt 0.715076 0.215095
vt 0.641221 0.275499
vt 0.708480 0.220502
vt 0.622505 0.290844
vt 0.701656 0.226089
vt 0.596639 0.311465
vt 0.694364 0.231980
vt 0.558936 0.343339
vt 0.686524 0.238476
vt 0.640191 0.308654
vt 0.710836 0.222843
vt 0.705224 0.229662
vt 0.618817 0.333932
vt 0.699223 0.236866
vt 0.588008 0.372550
vt 0.692800 0.244771
vt 0.685516 0.253472
vt 0.677306 0.263544
vt 0.667589 0.275435
vt 0.716246 0.216260
vt 0.655568 0.289944
vt 0.694740 0.259682
vt 0.688651 0.271169
vt 0.681436 0.284737
vt 0.717619 0.217174
vt 0.672469 0.301324
vt 0.713601 0.224678
vt 0.661023 0.322690
vt 0.709426 0.232474
vt 0.644963 0.351671
vt 0.704945 0.240712
vt 0.622220 0.395574
vt 0.700187 0.249722
vt 0.716665 0.225962
vt 0.714098 0.234408
vt 0.684214 0.332408
vt 0.674089 0.363999
vt 0.711311 0.243367
vt 0.660280 0.411540
vt 0.708403 0.253137
vt 0.705004 0.263974
vt 0.701274 0.276436
vt 0.696844 0.291162
vt 0.719146 0.217803
vt 0.691282 0.309195
vt 0.715916 0.266179
vt 0.714692 0.279137
vt 0.713224 0.294456
vt 0.720765 0.218122
vt 0.711292 0.313247
vt 0.719925 0.226599
vt 0.708887 0.337425
vt 0.719055 0.235395
vt 0.705104 0.370436
vt 0.718075 0.244728
vt 0.700763 0.419845
vt 0.717132 0.254882
vt 0.734108 0.337529
vt 0.736843 0.370712
vt 0.724978 0.244742
vt 0.742172 0.420170
vt 0.726037 0.254887
vt 0.727054 0.266209
vt 0.728389 0.279162
vt 0.729949 0.294483
vt 0.722414 0.218119
vt 0.731734 0.313309
vt 0.723243 0.226584
vt 0.724118 0.235395
vt 0.741834 0.276504
vt 0.746368 0.291228
vt 0.724032 0.217794
vt 0.751821 0.309355
vt 0.726500 0.225946
vt 0.758913 0.332687
vt 0.729084 0.234404
vt 0.768115 0.364762
vt 0.731754 0.243406
vt 0.782998 0.412483
vt 0.734775 0.253149
vt 0.737989 0.264060
vt 0.738140 0.240773
vt 0.821801 0.397010
vt 0.743003 0.249734
vt 0.748300 0.259814
vt 0.754502 0.271261
vt 0.761838 0.284805
vt 0.725555 0.217160
vt 0.770764 0.301514
vt 0.729572 0.224680
vt 0.782345 0.323059
vt 0.733756 0.232464
vt 0.797716 0.352711
vt 0.765896 0.263634
vt 0.775734 0.275457
vt 0.726925 0.216239
vt 0.787786 0.290060
vt 0.732342 0.222836
vt 0.803494 0.309017
vt 0.737950 0.229647
vt 0.824396 0.334814
vt 0.743895 0.236942
vt 0.857291 0.374163
vt 0.750393 0.244768
vt 0.757598 0.253637
vt 0.888431 0.344356
vt 0.748818 0.232061
vt 0.756613 0.238443
vt 0.765571 0.245766
vt 0.775570 0.253917
vt 0.787496 0.263557
vt 0.728093 0.215073
vt 0.802092 0.275452
vt 0.734683 0.220474
vt 0.821632 0.291227
vt 0.741499 0.226063
vt 0.846646 0.311393
vt 0.679641 0.552478
vt 0.697146 0.562706
vt 0.677988 0.556072
vt 0.523457 0.565203
vt 0.539383 0.554775
vt 0.541104 0.558065
vt 0.600249 0.530433
vt 0.608279 0.537537
vt 0.600947 0.537913
vt 0.663753 0.543519
vt 0.661507 0.548424
vt 0.593477 0.538779
vt 0.592269 0.531501
vt 0.651865 0.537981
vt 0.649763 0.543872
vt 0.585586 0.540193
vt 0.583959 0.533287
vt 0.641758 0.534416
vt 0.639921 0.541016
vt 0.577058 0.542329
vt 0.575033 0.535949
vt 0.632506 0.532164
vt 0.631222 0.539202
vt 0.567576 0.545494
vt 0.565337 0.539840
vt 0.624049 0.530744
vt 0.623176 0.538138
vt 0.556325 0.550329
vt 0.554003 0.545683
vt 0.615971 0.530037
vt 0.615632 0.537612
vt 0.608081 0.529995
vt 0.542537 0.561490
vt 0.615390 0.544690
vt 0.608441 0.544636
vt 0.695272 0.566279
vt 0.676335 0.559622
vt 0.524352 0.567088
vt 0.601502 0.544939
vt 0.659696 0.553304
vt 0.594394 0.545621
vt 0.648088 0.549604
vt 0.586865 0.546761
vt 0.638446 0.547358
vt 0.578792 0.548510
vt 0.630163 0.545927
vt 0.569387 0.551031
vt 0.622549 0.545075
vt 0.558239 0.555004
vt 0.646653 0.555204
vt 0.637315 0.553456
vt 0.587927 0.553088
vt 0.580056 0.554470
vt 0.629370 0.552334
vt 0.570922 0.556456
vt 0.622062 0.551689
vt 0.559800 0.559691
vt 0.615216 0.551414
vt 0.543700 0.565022
vt 0.608587 0.551378
vt 0.694050 0.568521
vt 0.674945 0.563231
vt 0.525099 0.569185
vt 0.601950 0.551628
vt 0.658245 0.558137
vt 0.595140 0.552171
vt 0.615090 0.557845
vt 0.608698 0.557866
vt 0.693034 0.570915
vt 0.673797 0.566889
vt 0.525678 0.571467
vt 0.544608 0.568644
vt 0.602308 0.558058
vt 0.656964 0.562912
vt 0.595734 0.558484
vt 0.645600 0.560662
vt 0.588750 0.559200
vt 0.636512 0.559359
vt 0.581066 0.560280
vt 0.628733 0.558525
vt 0.572125 0.561804
vt 0.621695 0.558042
vt 0.561051 0.564379
vt 0.581843 0.565969
vt 0.635928 0.565104
vt 0.628273 0.564534
vt 0.573042 0.567089
vt 0.621437 0.564200
vt 0.562026 0.569064
vt 0.615018 0.564083
vt 0.545277 0.572342
vt 0.608803 0.564130
vt 0.692173 0.573375
vt 0.672887 0.570580
vt 0.526076 0.573907
vt 0.602593 0.564285
vt 0.655965 0.567663
vt 0.596194 0.564610
vt 0.644826 0.566008
vt 0.589379 0.565153
vt 0.691421 0.575879
vt 0.672211 0.574280
vt 0.527013 0.578202
vt 0.546067 0.576000
vt 0.602816 0.570363
vt 0.655395 0.572390
vt 0.596538 0.570602
vt 0.644257 0.571296
vt 0.589840 0.570990
vt 0.635453 0.570757
vt 0.582408 0.571569
vt 0.628030 0.570390
vt 0.573702 0.572323
vt 0.621288 0.570211
vt 0.562711 0.573734
vt 0.614994 0.570170
vt 0.608903 0.570239
vt 0.635248 0.576332
vt 0.627875 0.576177
vt 0.582777 0.577111
vt 0.574126 0.577522
vt 0.621230 0.576125
vt 0.563144 0.578380
vt 0.615015 0.576157
vt 0.546633 0.579649
vt 0.608999 0.576248
vt 0.690844 0.578458
vt 0.671754 0.577977
vt 0.527734 0.580709
vt 0.602985 0.576346
vt 0.655081 0.577069
vt 0.596779 0.576505
vt 0.643919 0.576543
vt 0.590149 0.576753
vt 0.603106 0.582280
vt 0.654871 0.581723
vt 0.596924 0.582366
vt 0.643851 0.581745
vt 0.590316 0.582480
vt 0.635216 0.581860
vt 0.582961 0.582626
vt 0.627868 0.581912
vt 0.574326 0.582704
vt 0.621261 0.581990
vt 0.563320 0.583006
vt 0.615079 0.582093
vt 0.546977 0.583281
vt 0.609093 0.582206
vt 0.690485 0.581076
vt 0.671509 0.581673
vt 0.528280 0.583222
vt 0.582963 0.588145
vt 0.574309 0.587895
vt 0.621385 0.587844
vt 0.563260 0.587630
vt 0.615190 0.588022
vt 0.546759 0.586920
vt 0.609186 0.588160
vt 0.690283 0.583661
vt 0.671480 0.585356
vt 0.528300 0.583989
vt 0.603180 0.588211
vt 0.654907 0.586369
vt 0.596976 0.588226
vt 0.644000 0.586917
vt 0.590345 0.588209
vt 0.635363 0.587367
vt 0.628002 0.587633
vt 0.596937 0.594129
vt 0.644325 0.592097
vt 0.590235 0.593979
vt 0.635692 0.592886
vt 0.582782 0.593700
vt 0.628278 0.593378
vt 0.574077 0.593118
vt 0.621606 0.593731
vt 0.562932 0.592273
vt 0.615350 0.593989
vt 0.546324 0.590580
vt 0.609283 0.594156
vt 0.690192 0.586207
vt 0.671671 0.589005
vt 0.527870 0.586530
vt 0.603210 0.594186
vt 0.655352 0.590987
vt 0.573562 0.598381
vt 0.562457 0.596948
vt 0.621930 0.599695
vt 0.615565 0.600042
vt 0.546022 0.594265
vt 0.609384 0.600242
vt 0.690334 0.588717
vt 0.672082 0.592623
vt 0.527376 0.590885
vt 0.603194 0.600253
vt 0.655904 0.595609
vt 0.596803 0.600119
vt 0.644935 0.597305
vt 0.589981 0.599829
vt 0.636225 0.598456
vt 0.582405 0.599322
vt 0.628704 0.599189
vt 0.656731 0.600236
vt 0.645796 0.602545
vt 0.596566 0.606245
vt 0.589570 0.605799
vt 0.636983 0.604098
vt 0.581825 0.605037
vt 0.629289 0.605101
vt 0.572848 0.603701
vt 0.622372 0.605782
vt 0.561575 0.601637
vt 0.615845 0.606232
vt 0.545154 0.597853
vt 0.609494 0.606473
vt 0.690634 0.591127
vt 0.672726 0.596197
vt 0.527287 0.591628
vt 0.603132 0.606462
vt 0.622957 0.612051
vt 0.616198 0.612618
vt 0.544043 0.601416
vt 0.609616 0.612905
vt 0.691048 0.593432
vt 0.673611 0.599701
vt 0.526420 0.593966
vt 0.603018 0.612872
vt 0.658004 0.604824
vt 0.596216 0.612561
vt 0.646887 0.607837
vt 0.588985 0.611940
vt 0.637908 0.609847
vt 0.581013 0.610893
vt 0.630120 0.611172
vt 0.571861 0.609124
vt 0.560389 0.606355
vt 0.595734 0.619129
vt 0.588198 0.618305
vt 0.639197 0.615757
vt 0.579934 0.616931
vt 0.631122 0.617431
vt 0.570516 0.614673
vt 0.623691 0.618547
vt 0.559018 0.611133
vt 0.616639 0.619260
vt 0.542681 0.604937
vt 0.609752 0.619608
vt 0.691683 0.595618
vt 0.674748 0.603133
vt 0.525401 0.596232
vt 0.602846 0.619550
vt 0.659461 0.609432
vt 0.648358 0.613226
vt 0.541343 0.608511
vt 0.617186 0.626240
vt 0.609908 0.626662
vt 0.692457 0.597626
vt 0.676154 0.606466
vt 0.523779 0.599894
vt 0.602604 0.626574
vt 0.661294 0.614031
vt 0.595095 0.626020
vt 0.650191 0.618701
vt 0.587174 0.624949
vt 0.640804 0.621841
vt 0.578546 0.623180
vt 0.632401 0.623946
vt 0.568818 0.620343
vt 0.624617 0.625350
vt 0.557251 0.615959
vt 0.642803 0.628143
vt 0.576793 0.629682
vt 0.634010 0.630779
vt 0.566746 0.626133
vt 0.625779 0.632542
vt 0.554965 0.620760
vt 0.617867 0.633652
vt 0.539445 0.611830
vt 0.610088 0.634167
vt 0.693371 0.599423
vt 0.677849 0.609674
vt 0.523461 0.600490
vt 0.602276 0.634043
vt 0.663540 0.618609
vt 0.594265 0.633322
vt 0.652459 0.624273
vt 0.585859 0.631943
vt 0.618717 0.641616
vt 0.610300 0.642249
vt 0.694351 0.600996
vt 0.679848 0.612713
vt 0.522061 0.602150
vt 0.537235 0.615021
vt 0.601841 0.642077
vt 0.666380 0.623076
vt 0.593192 0.641143
vt 0.655190 0.629924
vt 0.584182 0.639376
vt 0.645282 0.634701
vt 0.574582 0.636507
vt 0.636028 0.638007
vt 0.564154 0.632101
vt 0.627239 0.640222
vt 0.552225 0.625555
vt 0.571799 0.643707
vt 0.648378 0.641581
vt 0.638566 0.645723
vt 0.560946 0.638249
vt 0.629083 0.648521
vt 0.548951 0.630310
vt 0.619787 0.650281
vt 0.534697 0.618046
vt 0.610553 0.651070
vt 0.694819 0.601371
vt 0.682336 0.615404
vt 0.520534 0.603589
vt 0.601265 0.650834
vt 0.669608 0.627483
vt 0.591806 0.649621
vt 0.658615 0.635717
vt 0.582042 0.647351
vt 0.518934 0.604768
vt 0.531819 0.620854
vt 0.600499 0.660520
vt 0.673474 0.631743
vt 0.590004 0.658929
vt 0.662796 0.641600
vt 0.579297 0.655991
vt 0.652240 0.648806
vt 0.568289 0.651342
vt 0.641778 0.654033
vt 0.556988 0.644569
vt 0.631431 0.657598
vt 0.545055 0.634970
vt 0.621147 0.659848
vt 0.610859 0.660844
vt 0.696344 0.602298
vt 0.685147 0.617874
vt 0.563839 0.659466
vt 0.552105 0.651023
vt 0.634456 0.667664
vt 0.540441 0.639451
vt 0.622899 0.670582
vt 0.528592 0.623380
vt 0.611233 0.671858
vt 0.697849 0.602950
vt 0.688286 0.620057
vt 0.517318 0.605651
vt 0.599473 0.671408
vt 0.678144 0.635709
vt 0.587638 0.669296
vt 0.667826 0.647457
vt 0.575746 0.665451
vt 0.657078 0.656400
vt 0.645879 0.663063
vt 0.691686 0.622007
vt 0.683525 0.639342
vt 0.584484 0.681030
vt 0.674119 0.653313
vt 0.571094 0.675917
vt 0.663223 0.664402
vt 0.558148 0.668122
vt 0.651187 0.672976
vt 0.546073 0.657534
vt 0.638415 0.679002
vt 0.535003 0.643625
vt 0.625193 0.682849
vt 0.525014 0.625546
vt 0.611698 0.684510
vt 0.699936 0.603688
vt 0.515755 0.606213
vt 0.598077 0.683881
vt 0.643696 0.691997
vt 0.538607 0.663942
vt 0.528637 0.647308
vt 0.628251 0.697166
vt 0.521103 0.627255
vt 0.612285 0.699357
vt 0.700894 0.603803
vt 0.695396 0.623448
vt 0.514336 0.606446
vt 0.596148 0.698477
vt 0.689833 0.642362
vt 0.580196 0.694557
vt 0.681684 0.658815
vt 0.564903 0.687614
vt 0.671066 0.672741
vt 0.550792 0.677320
vt 0.658160 0.683938
vt 0.574206 0.710524
vt 0.691122 0.663774
vt 0.556508 0.700782
vt 0.681280 0.681345
vt 0.541142 0.687008
vt 0.667489 0.696131
vt 0.529376 0.669947
vt 0.650933 0.707232
vt 0.521251 0.650238
vt 0.632394 0.714294
vt 0.516896 0.628399
vt 0.613040 0.717160
vt 0.701620 0.603638
vt 0.699361 0.624280
vt 0.513166 0.606369
vt 0.593451 0.715990
vt 0.696949 0.644537
vt 0.512798 0.652057
vt 0.661325 0.725807
vt 0.638019 0.735390
vt 0.512470 0.628853
vt 0.614018 0.738768
vt 0.701974 0.603323
vt 0.703480 0.624389
vt 0.512365 0.606047
vt 0.589719 0.737627
vt 0.704905 0.645460
vt 0.565422 0.730159
vt 0.702599 0.667513
vt 0.544947 0.715465
vt 0.694836 0.689974
vt 0.528183 0.697057
vt 0.680131 0.709492
vt 0.518059 0.674969
vt 0.701116 0.488653
vt 0.697531 0.513674
vt 0.689417 0.493946
vt 0.537280 0.453979
vt 0.566775 0.456318
vt 0.550276 0.467599
vt 0.689931 0.467108
vt 0.677421 0.476780
vt 0.536705 0.482224
vt 0.523796 0.473961
vt 0.674299 0.447984
vt 0.662301 0.463019
vt 0.526544 0.499700
vt 0.514980 0.495607
vt 0.644595 0.453031
vt 0.653343 0.434364
vt 0.520380 0.519016
vt 0.512365 0.518010
vt 0.630116 0.425121
vt 0.625351 0.447162
vt 0.513701 0.539439
vt 0.517826 0.539552
vt 0.604128 0.421921
vt 0.605184 0.445720
vt 0.706282 0.535014
vt 0.706400 0.557735
vt 0.701873 0.535469
vt 0.515189 0.560540
vt 0.585270 0.448882
vt 0.578598 0.427485
vt 0.705930 0.511926
vt 0.556521 0.438751
vt 0.638431 0.468940
vt 0.622345 0.464957
vt 0.521845 0.540410
vt 0.605947 0.464116
vt 0.705657 0.557438
vt 0.697679 0.536622
vt 0.515457 0.560484
vt 0.589716 0.466258
vt 0.690088 0.516605
vt 0.574143 0.471463
vt 0.680201 0.499947
vt 0.559660 0.479757
vt 0.667846 0.486419
vt 0.546732 0.490799
vt 0.653772 0.476172
vt 0.535771 0.504747
vt 0.527648 0.521272
vt 0.579511 0.484542
vt 0.566664 0.490738
vt 0.660481 0.495652
vt 0.554562 0.499236
vt 0.647502 0.487874
vt 0.543447 0.510407
vt 0.634027 0.482558
vt 0.533888 0.524384
vt 0.620304 0.479733
vt 0.525576 0.541765
vt 0.606527 0.479193
vt 0.704558 0.557384
vt 0.693779 0.538353
vt 0.516800 0.560118
vt 0.592868 0.480747
vt 0.683646 0.520285
vt 0.672781 0.506328
vt 0.539306 0.528107
vt 0.528982 0.543734
vt 0.618856 0.492334
vt 0.606981 0.491973
vt 0.703180 0.557594
vt 0.690222 0.540544
vt 0.517235 0.560125
vt 0.595193 0.493142
vt 0.678226 0.524516
vt 0.583515 0.495989
vt 0.666672 0.512883
vt 0.571997 0.500706
vt 0.654751 0.504383
vt 0.560712 0.507334
vt 0.642792 0.498384
vt 0.549707 0.516308
vt 0.630804 0.494399
vt 0.565580 0.515043
vt 0.650264 0.512584
vt 0.639194 0.507904
vt 0.554828 0.522281
vt 0.628396 0.504865
vt 0.543943 0.532219
vt 0.617800 0.503324
vt 0.532044 0.546112
vt 0.607345 0.503080
vt 0.701662 0.558142
vt 0.687023 0.543100
vt 0.518382 0.560543
vt 0.596955 0.503980
vt 0.673647 0.529069
vt 0.586564 0.506162
vt 0.661725 0.519381
vt 0.576123 0.509815
vt 0.700082 0.559024
vt 0.684180 0.545939
vt 0.519596 0.561317
vt 0.534760 0.548818
vt 0.598318 0.513636
vt 0.669813 0.533808
vt 0.588922 0.515335
vt 0.657682 0.525757
vt 0.579360 0.518205
vt 0.646735 0.520285
vt 0.569461 0.522365
vt 0.636407 0.516612
vt 0.559027 0.528225
vt 0.626569 0.514260
vt 0.547889 0.536579
vt 0.617015 0.513095
vt 0.607640 0.512931
vt 0.643976 0.527522
vt 0.634211 0.524664
vt 0.572567 0.529327
vt 0.562481 0.534089
vt 0.625178 0.522803
vt 0.551232 0.541091
vt 0.616427 0.521924
vt 0.537137 0.551787
vt 0.607883 0.521824
vt 0.699651 0.559454
vt 0.681850 0.549200
vt 0.520801 0.562433
vt 0.599387 0.522380
vt 0.666424 0.538614
vt 0.590761 0.523707
vt 0.654450 0.531929
vt 0.581941 0.526010
vt 0.697470 0.562108
vt 0.523018 0.564734
vt 0.875427 0.552478
vt 0.892932 0.562706
vt 0.873774 0.556072
vt 0.719243 0.565203
vt 0.735168 0.554775
vt 0.736890 0.558066
vt 0.796035 0.530433
vt 0.804064 0.537537
vt 0.796733 0.537913
vt 0.859538 0.543519
vt 0.857293 0.548424
vt 0.789262 0.538779
vt 0.788054 0.531501
vt 0.847650 0.537981
vt 0.845548 0.543872
vt 0.781371 0.540193
vt 0.779745 0.533287
vt 0.837544 0.534416
vt 0.835707 0.541016
vt 0.770818 0.535949
vt 0.772843 0.542329
vt 0.827007 0.539202
vt 0.828291 0.532164
vt 0.763361 0.545494
vt 0.761122 0.539840
vt 0.819834 0.530744
vt 0.818962 0.538138
vt 0.752111 0.550329
vt 0.749789 0.545683
vt 0.811757 0.530037
vt 0.811418 0.537612
vt 0.803867 0.529995
vt 0.738323 0.561490
vt 0.804226 0.544636
vt 0.891058 0.566279
vt 0.872121 0.559622
vt 0.720137 0.567088
vt 0.797287 0.544939
vt 0.855481 0.553304
vt 0.790179 0.545621
vt 0.843874 0.549604
vt 0.782651 0.546761
vt 0.834232 0.547358
vt 0.774577 0.548510
vt 0.825948 0.545927
vt 0.765173 0.551031
vt 0.818335 0.545075
vt 0.754024 0.555004
vt 0.811176 0.544690
vt 0.833101 0.553456
vt 0.783712 0.553088
vt 0.775842 0.554470
vt 0.825156 0.552334
vt 0.766708 0.556456
vt 0.817848 0.551689
vt 0.755586 0.559691
vt 0.811002 0.551414
vt 0.739485 0.565022
vt 0.804372 0.551378
vt 0.889836 0.568521
vt 0.870730 0.563231
vt 0.720884 0.569185
vt 0.797735 0.551628
vt 0.854030 0.558137
vt 0.790926 0.552171
vt 0.842438 0.555204
vt 0.810876 0.557845
vt 0.804483 0.557866
vt 0.888819 0.570915
vt 0.869582 0.566889
vt 0.721463 0.571467
vt 0.740394 0.568644
vt 0.798094 0.558058
vt 0.852750 0.562912
vt 0.791519 0.558484
vt 0.841385 0.560662
vt 0.784536 0.559200
vt 0.832297 0.559359
vt 0.776851 0.560280
vt 0.824519 0.558525
vt 0.767910 0.561804
vt 0.817480 0.558042
vt 0.756837 0.564379
vt 0.785165 0.565153
vt 0.777628 0.565969
vt 0.824059 0.564534
vt 0.768827 0.567089
vt 0.817222 0.564200
vt 0.757811 0.569064
vt 0.810804 0.564083
vt 0.741063 0.572342
vt 0.804589 0.564130
vt 0.887959 0.573375
vt 0.868673 0.570580
vt 0.721862 0.573907
vt 0.798378 0.564285
vt 0.851750 0.567663
vt 0.791980 0.564610
vt 0.840612 0.566008
vt 0.831714 0.565104
vt 0.887207 0.575879
vt 0.867997 0.574280
vt 0.722798 0.578202
vt 0.741853 0.576000
vt 0.798602 0.570363
vt 0.851181 0.572390
vt 0.792324 0.570602
vt 0.840042 0.571296
vt 0.785626 0.570990
vt 0.831239 0.570757
vt 0.778193 0.571569
vt 0.823816 0.570390
vt 0.769487 0.572323
vt 0.817074 0.570211
vt 0.758496 0.573734
vt 0.810780 0.570170
vt 0.804689 0.570239
vt 0.831033 0.576332
vt 0.823661 0.576177
vt 0.769911 0.577522
vt 0.817015 0.576125
vt 0.758930 0.578380
vt 0.810800 0.576157
vt 0.742418 0.579649
vt 0.804785 0.576248
vt 0.886630 0.578458
vt 0.867540 0.577977
vt 0.723519 0.580709
vt 0.798771 0.576346
vt 0.850867 0.577069
vt 0.792565 0.576505
vt 0.839705 0.576543
vt 0.785934 0.576753
vt 0.778562 0.577111
vt 0.798891 0.582280
vt 0.867295 0.581673
vt 0.850656 0.581723
vt 0.792709 0.582366
vt 0.839637 0.581745
vt 0.786101 0.582480
vt 0.831002 0.581860
vt 0.778746 0.582626
vt 0.823654 0.581912
vt 0.770112 0.582704
vt 0.817047 0.581990
vt 0.759106 0.583006
vt 0.810865 0.582093
vt 0.742763 0.583281
vt 0.804878 0.582206
vt 0.886271 0.581076
vt 0.724066 0.583222
vt 0.770095 0.587895
vt 0.817171 0.587844
vt 0.759046 0.587630
vt 0.810975 0.588022
vt 0.742545 0.586920
vt 0.804972 0.588160
vt 0.886069 0.583661
vt 0.867266 0.585356
vt 0.724086 0.583989
vt 0.798966 0.588211
vt 0.850693 0.586369
vt 0.792762 0.588226
vt 0.839785 0.586917
vt 0.786130 0.588209
vt 0.831148 0.587367
vt 0.778749 0.588145
vt 0.823787 0.587633
vt 0.792723 0.594129
vt 0.840110 0.592097
vt 0.786021 0.593979
vt 0.831478 0.592886
vt 0.778567 0.593700
vt 0.824064 0.593378
vt 0.769863 0.593118
vt 0.817391 0.593731
vt 0.758717 0.592273
vt 0.811136 0.593989
vt 0.742109 0.590580
vt 0.805068 0.594156
vt 0.885978 0.586207
vt 0.867457 0.589005
vt 0.723656 0.586530
vt 0.798995 0.594186
vt 0.851138 0.590987
vt 0.758243 0.596948
vt 0.817716 0.599695
vt 0.811351 0.600042
vt 0.741808 0.594265
vt 0.805170 0.600242
vt 0.886119 0.588717
vt 0.867868 0.592623
vt 0.723162 0.590885
vt 0.798980 0.600253
vt 0.851689 0.595609
vt 0.792588 0.600119
vt 0.840721 0.597305
vt 0.785766 0.599829
vt 0.832011 0.598456
vt 0.778191 0.599322
vt 0.824490 0.599189
vt 0.769348 0.598381
vt 0.841581 0.602545
vt 0.792352 0.606245
vt 0.785356 0.605799
vt 0.832769 0.604098
vt 0.777610 0.605037
vt 0.825074 0.605101
vt 0.768634 0.603701
vt 0.818158 0.605782
vt 0.757360 0.601637
vt 0.811630 0.606232
vt 0.740939 0.597853
vt 0.805280 0.606473
vt 0.886420 0.591127
vt 0.868511 0.596197
vt 0.723073 0.591628
vt 0.798918 0.606462
vt 0.852517 0.600236
vt 0.818742 0.612051
vt 0.811984 0.612618
vt 0.739828 0.601416
vt 0.805401 0.612905
vt 0.886834 0.593432
vt 0.869397 0.599702
vt 0.722206 0.593966
vt 0.798804 0.612872
vt 0.853789 0.604824
vt 0.792001 0.612561
vt 0.842672 0.607837
vt 0.784770 0.611940
vt 0.833693 0.609847
vt 0.776799 0.610893
vt 0.825906 0.611172
vt 0.767646 0.609124
vt 0.756174 0.606355
vt 0.791519 0.619129
vt 0.783984 0.618305
vt 0.834982 0.615757
vt 0.775719 0.616931
vt 0.826908 0.617431
vt 0.766301 0.614673
vt 0.819477 0.618547
vt 0.754803 0.611133
vt 0.812424 0.619260
vt 0.738467 0.604937
vt 0.805538 0.619608
vt 0.887469 0.595618
vt 0.870534 0.603133
vt 0.721187 0.596232
vt 0.798631 0.619550
vt 0.855247 0.609432
vt 0.844143 0.613226
vt 0.753037 0.615959
vt 0.737128 0.608511
vt 0.812972 0.626240
vt 0.805693 0.626662
vt 0.888242 0.597626
vt 0.871940 0.606466
vt 0.719564 0.599894
vt 0.798389 0.626574
vt 0.857079 0.614031
vt 0.790881 0.626020
vt 0.845977 0.618701
vt 0.782959 0.624949
vt 0.836589 0.621841
vt 0.774332 0.623180
vt 0.828187 0.623946
vt 0.764604 0.620343
vt 0.820402 0.625350
vt 0.838588 0.628143
vt 0.772579 0.629682
vt 0.829795 0.630779
vt 0.762532 0.626133
vt 0.821565 0.632542
vt 0.750751 0.620760
vt 0.813652 0.633652
vt 0.735231 0.611830
vt 0.805874 0.634167
vt 0.889156 0.599423
vt 0.873635 0.609674
vt 0.719247 0.600490
vt 0.798062 0.634043
vt 0.859326 0.618609
vt 0.790051 0.633322
vt 0.848245 0.624273
vt 0.781645 0.631943
vt 0.814503 0.641616
vt 0.806086 0.642249
vt 0.890137 0.600996
vt 0.875634 0.612713
vt 0.717846 0.602150
vt 0.733020 0.615021
vt 0.797627 0.642077
vt 0.862166 0.623076
vt 0.788978 0.641143
vt 0.850975 0.629924
vt 0.779968 0.639376
vt 0.841068 0.634701
vt 0.770367 0.636507
vt 0.831813 0.638007
vt 0.759940 0.632101
vt 0.823025 0.640222
vt 0.748011 0.625555
vt 0.767584 0.643707
vt 0.844164 0.641581
vt 0.834352 0.645723
vt 0.756732 0.638249
vt 0.824869 0.648521
vt 0.744737 0.630310
vt 0.815573 0.650281
vt 0.730483 0.618046
vt 0.806339 0.651070
vt 0.890604 0.601371
vt 0.878121 0.615404
vt 0.716320 0.603589
vt 0.797050 0.650834
vt 0.865394 0.627483
vt 0.787591 0.649621
vt 0.854401 0.635717
vt 0.777827 0.647351
vt 0.714720 0.604768
vt 0.727605 0.620854
vt 0.796285 0.660520
vt 0.869260 0.631743
vt 0.785790 0.658929
vt 0.858581 0.641600
vt 0.775083 0.655991
vt 0.848025 0.648806
vt 0.764075 0.651342
vt 0.837563 0.654033
vt 0.752774 0.644569
vt 0.827217 0.657598
vt 0.740841 0.634970
vt 0.816933 0.659848
vt 0.806644 0.660844
vt 0.892130 0.602298
vt 0.880932 0.617874
vt 0.759624 0.659466
vt 0.747891 0.651023
vt 0.830242 0.667664
vt 0.736227 0.639451
vt 0.818685 0.670582
vt 0.724377 0.623380
vt 0.807018 0.671858
vt 0.893635 0.602950
vt 0.884072 0.620057
vt 0.713103 0.605651
vt 0.795258 0.671408
vt 0.873930 0.635709
vt 0.783424 0.669296
vt 0.863611 0.647457
vt 0.771532 0.665451
vt 0.852863 0.656400
vt 0.841665 0.663063
vt 0.879311 0.639342
vt 0.780270 0.681030
vt 0.869905 0.653313
vt 0.766880 0.675917
vt 0.859008 0.664402
vt 0.753934 0.668122
vt 0.846972 0.672976
vt 0.741858 0.657534
vt 0.834201 0.679002
vt 0.730789 0.643625
vt 0.820978 0.682849
vt 0.720800 0.625546
vt 0.807483 0.684510
vt 0.895722 0.603688
vt 0.887472 0.622007
vt 0.711541 0.606213
vt 0.793863 0.683881
vt 0.839482 0.691997
vt 0.724422 0.647308
vt 0.824036 0.697166
vt 0.716888 0.627255
vt 0.808071 0.699357
vt 0.896680 0.603803
vt 0.891181 0.623448
vt 0.710122 0.606446
vt 0.791934 0.698477
vt 0.885619 0.642362
vt 0.775982 0.694557
vt 0.877470 0.658815
vt 0.760688 0.687614
vt 0.866852 0.672741
vt 0.746577 0.677320
vt 0.853945 0.683938
vt 0.734393 0.663942
vt 0.769992 0.710524
vt 0.886908 0.663774
vt 0.752293 0.700782
vt 0.877065 0.681345
vt 0.736927 0.687008
vt 0.863275 0.696131
vt 0.725161 0.669947
vt 0.846719 0.707232
vt 0.717037 0.650238
vt 0.828180 0.714294
vt 0.712682 0.628399
vt 0.808825 0.717160
vt 0.897406 0.603638
vt 0.895146 0.624280
vt 0.708952 0.606369
vt 0.789237 0.715990
vt 0.892735 0.644537
vt 0.708584 0.652057
vt 0.857110 0.725807
vt 0.833805 0.735390
vt 0.708256 0.628853
vt 0.809803 0.738768
vt 0.897760 0.603323
vt 0.899265 0.624389
vt 0.708150 0.606047
vt 0.785505 0.737627
vt 0.900691 0.645460
vt 0.761207 0.730159
vt 0.898385 0.667513
vt 0.740732 0.715465
vt 0.890622 0.689974
vt 0.723968 0.697057
vt 0.875917 0.709492
vt 0.713845 0.674969
vt 0.896902 0.488653
vt 0.893317 0.513674
vt 0.885202 0.493946
vt 0.733065 0.453979
vt 0.762560 0.456318
vt 0.746062 0.467599
vt 0.873206 0.476780
vt 0.885716 0.467108
vt 0.732491 0.482224
vt 0.719582 0.473961
vt 0.870084 0.447984
vt 0.858086 0.463019
vt 0.710765 0.495607
vt 0.722330 0.499700
vt 0.840381 0.453031
vt 0.849129 0.434364
vt 0.716165 0.519016
vt 0.708151 0.518010
vt 0.825902 0.425121
vt 0.821137 0.447162
vt 0.709486 0.539439
vt 0.713612 0.539552
vt 0.799914 0.421921
vt 0.800969 0.445720
vt 0.902068 0.535014
vt 0.902185 0.557735
vt 0.897658 0.535469
vt 0.710975 0.560540
vt 0.781056 0.448882
vt 0.774383 0.427485
vt 0.901716 0.511926
vt 0.752307 0.438751
vt 0.834216 0.468940
vt 0.818131 0.464957
vt 0.723433 0.521272
vt 0.717631 0.540410
vt 0.801732 0.464116
vt 0.901443 0.557438
vt 0.893465 0.536622
vt 0.711243 0.560484
vt 0.785501 0.466258
vt 0.885874 0.516605
vt 0.769928 0.471463
vt 0.875986 0.499947
vt 0.755445 0.479757
vt 0.863631 0.486419
vt 0.742517 0.490799
vt 0.849558 0.476172
vt 0.731556 0.504747
vt 0.775297 0.484542
vt 0.762450 0.490738
vt 0.856267 0.495652
vt 0.750348 0.499236
vt 0.843288 0.487874
vt 0.739233 0.510407
vt 0.829812 0.482558
vt 0.729674 0.524384
vt 0.816089 0.479733
vt 0.721362 0.541765
vt 0.802312 0.479193
vt 0.900343 0.557384
vt 0.889565 0.538353
vt 0.712586 0.560118
vt 0.788653 0.480747
vt 0.879432 0.520285
vt 0.868567 0.506328
vt 0.735092 0.528107
vt 0.724768 0.543734
vt 0.814641 0.492334
vt 0.802767 0.491973
vt 0.898965 0.557594
vt 0.886008 0.540544
vt 0.713020 0.560125
vt 0.790979 0.493142
vt 0.874011 0.524516
vt 0.779300 0.495989
vt 0.862457 0.512883
vt 0.767782 0.500706
vt 0.850537 0.504383
vt 0.756497 0.507334
vt 0.838577 0.498384
vt 0.745493 0.516308
vt 0.826590 0.494399
vt 0.761366 0.515043
vt 0.846050 0.512584
vt 0.834979 0.507904
vt 0.750613 0.522281
vt 0.824181 0.504865
vt 0.739729 0.532219
vt 0.813585 0.503324
vt 0.727830 0.546112
vt 0.803130 0.503080
vt 0.897448 0.558142
vt 0.882809 0.543100
vt 0.714167 0.560543
vt 0.792741 0.503980
vt 0.869432 0.529069
vt 0.782349 0.506162
vt 0.857511 0.519381
vt 0.771908 0.509815
vt 0.895867 0.559024
vt 0.879965 0.545939
vt 0.715382 0.561317
vt 0.730545 0.548818
vt 0.794103 0.513636
vt 0.865598 0.533808
vt 0.784708 0.515335
vt 0.853468 0.525757
vt 0.775146 0.518205
vt 0.842520 0.520285
vt 0.765247 0.522365
vt 0.832193 0.516612
vt 0.754813 0.528225
vt 0.822355 0.514260
vt 0.743675 0.536579
vt 0.812801 0.513095
vt 0.803426 0.512931
vt 0.839761 0.527522
vt 0.829997 0.524664
vt 0.768352 0.529327
vt 0.758267 0.534089
vt 0.820964 0.522803
vt 0.747017 0.541091
vt 0.812212 0.521924
vt 0.732923 0.551787
vt 0.803668 0.521824
vt 0.895436 0.559454
vt 0.877636 0.549200
vt 0.716587 0.562433
vt 0.795173 0.522380
vt 0.862210 0.538614
vt 0.786547 0.523707
vt 0.850235 0.531929
vt 0.777727 0.526010
vt 0.893255 0.562108
vt 0.718803 0.564734
vt 0.168151 0.812835
vt 0.185657 0.823063
vt 0.166499 0.816428
vt 0.011968 0.825560
vt 0.027893 0.815132
vt 0.029615 0.818422
vt 0.088760 0.790790
vt 0.096789 0.797894
vt 0.089457 0.798270
vt 0.152263 0.803876
vt 0.150018 0.808781
vt 0.081987 0.799136
vt 0.080779 0.791858
vt 0.140375 0.798338
vt 0.138273 0.804229
vt 0.074096 0.800550
vt 0.072469 0.793644
vt 0.130268 0.794773
vt 0.128432 0.801373
vt 0.065568 0.802686
vt 0.063543 0.796306
vt 0.119732 0.799559
vt 0.121016 0.792521
vt 0.056086 0.805851
vt 0.053847 0.800197
vt 0.112559 0.791101
vt 0.111687 0.798495
vt 0.044836 0.810686
vt 0.042513 0.806040
vt 0.104482 0.790394
vt 0.104143 0.797969
vt 0.096592 0.790352
vt 0.031048 0.821847
vt 0.103900 0.805047
vt 0.096951 0.804993
vt 0.183783 0.826636
vt 0.164846 0.819979
vt 0.012862 0.827444
vt 0.090012 0.805296
vt 0.148206 0.813661
vt 0.082904 0.805978
vt 0.136599 0.809961
vt 0.075376 0.807118
vt 0.126956 0.807715
vt 0.067302 0.808867
vt 0.118673 0.806284
vt 0.057898 0.811387
vt 0.111060 0.805431
vt 0.046749 0.815361
vt 0.125826 0.813813
vt 0.076437 0.813445
vt 0.068566 0.814827
vt 0.117881 0.812691
vt 0.059433 0.816813
vt 0.110573 0.812046
vt 0.048311 0.820048
vt 0.103726 0.811771
vt 0.032210 0.825379
vt 0.097097 0.811735
vt 0.182561 0.828878
vt 0.163455 0.823587
vt 0.013609 0.829542
vt 0.090460 0.811985
vt 0.146755 0.818494
vt 0.083650 0.812528
vt 0.135163 0.815561
vt 0.103601 0.818202
vt 0.097208 0.818223
vt 0.181544 0.831272
vt 0.162307 0.827246
vt 0.014188 0.831824
vt 0.033118 0.829001
vt 0.090819 0.818415
vt 0.145475 0.823269
vt 0.084244 0.818840
vt 0.134110 0.821019
vt 0.077261 0.819557
vt 0.125022 0.819716
vt 0.069576 0.820637
vt 0.117244 0.818882
vt 0.060635 0.822161
vt 0.110205 0.818399
vt 0.049562 0.824736
vt 0.070353 0.826326
vt 0.124439 0.825461
vt 0.116784 0.824891
vt 0.061552 0.827446
vt 0.109947 0.824557
vt 0.050536 0.829421
vt 0.103528 0.824440
vt 0.033788 0.832699
vt 0.097313 0.824487
vt 0.180683 0.833732
vt 0.161398 0.830937
vt 0.014587 0.834264
vt 0.091103 0.824642
vt 0.144475 0.828020
vt 0.084704 0.824967
vt 0.133337 0.826365
vt 0.077890 0.825509
vt 0.179932 0.836236
vt 0.160722 0.834637
vt 0.015523 0.838558
vt 0.034578 0.836357
vt 0.091327 0.830720
vt 0.143906 0.832747
vt 0.085049 0.830959
vt 0.132767 0.831653
vt 0.078350 0.831347
vt 0.123964 0.831114
vt 0.070918 0.831926
vt 0.116540 0.830747
vt 0.062212 0.832680
vt 0.109799 0.830568
vt 0.051221 0.834091
vt 0.103505 0.830527
vt 0.097414 0.830596
vt 0.123758 0.836688
vt 0.116386 0.836534
vt 0.071287 0.837468
vt 0.062636 0.837879
vt 0.109740 0.836482
vt 0.051655 0.838737
vt 0.103525 0.836514
vt 0.035143 0.840006
vt 0.097509 0.836605
vt 0.179355 0.838815
vt 0.160265 0.838334
vt 0.016244 0.841066
vt 0.091496 0.836703
vt 0.143591 0.837426
vt 0.085289 0.836862
vt 0.132430 0.836900
vt 0.078659 0.837110
vt 0.091616 0.842637
vt 0.143381 0.842080
vt 0.085434 0.842723
vt 0.132362 0.842102
vt 0.078826 0.842837
vt 0.123727 0.842217
vt 0.071471 0.842983
vt 0.116379 0.842269
vt 0.062837 0.843061
vt 0.109772 0.842347
vt 0.051831 0.843363
vt 0.103589 0.842450
vt 0.035487 0.843638
vt 0.097603 0.842563
vt 0.178996 0.841433
vt 0.160020 0.842030
vt 0.016790 0.843579
vt 0.071474 0.848502
vt 0.062820 0.848252
vt 0.109896 0.848201
vt 0.051771 0.847987
vt 0.103700 0.848379
vt 0.035270 0.847277
vt 0.097697 0.848517
vt 0.178794 0.844018
vt 0.159991 0.845713
vt 0.016811 0.844346
vt 0.091690 0.848568
vt 0.143418 0.846726
vt 0.085487 0.848583
vt 0.132510 0.847274
vt 0.078855 0.848566
vt 0.123873 0.847724
vt 0.116512 0.847989
vt 0.085447 0.854485
vt 0.143862 0.851344
vt 0.132835 0.852454
vt 0.078745 0.854336
vt 0.124202 0.853243
vt 0.071292 0.854057
vt 0.116788 0.853735
vt 0.062588 0.853475
vt 0.110116 0.854088
vt 0.051442 0.852630
vt 0.103860 0.854346
vt 0.034834 0.850937
vt 0.097793 0.854513
vt 0.178703 0.846564
vt 0.160182 0.849362
vt 0.016380 0.846887
vt 0.091720 0.854543
vt 0.050968 0.857305
vt 0.110441 0.860052
vt 0.104076 0.860399
vt 0.034533 0.854622
vt 0.097895 0.860599
vt 0.178844 0.849074
vt 0.160593 0.852980
vt 0.015887 0.851242
vt 0.091705 0.860610
vt 0.144414 0.855966
vt 0.085313 0.860476
vt 0.133446 0.857662
vt 0.078491 0.860186
vt 0.124735 0.858813
vt 0.070916 0.859679
vt 0.117214 0.859546
vt 0.062073 0.858738
vt 0.134306 0.862902
vt 0.085077 0.866602
vt 0.078080 0.866156
vt 0.125494 0.864455
vt 0.070335 0.865394
vt 0.117799 0.865458
vt 0.061359 0.864058
vt 0.110883 0.866139
vt 0.050085 0.861994
vt 0.104355 0.866589
vt 0.033664 0.858209
vt 0.098005 0.866830
vt 0.179145 0.851484
vt 0.161236 0.856554
vt 0.015798 0.851985
vt 0.091643 0.866819
vt 0.145242 0.860593
vt 0.111467 0.872408
vt 0.104709 0.872974
vt 0.032553 0.861773
vt 0.098126 0.873262
vt 0.179558 0.853789
vt 0.162122 0.860058
vt 0.014931 0.854322
vt 0.091529 0.873229
vt 0.146514 0.865181
vt 0.084726 0.872918
vt 0.135397 0.868194
vt 0.077495 0.872297
vt 0.126418 0.870204
vt 0.069524 0.871250
vt 0.118631 0.871529
vt 0.060371 0.869481
vt 0.048899 0.866712
vt 0.084244 0.879486
vt 0.076709 0.878662
vt 0.127707 0.876114
vt 0.068444 0.877288
vt 0.119632 0.877787
vt 0.059026 0.875030
vt 0.112202 0.878904
vt 0.047528 0.871490
vt 0.105149 0.879617
vt 0.031192 0.865294
vt 0.098262 0.879965
vt 0.180194 0.855974
vt 0.163259 0.863490
vt 0.013911 0.856589
vt 0.091356 0.879907
vt 0.147972 0.869789
vt 0.136868 0.873582
vt 0.045762 0.876316
vt 0.029853 0.868868
vt 0.105696 0.886597
vt 0.098418 0.887018
vt 0.180967 0.857983
vt 0.164665 0.866823
vt 0.012289 0.860251
vt 0.091114 0.886931
vt 0.149804 0.874388
vt 0.083606 0.886377
vt 0.138701 0.879058
vt 0.075684 0.885306
vt 0.129314 0.882198
vt 0.067057 0.883537
vt 0.120911 0.884303
vt 0.057329 0.880700
vt 0.113127 0.885707
vt 0.131313 0.888500
vt 0.065303 0.890039
vt 0.122520 0.891136
vt 0.055256 0.886489
vt 0.114289 0.892899
vt 0.043476 0.881117
vt 0.106377 0.894009
vt 0.027955 0.872186
vt 0.098598 0.894524
vt 0.181881 0.859780
vt 0.166360 0.870031
vt 0.011971 0.860847
vt 0.090787 0.894400
vt 0.152051 0.878965
vt 0.082775 0.893679
vt 0.140969 0.884630
vt 0.074370 0.892300
vt 0.107228 0.901972
vt 0.098811 0.902606
vt 0.182861 0.861353
vt 0.168359 0.873070
vt 0.010571 0.862507
vt 0.025745 0.875378
vt 0.090351 0.902434
vt 0.154891 0.883433
vt 0.081703 0.901500
vt 0.143700 0.890281
vt 0.072693 0.899733
vt 0.133793 0.895058
vt 0.063092 0.896864
vt 0.124538 0.898363
vt 0.052665 0.892457
vt 0.115750 0.900579
vt 0.040736 0.885912
vt 0.060309 0.904064
vt 0.136889 0.901938
vt 0.127077 0.906080
vt 0.049456 0.898606
vt 0.117594 0.908878
vt 0.037462 0.890667
vt 0.108298 0.910638
vt 0.023208 0.878403
vt 0.099063 0.911427
vt 0.183329 0.861727
vt 0.170846 0.875761
vt 0.009045 0.863946
vt 0.089775 0.911191
vt 0.158119 0.887840
vt 0.080316 0.909978
vt 0.147126 0.896074
vt 0.070552 0.907708
vt 0.007445 0.865125
vt 0.020330 0.881211
vt 0.089010 0.920876
vt 0.173657 0.878231
vt 0.161984 0.892100
vt 0.078515 0.919286
vt 0.151306 0.901957
vt 0.067807 0.916348
vt 0.140750 0.909163
vt 0.056799 0.911699
vt 0.130288 0.914390
vt 0.045499 0.904926
vt 0.119942 0.917955
vt 0.033566 0.895327
vt 0.109658 0.920205
vt 0.099369 0.921201
vt 0.184854 0.862655
vt 0.052349 0.919823
vt 0.040616 0.911380
vt 0.122967 0.928021
vt 0.028951 0.899808
vt 0.111409 0.930939
vt 0.017102 0.883737
vt 0.099743 0.932214
vt 0.186360 0.863307
vt 0.176797 0.880414
vt 0.005828 0.866008
vt 0.087983 0.931765
vt 0.166655 0.896065
vt 0.076149 0.929653
vt 0.156336 0.907814
vt 0.064257 0.925808
vt 0.145588 0.916757
vt 0.134389 0.923420
vt 0.172036 0.899699
vt 0.072994 0.941387
vt 0.162629 0.913670
vt 0.059605 0.936274
vt 0.151733 0.924759
vt 0.046659 0.928479
vt 0.139697 0.933332
vt 0.034583 0.917891
vt 0.126925 0.939359
vt 0.023514 0.903982
vt 0.113703 0.943206
vt 0.013525 0.885903
vt 0.100208 0.944867
vt 0.188446 0.864044
vt 0.180197 0.882364
vt 0.004266 0.866570
vt 0.086588 0.944238
vt 0.132207 0.952354
vt 0.017147 0.907665
vt 0.116761 0.957523
vt 0.009613 0.887612
vt 0.100796 0.959714
vt 0.189405 0.864160
vt 0.183906 0.883805
vt 0.002847 0.866803
vt 0.084659 0.958834
vt 0.178343 0.902719
vt 0.068706 0.954914
vt 0.170195 0.919172
vt 0.053413 0.947971
vt 0.159577 0.933098
vt 0.039302 0.937677
vt 0.146670 0.944295
vt 0.027118 0.924299
vt 0.062716 0.970881
vt 0.185459 0.904894
vt 0.179633 0.924131
vt 0.045018 0.961139
vt 0.169790 0.941702
vt 0.029652 0.947365
vt 0.156000 0.956488
vt 0.017886 0.930304
vt 0.139444 0.967589
vt 0.009761 0.910595
vt 0.120904 0.974651
vt 0.005407 0.888756
vt 0.101550 0.977517
vt 0.190131 0.863995
vt 0.187871 0.884637
vt 0.001677 0.866726
vt 0.081962 0.976347
vt 0.006570 0.935326
vt 0.001309 0.912413
vt 0.149835 0.986164
vt 0.126529 0.995747
vt 0.000981 0.889210
vt 0.102528 0.999125
vt 0.190485 0.863680
vt 0.191990 0.884746
vt 0.000875 0.866404
vt 0.078229 0.997984
vt 0.193416 0.905817
vt 0.053932 0.990516
vt 0.191110 0.927869
vt 0.033457 0.975822
vt 0.183346 0.950331
vt 0.016693 0.957414
vt 0.168642 0.969849
vt 0.189626 0.749010
vt 0.186041 0.774031
vt 0.177927 0.754303
vt 0.025790 0.714336
vt 0.055285 0.716675
vt 0.038787 0.727956
vt 0.178441 0.727465
vt 0.165931 0.737137
vt 0.025216 0.742581
vt 0.012306 0.734318
vt 0.162809 0.708341
vt 0.150811 0.723376
vt 0.015055 0.760057
vt 0.003490 0.755964
vt 0.133106 0.713388
vt 0.141854 0.694721
vt 0.008890 0.779373
vt 0.000875 0.778367
vt 0.118627 0.685478
vt 0.113862 0.707519
vt 0.002211 0.799796
vt 0.006337 0.799909
vt 0.092638 0.682278
vt 0.093694 0.706077
vt 0.194792 0.795371
vt 0.194910 0.818092
vt 0.190383 0.795826
vt 0.003699 0.820897
vt 0.073781 0.709239
vt 0.067108 0.687842
vt 0.194440 0.772283
vt 0.045031 0.699108
vt 0.126941 0.729297
vt 0.110856 0.725314
vt 0.010356 0.800767
vt 0.094457 0.724473
vt 0.194168 0.817794
vt 0.186190 0.796979
vt 0.003967 0.820841
vt 0.078226 0.726615
vt 0.178599 0.776962
vt 0.062653 0.731820
vt 0.168711 0.760304
vt 0.048170 0.740114
vt 0.156356 0.746776
vt 0.035242 0.751156
vt 0.142283 0.736529
vt 0.024281 0.765104
vt 0.016158 0.781629
vt 0.068021 0.744899
vt 0.055174 0.751095
vt 0.148992 0.756009
vt 0.043073 0.759593
vt 0.136013 0.748231
vt 0.031957 0.770764
vt 0.122537 0.742915
vt 0.022399 0.784741
vt 0.108814 0.740090
vt 0.014086 0.802121
vt 0.095037 0.739550
vt 0.193068 0.817741
vt 0.182290 0.798710
vt 0.005311 0.820475
vt 0.081378 0.741104
vt 0.172156 0.780641
vt 0.161292 0.766685
vt 0.017493 0.804090
vt 0.107366 0.752691
vt 0.095492 0.752330
vt 0.191690 0.817951
vt 0.178733 0.800901
vt 0.005745 0.820482
vt 0.083704 0.753499
vt 0.166736 0.784873
vt 0.072025 0.756346
vt 0.155182 0.773240
vt 0.060507 0.761063
vt 0.143262 0.764740
vt 0.049222 0.767691
vt 0.131302 0.758741
vt 0.038218 0.776665
vt 0.119314 0.754756
vt 0.027817 0.788464
vt 0.054090 0.775400
vt 0.138775 0.772941
vt 0.127704 0.768261
vt 0.043338 0.782638
vt 0.116906 0.765222
vt 0.032454 0.792576
vt 0.106310 0.763681
vt 0.020555 0.806468
vt 0.095855 0.763437
vt 0.190173 0.818499
vt 0.175533 0.803457
vt 0.006892 0.820900
vt 0.085466 0.764337
vt 0.162157 0.789426
vt 0.075074 0.766519
vt 0.150235 0.779738
vt 0.064633 0.770172
vt 0.188592 0.819381
vt 0.172690 0.806296
vt 0.008106 0.821674
vt 0.023270 0.809175
vt 0.086828 0.773993
vt 0.158323 0.794165
vt 0.077432 0.775692
vt 0.146193 0.786114
vt 0.067870 0.778562
vt 0.135245 0.780642
vt 0.057971 0.782722
vt 0.124917 0.776969
vt 0.047537 0.788582
vt 0.115080 0.774617
vt 0.036400 0.796936
vt 0.105526 0.773452
vt 0.096150 0.773288
vt 0.132486 0.787879
vt 0.122722 0.785020
vt 0.061077 0.789684
vt 0.050991 0.794446
vt 0.113689 0.783160
vt 0.039742 0.801448
vt 0.104937 0.782281
vt 0.025648 0.812144
vt 0.096393 0.782181
vt 0.188161 0.819811
vt 0.170361 0.809557
vt 0.009312 0.822790
vt 0.087898 0.782736
vt 0.154935 0.798971
vt 0.079271 0.784064
vt 0.142960 0.792286
vt 0.070452 0.786367
vt 0.185980 0.822465
vt 0.011528 0.825091
vt 0.340701 0.000875
vt 0.170788 0.170788
vt 0.170788 0.000875
vt 0.340701 0.170788
vt 0.170788 0.340701
vt 0.340701 0.340701
vt 0.170788 0.510614
vt 0.340701 0.510614
vt 0.170788 0.680527
vt 0.000875 0.510614
vt 0.000875 0.340701
vt 0.510614 0.340701
vt 0.340701 0.680527
vt 0.510614 0.510614
s 0
usemtl マテリアル.001
f 380/1/1 67/2/1 7/3/1
f 4/4/2 15/5/2 5/6/2
f 381/7/3 7/3/3 8/8/3
f 5/6/4 16/9/4 384/10/4
f 1/11/5 8/8/5 9/12/5
f 384/10/6 17/13/6 6/14/6
f 382/15/7 9/12/7 10/16/7
f 385/17/8 17/13/8 18/18/8
f 382/15/9 11/19/9 2/20/9
f 383/21/10 11/19/10 12/22/10
f 3/23/11 12/22/11 13/24/11
f 3/23/12 14/25/12 4/4/12
f 13/24/13 24/26/13 25/27/13
f 13/24/14 26/28/14 14/25/14
f 7/3/15 67/2/15 19/29/15
f 14/25/16 27/30/16 15/5/16
f 7/3/17 20/31/17 8/8/17
f 15/5/18 28/32/18 16/9/18
f 8/8/19 21/33/19 9/12/19
f 17/13/20 28/32/20 29/34/20
f 9/12/21 22/35/21 10/16/21
f 18/18/22 29/34/22 30/36/22
f 10/16/23 23/37/23 11/19/23
f 11/19/24 24/26/24 12/22/24
f 29/34/25 40/38/25 41/39/25
f 21/33/26 34/40/26 22/35/26
f 30/36/27 41/39/27 42/41/27
f 22/35/28 35/42/28 23/37/28
f 23/37/29 36/43/29 24/26/29
f 25/27/30 36/43/30 37/44/30
f 26/28/31 37/44/31 38/45/31
f 19/29/32 67/2/32 31/46/32
f 26/28/33 39/47/33 27/30/33
f 19/29/34 32/48/34 20/31/34
f 27/30/35 40/38/35 28/32/35
f 20/31/36 33/49/36 21/33/36
f 38/45/37 49/50/37 50/51/37
f 31/46/38 67/2/38 43/52/38
f 38/45/39 51/53/39 39/47/39
f 31/46/40 44/54/40 32/48/40
f 39/47/41 52/55/41 40/38/41
f 32/48/42 45/56/42 33/49/42
f 41/39/43 52/55/43 53/57/43
f 33/49/44 46/58/44 34/40/44
f 41/39/45 54/59/45 42/41/45
f 35/42/46 46/58/46 47/60/46
f 35/42/47 48/61/47 36/43/47
f 37/44/48 48/61/48 49/50/48
f 53/57/49 66/62/49 54/59/49
f 47/60/50 58/63/50 59/64/50
f 47/60/51 60/65/51 48/61/51
f 49/50/52 60/65/52 61/66/52
f 50/51/53 61/66/53 62/67/53
f 43/52/54 67/2/54 55/68/54
f 50/51/55 63/69/55 51/53/55
f 44/54/56 55/68/56 56/70/56
f 51/53/57 64/71/57 52/55/57
f 45/56/58 56/70/58 57/72/58
f 53/57/59 64/71/59 65/73/59
f 45/56/60 58/63/60 46/58/60
f 55/68/61 67/2/61 68/74/61
f 62/67/62 76/75/62 63/69/62
f 55/68/63 69/76/63 56/70/63
f 63/69/64 77/77/64 64/71/64
f 56/70/65 70/78/65 57/72/65
f 65/73/66 77/77/66 78/79/66
f 57/72/67 71/80/67 58/63/67
f 65/73/68 79/81/68 66/62/68
f 59/64/69 71/80/69 72/82/69
f 59/64/70 73/83/70 60/65/70
f 61/66/71 73/83/71 74/84/71
f 62/67/72 74/84/72 75/85/72
f 72/82/73 83/86/73 84/87/73
f 72/82/74 85/88/74 73/83/74
f 74/84/75 85/88/75 86/89/75
f 75/85/76 86/89/76 87/90/76
f 68/74/77 67/2/77 80/91/77
f 75/85/78 88/92/78 76/75/78
f 68/74/79 81/93/79 69/76/79
f 76/75/80 89/94/80 77/77/80
f 70/78/81 81/93/81 82/95/81
f 78/79/82 89/94/82 90/96/82
f 70/78/83 83/86/83 71/80/83
f 78/79/84 91/97/84 79/81/84
f 87/90/85 100/98/85 88/92/85
f 80/91/86 93/99/86 81/93/86
f 88/92/87 101/100/87 89/94/87
f 81/93/88 94/101/88 82/95/88
f 90/96/89 101/100/89 102/102/89
f 82/95/90 95/103/90 83/86/90
f 90/96/91 103/104/91 91/97/91
f 84/87/92 95/103/92 96/105/92
f 84/87/93 97/106/93 85/88/93
f 86/89/94 97/106/94 98/107/94
f 87/90/95 98/107/95 99/108/95
f 80/91/96 67/2/96 92/109/96
f 96/105/97 109/110/97 97/106/97
f 98/107/98 109/110/98 110/111/98
f 99/108/99 110/111/99 111/112/99
f 92/109/100 67/2/100 104/113/100
f 99/108/101 112/114/101 100/98/101
f 93/99/102 104/113/102 105/115/102
f 100/98/103 113/116/103 101/100/103
f 94/101/104 105/115/104 106/117/104
f 102/102/105 113/116/105 114/118/105
f 94/101/106 107/119/106 95/103/106
f 102/102/107 115/120/107 103/104/107
f 96/105/108 107/119/108 108/121/108
f 104/113/109 117/122/109 105/115/109
f 112/114/110 125/123/110 113/116/110
f 105/115/111 118/124/111 106/117/111
f 114/118/112 125/123/112 126/125/112
f 106/117/113 119/126/113 107/119/113
f 114/118/114 127/127/114 115/120/114
f 108/121/115 119/126/115 120/128/115
f 108/121/116 121/129/116 109/110/116
f 110/111/117 121/129/117 122/130/117
f 111/112/118 122/130/118 123/131/118
f 104/113/119 67/2/119 116/132/119
f 111/112/120 124/133/120 112/114/120
f 120/128/121 133/134/121 121/129/121
f 122/130/122 133/134/122 134/135/122
f 123/131/123 134/135/123 135/136/123
f 116/132/124 67/2/124 128/137/124
f 123/131/125 136/138/125 124/133/125
f 116/132/126 129/139/126 117/122/126
f 124/133/127 137/140/127 125/123/127
f 117/122/128 130/141/128 118/124/128
f 126/125/129 137/140/129 138/142/129
f 118/124/130 131/143/130 119/126/130
f 126/125/131 139/144/131 127/127/131
f 120/128/132 131/143/132 132/145/132
f 136/138/133 149/146/133 137/140/133
f 129/139/134 142/147/134 130/141/134
f 138/142/135 149/146/135 150/148/135
f 130/141/136 143/149/136 131/143/136
f 138/142/137 151/150/137 139/144/137
f 132/145/138 143/149/138 144/151/138
f 132/145/139 145/152/139 133/134/139
f 134/135/140 145/152/140 146/153/140
f 135/136/141 146/153/141 147/154/141
f 128/137/142 67/2/142 140/155/142
f 135/136/143 148/156/143 136/138/143
f 128/137/144 141/157/144 129/139/144
f 146/153/145 157/158/145 158/159/145
f 147/154/146 158/159/146 159/160/146
f 140/155/147 67/2/147 152/161/147
f 147/154/148 160/162/148 148/156/148
f 141/157/149 152/161/149 153/163/149
f 148/156/150 161/164/150 149/146/150
f 142/147/151 153/163/151 154/165/151
f 150/148/152 161/164/152 162/166/152
f 142/147/153 155/167/153 143/149/153
f 150/148/154 163/168/154 151/150/154
f 144/151/155 155/167/155 156/169/155
f 144/151/156 157/158/156 145/152/156
f 162/166/157 173/170/157 174/171/157
f 154/165/158 167/172/158 155/167/158
f 162/166/159 175/173/159 163/168/159
f 156/169/160 167/172/160 168/174/160
f 156/169/161 169/175/161 157/158/161
f 158/159/162 169/175/162 170/176/162
f 159/160/163 170/176/163 171/177/163
f 152/161/164 67/2/164 164/178/164
f 159/160/165 172/179/165 160/162/165
f 152/161/166 165/180/166 153/163/166
f 160/162/167 173/170/167 161/164/167
f 153/163/168 166/181/168 154/165/168
f 171/177/169 182/182/169 183/183/169
f 164/178/170 67/2/170 176/184/170
f 171/177/171 184/185/171 172/179/171
f 164/178/172 177/186/172 165/180/172
f 172/179/173 185/187/173 173/170/173
f 165/180/174 178/188/174 166/181/174
f 174/171/175 185/187/175 186/189/175
f 166/181/176 179/190/176 167/172/176
f 174/171/177 187/191/177 175/173/177
f 168/174/178 179/190/178 180/192/178
f 168/174/179 181/193/179 169/175/179
f 170/176/180 181/193/180 182/182/180
f 178/188/181 191/194/181 179/190/181
f 186/189/182 199/195/182 187/191/182
f 180/192/183 191/194/183 192/196/183
f 180/192/184 193/197/184 181/193/184
f 182/182/185 193/197/185 194/198/185
f 183/183/186 194/198/186 195/199/186
f 176/184/187 67/2/187 188/200/187
f 183/183/188 196/201/188 184/185/188
f 177/186/189 188/200/189 189/202/189
f 184/185/190 197/203/190 185/187/190
f 177/186/191 190/204/191 178/188/191
f 186/189/192 197/203/192 198/205/192
f 195/199/193 206/206/193 207/207/193
f 188/200/194 67/2/194 200/208/194
f 195/199/195 208/209/195 196/201/195
f 189/202/196 200/208/196 201/210/196
f 196/201/197 209/211/197 197/203/197
f 190/204/198 201/210/198 202/212/198
f 198/205/199 209/211/199 210/213/199
f 190/204/200 203/214/200 191/194/200
f 198/205/201 211/215/201 199/195/201
f 192/196/202 203/214/202 204/216/202
f 192/196/203 205/217/203 193/197/203
f 194/198/204 205/217/204 206/206/204
f 210/213/205 223/218/205 211/215/205
f 204/216/206 215/219/206 216/220/206
f 204/216/207 217/221/207 205/217/207
f 206/206/208 217/221/208 218/222/208
f 207/207/209 218/222/209 219/223/209
f 200/208/210 67/2/210 212/224/210
f 207/207/211 220/225/211 208/209/211
f 201/210/212 212/224/212 213/226/212
f 208/209/213 221/227/213 209/211/213
f 201/210/214 214/228/214 202/212/214
f 210/213/215 221/227/215 222/229/215
f 202/212/216 215/219/216 203/214/216
f 212/224/217 67/2/217 224/230/217
f 219/223/218 232/231/218 220/225/218
f 212/224/219 225/232/219 213/226/219
f 220/225/220 233/233/220 221/227/220
f 213/226/221 226/234/221 214/228/221
f 222/229/222 233/233/222 234/235/222
f 214/228/223 227/236/223 215/219/223
f 222/229/224 235/237/224 223/218/224
f 216/220/225 227/236/225 228/238/225
f 216/220/226 229/239/226 217/221/226
f 218/222/227 229/239/227 230/240/227
f 219/223/228 230/240/228 231/241/228
f 228/238/229 239/242/229 240/243/229
f 228/238/230 241/244/230 229/239/230
f 230/240/231 241/244/231 242/245/231
f 231/241/232 242/245/232 243/246/232
f 224/230/233 67/2/233 236/247/233
f 231/241/234 244/248/234 232/231/234
f 224/230/235 237/249/235 225/232/235
f 232/231/236 245/250/236 233/233/236
f 226/234/237 237/249/237 238/251/237
f 234/235/238 245/250/238 246/252/238
f 226/234/239 239/242/239 227/236/239
f 234/235/240 247/253/240 235/237/240
f 243/246/241 256/254/241 244/248/241
f 237/249/242 248/255/242 249/256/242
f 244/248/243 257/257/243 245/250/243
f 238/251/244 249/256/244 250/258/244
f 246/252/245 257/257/245 258/259/245
f 238/251/246 251/260/246 239/242/246
f 246/252/247 259/261/247 247/253/247
f 240/243/248 251/260/248 252/262/248
f 240/243/249 253/263/249 241/244/249
f 242/245/250 253/263/250 254/264/250
f 243/246/251 254/264/251 255/265/251
f 236/247/252 67/2/252 248/255/252
f 252/262/253 265/266/253 253/263/253
f 254/264/254 265/266/254 266/267/254
f 255/265/255 266/267/255 267/268/255
f 248/255/256 67/2/256 260/269/256
f 255/265/257 268/270/257 256/254/257
f 248/255/258 261/271/258 249/256/258
f 256/254/259 269/272/259 257/257/259
f 249/256/260 262/273/260 250/258/260
f 258/259/261 269/272/261 270/274/261
f 250/258/262 263/275/262 251/260/262
f 258/259/263 271/276/263 259/261/263
f 252/262/264 263/275/264 264/277/264
f 268/270/265 281/278/265 269/272/265
f 262/273/266 273/279/266 274/280/266
f 270/274/267 281/278/267 282/281/267
f 262/273/268 275/282/268 263/275/268
f 270/274/269 283/283/269 271/276/269
f 264/277/270 275/282/270 276/284/270
f 264/277/271 277/285/271 265/266/271
f 266/267/272 277/285/272 278/286/272
f 267/268/273 278/286/273 279/287/273
f 260/269/274 67/2/274 272/288/274
f 267/268/275 280/289/275 268/270/275
f 260/269/276 273/279/276 261/271/276
f 278/286/277 289/290/277 290/291/277
f 279/287/278 290/291/278 291/292/278
f 272/288/279 67/2/279 284/293/279
f 279/287/280 292/294/280 280/289/280
f 272/288/281 285/295/281 273/279/281
f 280/289/282 293/296/282 281/278/282
f 274/280/283 285/295/283 286/297/283
f 282/281/284 293/296/284 294/298/284
f 274/280/285 287/299/285 275/282/285
f 282/281/286 295/300/286 283/283/286
f 276/284/287 287/299/287 288/301/287
f 276/284/288 289/290/288 277/285/288
f 286/297/289 297/302/289 298/303/289
f 294/298/290 305/304/290 306/305/290
f 286/297/291 299/306/291 287/299/291
f 294/298/292 307/307/292 295/300/292
f 288/301/293 299/306/293 300/308/293
f 288/301/294 301/309/294 289/290/294
f 290/291/295 301/309/295 302/310/295
f 291/292/296 302/310/296 303/311/296
f 284/293/297 67/2/297 296/312/297
f 291/292/298 304/313/298 292/294/298
f 285/295/299 296/312/299 297/302/299
f 292/294/300 305/304/300 293/296/300
f 302/310/301 313/314/301 314/315/301
f 303/311/302 314/315/302 315/316/302
f 296/312/303 67/2/303 308/317/303
f 303/311/304 316/318/304 304/313/304
f 297/302/305 308/317/305 309/319/305
f 304/313/306 317/320/306 305/304/306
f 298/303/307 309/319/307 310/321/307
f 306/305/308 317/320/308 318/322/308
f 298/303/309 311/323/309 299/306/309
f 306/305/310 319/324/310 307/307/310
f 300/308/311 311/323/311 312/325/311
f 300/308/312 313/314/312 301/309/312
f 318/322/313 329/326/313 330/327/313
f 310/321/314 323/328/314 311/323/314
f 318/322/315 331/329/315 319/324/315
f 312/325/316 323/328/316 324/330/316
f 312/325/317 325/331/317 313/314/317
f 314/315/318 325/331/318 326/332/318
f 315/316/319 326/332/319 327/333/319
f 308/317/320 67/2/320 320/334/320
f 315/316/321 328/335/321 316/318/321
f 308/317/322 321/336/322 309/319/322
f 316/318/323 329/326/323 317/320/323
f 310/321/324 321/336/324 322/337/324
f 327/333/325 338/338/325 339/339/325
f 320/334/326 67/2/326 332/340/326
f 327/333/327 340/341/327 328/335/327
f 320/334/328 333/342/328 321/336/328
f 328/335/329 341/343/329 329/326/329
f 322/337/330 333/342/330 334/344/330
f 330/327/331 341/343/331 342/345/331
f 322/337/332 335/346/332 323/328/332
f 330/327/333 343/347/333 331/329/333
f 324/330/334 335/346/334 336/348/334
f 324/330/335 337/349/335 325/331/335
f 326/332/336 337/349/336 338/338/336
f 334/344/337 347/350/337 335/346/337
f 342/345/338 355/351/338 343/347/338
f 336/348/339 347/350/339 348/352/339
f 336/348/340 349/353/340 337/349/340
f 338/338/341 349/353/341 350/354/341
f 339/339/342 350/354/342 351/355/342
f 332/340/343 67/2/343 344/356/343
f 339/339/344 352/357/344 340/341/344
f 332/340/345 345/358/345 333/342/345
f 340/341/346 353/359/346 341/343/346
f 334/344/347 345/358/347 346/360/347
f 342/345/348 353/359/348 354/361/348
f 351/355/349 362/362/349 363/363/349
f 344/356/350 67/2/350 356/364/350
f 351/355/351 364/365/351 352/357/351
f 345/358/352 356/364/352 357/366/352
f 352/357/353 365/367/353 353/359/353
f 346/360/354 357/366/354 358/368/354
f 354/361/355 365/367/355 366/369/355
f 346/360/356 359/370/356 347/350/356
f 354/361/357 367/371/357 355/351/357
f 348/352/358 359/370/358 360/372/358
f 348/352/359 361/373/359 349/353/359
f 350/354/360 361/373/360 362/362/360
f 366/369/361 379/374/361 367/371/361
f 360/372/362 371/375/362 372/376/362
f 360/372/363 373/377/363 361/373/363
f 362/362/364 373/377/364 374/378/364
f 363/363/365 374/378/365 375/379/365
f 356/364/366 67/2/366 368/380/366
f 363/363/367 376/381/367 364/365/367
f 356/364/368 369/382/368 357/366/368
f 364/365/369 377/383/369 365/367/369
f 358/368/370 369/382/370 370/384/370
f 366/369/371 377/383/371 378/385/371
f 358/368/372 371/375/372 359/370/372
f 368/380/373 67/2/373 380/1/373
f 383/21/374 3/23/374 373/377/374
f 1341/945/1 949/946/1 874/947/1
f 1175/948/375 1349/949/375 888/950/375
f 872/951/376 881/952/376 882/953/376
f 1342/954/3 874/947/3 875/955/3
f 872/951/4 883/956/4 1345/957/4
f 868/958/5 875/955/5 876/959/5
f 1345/957/6 884/960/6 873/961/6
f 1343/962/7 876/959/7 877/963/7
f 1346/964/8 884/960/8 885/965/8
f 1343/962/9 878/966/9 869/967/9
f 1346/964/377 886/968/377 1347/969/377
f 1344/970/10 878/966/10 879/971/10
f 1347/969/378 887/972/378 1348/973/378
f 870/974/11 879/971/11 880/975/11
f 1348/973/533 888/950/533 1349/949/533
f 870/974/12 881/952/12 871/976/12
f 887/972/381 903/977/381 888/950/381
f 880/975/382 896/978/382 881/952/382
f 874/947/15 949/979/15 889/980/15
f 1175/981/383 888/950/383 903/977/383
f 882/953/384 896/978/384 897/982/384
f 875/955/17 889/980/17 890/983/17
f 882/953/18 898/984/18 883/956/18
f 875/955/19 891/985/19 876/959/19
f 884/960/20 898/984/20 899/986/20
f 876/959/21 892/987/21 877/963/21
f 885/965/22 899/986/22 900/988/22
f 877/963/23 893/989/23 878/966/23
f 885/965/385 901/990/385 886/968/385
f 878/966/24 894/991/24 879/971/24
f 887/972/386 901/990/386 902/992/386
f 880/975/13 894/991/13 895/993/13
f 891/985/26 907/994/26 892/987/26
f 900/988/27 914/995/27 915/996/27
f 892/987/28 908/997/28 893/989/28
f 901/990/387 915/996/387 916/998/387
f 893/989/29 909/999/29 894/991/29
f 902/992/534 916/998/534 917/1000/534
f 895/993/30 909/999/30 910/1001/30
f 903/977/389 917/1000/389 918/1002/389
f 896/978/31 910/1001/31 911/1003/31
f 889/980/32 949/1004/32 904/1005/32
f 1175/1006/390 903/977/390 918/1002/390
f 896/978/33 912/1007/33 897/982/33
f 889/980/34 905/1008/34 890/983/34
f 897/982/35 913/1009/35 898/984/35
f 890/983/36 906/1010/36 891/985/36
f 899/986/25 913/1009/25 914/995/25
f 911/1003/37 925/1011/37 926/1012/37
f 904/1005/38 949/1013/38 919/1014/38
f 1175/1015/392 918/1002/392 933/1016/392
f 911/1003/39 927/1017/39 912/1007/39
f 905/1008/40 919/1014/40 920/1018/40
f 912/1007/41 928/1019/41 913/1009/41
f 906/1010/42 920/1018/42 921/1020/42
f 914/995/43 928/1019/43 929/1021/43
f 907/994/44 921/1020/44 922/1022/44
f 914/995/45 930/1023/45 915/996/45
f 908/997/46 922/1022/46 923/1024/46
f 915/996/393 931/1025/393 916/998/393
f 908/997/47 924/1026/47 909/999/47
f 916/998/394 932/1027/394 917/1000/394
f 910/1001/48 924/1026/48 925/1011/48
f 917/1000/395 933/1016/395 918/1002/395
f 930/1023/49 944/1028/49 945/1029/49
f 922/1022/50 938/1030/50 923/1024/50
f 931/1025/396 945/1029/396 946/1031/396
f 924/1026/51 938/1030/51 939/1032/51
f 932/1027/397 946/1031/397 947/1033/397
f 925/1011/52 939/1032/52 940/1034/52
f 933/1016/398 947/1033/398 948/1035/398
f 926/1012/53 940/1034/53 941/1036/53
f 919/1014/54 949/1037/54 934/1038/54
f 1175/1039/399 933/1016/399 948/1035/399
f 926/1012/55 942/1040/55 927/1017/55
f 919/1014/56 935/1041/56 920/1018/56
f 927/1017/57 943/1042/57 928/1019/57
f 920/1018/58 936/1043/58 921/1020/58
f 928/1019/59 944/1028/59 929/1021/59
f 921/1020/60 937/1044/60 922/1022/60
f 934/1038/61 949/1045/61 950/1046/61
f 1175/1047/400 948/1035/400 964/1048/400
f 941/1036/62 958/1049/62 942/1040/62
f 934/1038/63 951/1050/63 935/1041/63
f 942/1040/64 959/1051/64 943/1042/64
f 935/1041/65 952/1052/65 936/1043/65
f 944/1028/66 959/1051/66 960/1053/66
f 936/1043/67 953/1054/67 937/1044/67
f 944/1028/68 961/1055/68 945/1029/68
f 938/1030/69 953/1054/69 954/1056/69
f 946/1031/401 961/1055/401 962/1057/401
f 938/1030/70 955/1058/70 939/1032/70
f 947/1033/402 962/1057/402 963/1059/402
f 940/1034/71 955/1058/71 956/1060/71
f 948/1035/403 963/1059/403 964/1048/403
f 941/1036/72 956/1060/72 957/1061/72
f 954/1056/73 968/1062/73 969/1063/73
f 961/1055/404 977/1064/404 962/1057/404
f 954/1056/74 970/1065/74 955/1058/74
f 963/1059/405 977/1064/405 978/1066/405
f 956/1060/75 970/1065/75 971/1067/75
f 963/1059/406 979/1068/406 964/1048/406
f 957/1061/76 971/1067/76 972/1069/76
f 950/1046/77 949/1070/77 965/1071/77
f 1175/1072/407 964/1048/407 979/1068/407
f 957/1061/78 973/1073/78 958/1049/78
f 951/1050/79 965/1071/79 966/1074/79
f 958/1049/80 974/1075/80 959/1051/80
f 951/1050/81 967/1076/81 952/1052/81
f 960/1053/82 974/1075/82 975/1077/82
f 953/1054/83 967/1076/83 968/1062/83
f 960/1053/84 976/1078/84 961/1055/84
f 972/1069/535 988/1079/535 973/1073/535
f 966/1074/86 980/1080/86 981/1081/86
f 973/1073/87 989/1082/87 974/1075/87
f 966/1074/88 982/1083/88 967/1076/88
f 975/1077/89 989/1082/89 990/1084/89
f 967/1076/90 983/1085/90 968/1062/90
f 976/1078/91 990/1084/91 991/1086/91
f 968/1062/92 984/1087/92 969/1063/92
f 977/1064/408 991/1086/408 992/1088/408
f 969/1063/93 985/1089/93 970/1065/93
f 978/1066/409 992/1088/409 993/1090/409
f 971/1067/94 985/1089/94 986/1091/94
f 978/1066/536 994/1092/536 979/1068/536
f 972/1069/537 986/1091/537 987/1093/537
f 965/1071/96 949/1094/96 980/1080/96
f 1175/1095/411 979/1068/411 994/1092/411
f 991/1086/412 1007/1096/412 992/1088/412
f 984/1087/97 1000/1097/97 985/1089/97
f 992/1088/413 1008/1098/413 993/1090/413
f 986/1091/98 1000/1097/98 1001/1099/98
f 994/1092/538 1008/1098/538 1009/1100/538
f 987/1093/99 1001/1099/99 1002/1101/99
f 980/1080/100 949/1102/100 995/1103/100
f 1175/1104/416 994/1092/416 1009/1100/416
f 987/1093/101 1003/1105/101 988/1079/101
f 980/1080/102 996/1106/102 981/1081/102
f 988/1079/103 1004/1107/103 989/1082/103
f 982/1083/104 996/1106/104 997/1108/104
f 990/1084/105 1004/1107/105 1005/1109/105
f 983/1085/106 997/1108/106 998/1110/106
f 990/1084/107 1006/1111/107 991/1086/107
f 984/1087/108 998/1110/108 999/1112/108
f 1003/1105/110 1019/1113/110 1004/1107/110
f 996/1106/111 1012/1114/111 997/1108/111
f 1005/1109/112 1019/1113/112 1020/1115/112
f 997/1108/113 1013/1116/113 998/1110/113
f 1006/1111/114 1020/1115/114 1021/1117/114
f 998/1110/115 1014/1118/115 999/1112/115
f 1007/1096/419 1021/1117/419 1022/1119/419
f 999/1112/116 1015/1120/116 1000/1097/116
f 1008/1098/420 1022/1119/420 1023/1121/420
f 1001/1099/117 1015/1120/117 1016/1122/117
f 1009/1100/539 1023/1121/539 1024/1123/539
f 1002/1101/118 1016/1122/118 1017/1124/118
f 995/1103/119 949/1125/119 1010/1126/119
f 1175/1127/422 1009/1100/422 1024/1123/422
f 1002/1101/120 1018/1128/120 1003/1105/120
f 995/1103/109 1011/1129/109 996/1106/109
f 1022/1119/540 1038/1130/540 1023/1121/540
f 1016/1122/122 1030/1131/122 1031/1132/122
f 1024/1123/541 1038/1130/541 1039/1133/541
f 1017/1124/123 1031/1132/123 1032/1134/123
f 1010/1126/124 949/1135/124 1025/1136/124
f 1175/1137/426 1024/1123/426 1039/1133/426
f 1017/1124/125 1033/1138/125 1018/1128/125
f 1010/1126/126 1026/1139/126 1011/1129/126
f 1018/1128/127 1034/1140/127 1019/1113/127
f 1012/1114/128 1026/1139/128 1027/1141/128
f 1020/1115/129 1034/1140/129 1035/1142/129
f 1012/1114/130 1028/1143/130 1013/1116/130
f 1020/1115/131 1036/1144/131 1021/1117/131
f 1014/1118/132 1028/1143/132 1029/1145/132
f 1022/1119/429 1036/1144/429 1037/1146/429
f 1014/1118/121 1030/1131/121 1015/1120/121
f 1026/1139/134 1042/1147/134 1027/1141/134
f 1035/1142/135 1049/1148/135 1050/1149/135
f 1027/1141/136 1043/1150/136 1028/1143/136
f 1035/1142/137 1051/1151/137 1036/1144/137
f 1029/1145/138 1043/1150/138 1044/1152/138
f 1037/1146/430 1051/1151/430 1052/1153/430
f 1029/1145/139 1045/1154/139 1030/1131/139
f 1037/1146/431 1053/1155/431 1038/1130/431
f 1030/1131/140 1046/1156/140 1031/1132/140
f 1039/1133/432 1053/1155/432 1054/1157/432
f 1032/1134/141 1046/1156/141 1047/1158/141
f 1025/1136/142 949/1159/142 1040/1160/142
f 1175/1161/433 1039/1133/433 1054/1157/433
f 1032/1134/143 1048/1162/143 1033/1138/143
f 1025/1136/144 1041/1163/144 1026/1139/144
f 1034/1140/133 1048/1162/133 1049/1148/133
f 1046/1156/145 1060/1164/145 1061/1165/145
f 1053/1155/542 1069/1166/542 1054/1157/542
f 1047/1158/146 1061/1165/146 1062/1167/146
f 1040/1160/147 949/1168/147 1055/1169/147
f 1175/1170/435 1054/1157/435 1069/1166/435
f 1047/1158/148 1063/1171/148 1048/1162/148
f 1041/1163/149 1055/1169/149 1056/1172/149
f 1048/1162/150 1064/1173/150 1049/1148/150
f 1042/1147/151 1056/1172/151 1057/1174/151
f 1050/1149/152 1064/1173/152 1065/1175/152
f 1042/1147/153 1058/1176/153 1043/1150/153
f 1051/1151/154 1065/1175/154 1066/1177/154
f 1043/1150/155 1059/1178/155 1044/1152/155
f 1052/1153/436 1066/1177/436 1067/1179/436
f 1044/1152/156 1060/1164/156 1045/1154/156
f 1052/1153/437 1068/1180/437 1053/1155/437
f 1065/1175/157 1079/1181/157 1080/1182/157
f 1057/1174/158 1073/1183/158 1058/1176/158
f 1065/1175/159 1081/1184/159 1066/1177/159
f 1059/1178/160 1073/1183/160 1074/1185/160
f 1067/1179/438 1081/1184/438 1082/1186/438
f 1059/1178/161 1075/1187/161 1060/1164/161
f 1068/1180/439 1082/1186/439 1083/1188/439
f 1061/1165/162 1075/1187/162 1076/1189/162
f 1068/1180/440 1084/1190/440 1069/1166/440
f 1062/1167/163 1076/1189/163 1077/1191/163
f 1055/1169/164 949/1192/164 1070/1193/164
f 1175/1194/441 1069/1166/441 1084/1190/441
f 1062/1167/165 1078/1195/165 1063/1171/165
f 1056/1172/166 1070/1193/166 1071/1196/166
f 1063/1171/167 1079/1181/167 1064/1173/167
f 1056/1172/168 1072/1197/168 1057/1174/168
f 1084/1190/444 1098/1198/444 1099/1199/444
f 1077/1191/169 1091/1200/169 1092/1201/169
f 1070/1193/170 949/1202/170 1085/1203/170
f 1175/1204/445 1084/1190/445 1099/1199/445
f 1077/1191/171 1093/1205/171 1078/1195/171
f 1070/1193/172 1086/1206/172 1071/1196/172
f 1078/1195/173 1094/1207/173 1079/1181/173
f 1071/1196/174 1087/1208/174 1072/1197/174
f 1080/1182/175 1094/1207/175 1095/1209/175
f 1073/1183/176 1087/1208/176 1088/1210/176
f 1081/1184/177 1095/1209/177 1096/1211/177
f 1073/1183/178 1089/1212/178 1074/1185/178
f 1081/1184/446 1097/1213/446 1082/1186/446
f 1074/1185/179 1090/1214/179 1075/1187/179
f 1083/1188/447 1097/1213/447 1098/1198/447
f 1076/1189/180 1090/1214/180 1091/1200/180
f 1087/1208/181 1103/1215/181 1088/1210/181
f 1095/1209/182 1111/1216/182 1096/1211/182
f 1089/1212/183 1103/1215/183 1104/1217/183
f 1097/1213/448 1111/1216/448 1112/1218/448
f 1089/1212/184 1105/1219/184 1090/1214/184
f 1097/1213/449 1113/1220/449 1098/1198/449
f 1091/1200/185 1105/1219/185 1106/1221/185
f 1098/1198/450 1114/1222/450 1099/1199/450
f 1092/1201/186 1106/1221/186 1107/1223/186
f 1085/1203/187 949/1224/187 1100/1225/187
f 1175/1226/451 1099/1199/451 1114/1222/451
f 1092/1201/543 1108/1227/543 1093/1205/543
f 1086/1206/189 1100/1225/189 1101/1228/189
f 1093/1205/190 1109/1229/190 1094/1207/190
f 1086/1206/191 1102/1230/191 1087/1208/191
f 1095/1209/192 1109/1229/192 1110/1231/192
f 1107/1223/193 1121/1232/193 1122/1233/193
f 1100/1225/194 949/1234/194 1115/1235/194
f 1175/1236/453 1114/1222/453 1129/1237/453
f 1107/1223/544 1123/1238/544 1108/1227/544
f 1100/1225/196 1116/1239/196 1101/1228/196
f 1108/1227/197 1124/1240/197 1109/1229/197
f 1102/1230/198 1116/1239/198 1117/1241/198
f 1110/1231/199 1124/1240/199 1125/1242/199
f 1103/1215/200 1117/1241/200 1118/1243/200
f 1110/1231/201 1126/1244/201 1111/1216/201
f 1104/1217/202 1118/1243/202 1119/1245/202
f 1111/1216/455 1127/1246/455 1112/1218/455
f 1104/1217/203 1120/1247/203 1105/1219/203
f 1112/1218/456 1128/1248/456 1113/1220/456
f 1106/1221/204 1120/1247/204 1121/1232/204
f 1114/1222/545 1128/1248/545 1129/1237/545
f 1125/1242/205 1141/1249/205 1126/1244/205
f 1119/1245/206 1133/1250/206 1134/1251/206
f 1127/1246/458 1141/1249/458 1142/1252/458
f 1119/1245/207 1135/1253/207 1120/1247/207
f 1128/1248/459 1142/1252/459 1143/1254/459
f 1121/1232/208 1135/1253/208 1136/1255/208
f 1128/1248/460 1144/1256/460 1129/1237/460
f 1122/1233/209 1136/1255/209 1137/1257/209
f 1115/1235/210 949/1258/210 1130/1259/210
f 1175/1260/461 1129/1237/461 1144/1256/461
f 1122/1233/211 1138/1261/211 1123/1238/211
f 1116/1239/546 1130/1259/546 1131/1262/546
f 1123/1238/213 1139/1263/213 1124/1240/213
f 1116/1239/214 1132/1264/214 1117/1241/214
f 1125/1242/215 1139/1263/215 1140/1265/215
f 1117/1241/216 1133/1250/216 1118/1243/216
f 1175/1266/462 1144/1256/462 1159/1267/462
f 1137/1257/218 1153/1268/218 1138/1261/218
f 1130/1259/219 1146/1269/219 1131/1262/219
f 1138/1261/220 1154/1270/220 1139/1263/220
f 1132/1264/463 1146/1269/463 1147/1271/463
f 1140/1265/222 1154/1270/222 1155/1272/222
f 1132/1264/223 1148/1273/223 1133/1250/223
f 1140/1265/224 1156/1274/224 1141/1249/224
f 1134/1251/225 1148/1273/225 1149/1275/225
f 1142/1252/464 1156/1274/464 1157/1276/464
f 1134/1251/226 1150/1277/226 1135/1253/226
f 1142/1252/465 1158/1278/465 1143/1254/465
f 1136/1255/227 1150/1277/227 1151/1279/227
f 1144/1256/466 1158/1278/466 1159/1267/466
f 1137/1257/547 1151/1279/547 1152/1280/547
f 1130/1259/217 949/1281/217 1145/1282/217
f 1157/1276/467 1171/1283/467 1172/1284/467
f 1149/1275/230 1165/1285/230 1150/1277/230
f 1158/1278/468 1172/1284/468 1173/1286/468
f 1151/1279/231 1165/1285/231 1166/1287/231
f 1159/1267/469 1173/1286/469 1174/1288/469
f 1152/1280/232 1166/1287/232 1167/1289/232
f 1145/1282/233 949/1290/233 1160/1291/233
f 1175/1292/470 1159/1267/470 1174/1288/470
f 1152/1280/234 1168/1293/234 1153/1268/234
f 1145/1282/235 1161/1294/235 1146/1269/235
f 1153/1268/236 1169/1295/236 1154/1270/236
f 1146/1269/237 1162/1296/237 1147/1271/237
f 1155/1272/238 1169/1295/238 1170/1297/238
f 1147/1271/239 1163/1298/239 1148/1273/239
f 1155/1272/240 1171/1283/240 1156/1274/240
f 1149/1275/229 1163/1298/229 1164/1299/229
f 1160/1291/242 1177/1300/242 1161/1294/242
f 1168/1293/243 1185/1301/243 1169/1295/243
f 1162/1296/244 1177/1300/244 1178/1302/244
f 1170/1297/245 1185/1301/245 1186/1303/245
f 1162/1296/246 1179/1304/246 1163/1298/246
f 1170/1297/247 1187/1305/247 1171/1283/247
f 1164/1299/248 1179/1304/248 1180/1306/248
f 1172/1284/471 1187/1305/471 1188/1307/471
f 1164/1299/249 1181/1308/249 1165/1285/249
f 1172/1284/472 1189/1309/472 1173/1286/472
f 1166/1287/250 1181/1308/250 1182/1310/250
f 1174/1288/473 1189/1309/473 1190/1311/473
f 1167/1289/251 1182/1310/251 1183/1312/251
f 1160/1291/252 949/1313/252 1176/1314/252
f 1175/1315/474 1174/1288/474 1190/1311/474
f 1167/1289/241 1184/1316/241 1168/1293/241
f 1180/1306/253 1196/1317/253 1181/1308/253
f 1188/1307/548 1204/1318/548 1189/1309/548
f 1182/1310/254 1196/1317/254 1197/1319/254
f 1189/1309/549 1205/1320/549 1190/1311/549
f 1183/1312/255 1197/1319/255 1198/1321/255
f 1176/1314/256 949/1322/256 1191/1323/256
f 1175/1324/477 1190/1311/477 1205/1320/477
f 1183/1312/257 1199/1325/257 1184/1316/257
f 1177/1300/258 1191/1323/258 1192/1326/258
f 1184/1316/259 1200/1327/259 1185/1301/259
f 1178/1302/260 1192/1326/260 1193/1328/260
f 1186/1303/261 1200/1327/261 1201/1329/261
f 1178/1302/262 1194/1330/262 1179/1304/262
f 1186/1303/263 1202/1331/263 1187/1305/263
f 1180/1306/264 1194/1330/264 1195/1332/264
f 1188/1307/479 1202/1331/479 1203/1333/479
f 1199/1325/265 1215/1334/265 1200/1327/265
f 1192/1326/266 1208/1335/266 1193/1328/266
f 1201/1329/267 1215/1334/267 1216/1336/267
f 1193/1328/268 1209/1337/268 1194/1330/268
f 1201/1329/269 1217/1338/269 1202/1331/269
f 1195/1332/270 1209/1337/270 1210/1339/270
f 1203/1333/480 1217/1338/480 1218/1340/480
f 1195/1332/271 1211/1341/271 1196/1317/271
f 1204/1318/481 1218/1340/481 1219/1342/481
f 1197/1319/272 1211/1341/272 1212/1343/272
f 1204/1318/482 1220/1344/482 1205/1320/482
f 1198/1321/273 1212/1343/273 1213/1345/273
f 1191/1323/274 949/1346/274 1206/1347/274
f 1175/1348/483 1205/1320/483 1220/1344/483
f 1198/1321/275 1214/1349/275 1199/1325/275
f 1192/1326/276 1206/1347/276 1207/1350/276
f 1218/1340/484 1234/1351/484 1219/1342/484
f 1212/1343/277 1226/1352/277 1227/1353/277
f 1220/1344/485 1234/1351/485 1235/1354/485
f 1213/1345/278 1227/1353/278 1228/1355/278
f 1206/1347/279 949/1356/279 1221/1357/279
f 1175/1358/486 1220/1344/486 1235/1354/486
f 1213/1345/487 1229/1359/487 1214/1349/487
f 1206/1347/281 1222/1360/281 1207/1350/281
f 1214/1349/282 1230/1361/282 1215/1334/282
f 1208/1335/283 1222/1360/283 1223/1362/283
f 1216/1336/284 1230/1361/284 1231/1363/284
f 1208/1335/285 1224/1364/285 1209/1337/285
f 1216/1336/286 1232/1365/286 1217/1338/286
f 1210/1339/287 1224/1364/287 1225/1366/287
f 1218/1340/488 1232/1365/488 1233/1367/488
f 1210/1339/288 1226/1352/288 1211/1341/288
f 1223/1368/289 1237/1369/289 1238/1370/289
f 1231/1371/290 1245/1372/290 1246/1373/290
f 1223/1368/291 1239/1374/291 1224/1375/291
f 1231/1371/292 1247/1376/292 1232/1377/292
f 1225/1378/293 1239/1374/293 1240/1379/293
f 1233/1380/489 1247/1376/489 1248/1381/489
f 1225/1378/294 1241/1382/294 1226/1383/294
f 1233/1380/490 1249/1384/490 1234/1385/490
f 1227/1386/295 1241/1382/295 1242/1387/295
f 1235/1388/491 1249/1384/491 1250/1389/491
f 1228/1390/296 1242/1387/296 1243/1391/296
f 1221/1392/297 949/1393/297 1236/1394/297
f 1175/1395/492 1235/1388/492 1250/1389/492
f 1228/1390/493 1244/1396/493 1229/1397/493
f 1221/1392/299 1237/1369/299 1222/1398/299
f 1229/1397/300 1245/1372/300 1230/1399/300
f 1242/1387/301 1256/1400/301 1257/1401/301
f 1250/1389/494 1264/1402/494 1265/1403/494
f 1243/1391/302 1257/1401/302 1258/1404/302
f 1236/1394/303 949/1405/303 1251/1406/303
f 1175/1407/495 1250/1389/495 1265/1403/495
f 1243/1391/304 1259/1408/304 1244/1396/304
f 1236/1394/305 1252/1409/305 1237/1369/305
f 1244/1396/306 1260/1410/306 1245/1372/306
f 1238/1370/307 1252/1409/307 1253/1411/307
f 1246/1373/308 1260/1410/308 1261/1412/308
f 1238/1370/309 1254/1413/309 1239/1374/309
f 1246/1373/310 1262/1414/310 1247/1376/310
f 1240/1379/311 1254/1413/311 1255/1415/311
f 1248/1381/496 1262/1414/496 1263/1416/496
f 1240/1379/312 1256/1400/312 1241/1382/312
f 1248/1381/497 1264/1402/497 1249/1384/497
f 1261/1412/313 1275/1417/313 1276/1418/313
f 1253/1411/314 1269/1419/314 1254/1413/314
f 1261/1412/315 1277/1420/315 1262/1414/315
f 1255/1415/316 1269/1419/316 1270/1421/316
f 1263/1416/498 1277/1420/498 1278/1422/498
f 1255/1415/317 1271/1423/317 1256/1400/317
f 1263/1416/550 1279/1424/550 1264/1402/550
f 1257/1401/318 1271/1423/318 1272/1425/318
f 1264/1402/500 1280/1426/500 1265/1403/500
f 1258/1404/319 1272/1425/319 1273/1427/319
f 1251/1406/320 949/1428/320 1266/1429/320
f 1175/1430/501 1265/1403/501 1280/1426/501
f 1258/1404/321 1274/1431/321 1259/1408/321
f 1252/1409/322 1266/1429/322 1267/1432/322
f 1259/1408/323 1275/1417/323 1260/1410/323
f 1253/1411/324 1267/1432/324 1268/1433/324
f 1280/1426/502 1294/1434/502 1295/1435/502
f 1273/1427/325 1287/1436/325 1288/1437/325
f 1266/1429/326 949/1438/326 1281/1439/326
f 1175/1440/503 1280/1426/503 1295/1435/503
f 1273/1427/327 1289/1441/327 1274/1431/327
f 1266/1429/328 1282/1442/328 1267/1432/328
f 1274/1431/329 1290/1443/329 1275/1417/329
f 1267/1432/330 1283/1444/330 1268/1433/330
f 1276/1418/331 1290/1443/331 1291/1445/331
f 1268/1433/332 1284/1446/332 1269/1419/332
f 1276/1418/333 1292/1447/333 1277/1420/333
f 1270/1421/334 1284/1446/334 1285/1448/334
f 1278/1422/504 1292/1447/504 1293/1449/504
f 1270/1421/335 1286/1450/335 1271/1423/335
f 1279/1424/505 1293/1449/505 1294/1434/505
f 1272/1425/336 1286/1450/336 1287/1436/336
f 1291/1445/338 1307/1451/338 1292/1447/338
f 1285/1448/339 1299/1452/339 1300/1453/339
f 1293/1449/506 1307/1451/506 1308/1454/506
f 1285/1448/340 1301/1455/340 1286/1450/340
f 1293/1449/507 1309/1456/507 1294/1434/507
f 1287/1436/341 1301/1455/341 1302/1457/341
f 1294/1434/508 1310/1458/508 1295/1435/508
f 1288/1437/342 1302/1457/342 1303/1459/342
f 1281/1439/343 949/1460/343 1296/1461/343
f 1175/1462/509 1295/1435/509 1310/1458/509
f 1288/1437/344 1304/1463/344 1289/1441/344
f 1282/1442/345 1296/1461/345 1297/1464/345
f 1289/1441/346 1305/1465/346 1290/1443/346
f 1283/1444/347 1297/1464/347 1298/1466/347
f 1291/1445/348 1305/1465/348 1306/1467/348
f 1283/1444/337 1299/1452/337 1284/1446/337
f 1296/1461/350 949/1468/350 1311/1469/350
f 1175/1470/510 1310/1458/510 1325/1471/510
f 1303/1459/351 1319/1472/351 1304/1463/351
f 1296/1461/352 1312/1473/352 1297/1464/352
f 1304/1463/353 1320/1474/353 1305/1465/353
f 1298/1466/511 1312/1473/511 1313/1475/511
f 1306/1467/355 1320/1474/355 1321/1476/355
f 1298/1466/356 1314/1477/356 1299/1452/356
f 1306/1467/357 1322/1478/357 1307/1451/357
f 1300/1453/358 1314/1477/358 1315/1479/358
f 1308/1454/512 1322/1478/512 1323/1480/512
f 1300/1453/359 1316/1481/359 1301/1455/359
f 1308/1454/551 1324/1482/551 1309/1456/551
f 1302/1457/360 1316/1481/360 1317/1483/360
f 1310/1458/514 1324/1482/514 1325/1471/514
f 1303/1459/349 1317/1483/349 1318/1484/349
f 1315/1479/362 1329/1485/362 1330/1486/362
f 1323/1480/515 1337/1487/515 1338/1488/515
f 1315/1479/363 1331/1489/363 1316/1481/363
f 1323/1480/516 1339/1490/516 1324/1482/516
f 1317/1483/364 1331/1489/364 1332/1491/364
f 1325/1471/517 1339/1490/517 1340/1492/517
f 1318/1484/365 1332/1491/365 1333/1493/365
f 1311/1469/366 949/1494/366 1326/1495/366
f 1175/1496/518 1325/1471/518 1340/1492/518
f 1318/1484/367 1334/1497/367 1319/1472/367
f 1311/1469/368 1327/1498/368 1312/1473/368
f 1319/1472/369 1335/1499/369 1320/1474/369
f 1313/1475/370 1327/1498/370 1328/1500/370
f 1321/1476/371 1335/1499/371 1336/1501/371
f 1313/1475/372 1329/1485/372 1314/1477/372
f 1321/1476/361 1337/1487/361 1322/1478/361
f 1333/1493/519 872/951/519 1334/1497/519
f 1326/1495/520 1342/954/520 1327/1498/520
f 1334/1497/521 1345/957/521 1335/1499/521
f 1328/1500/522 1342/954/522 868/958/522
f 1335/1499/523 873/961/523 1336/1501/523
f 1329/1485/524 868/958/524 1343/962/524
f 1336/1501/525 1346/964/525 1337/1487/525
f 1330/1486/526 1343/962/526 869/967/526
f 1338/1488/527 1346/964/527 1347/969/527
f 1331/1489/528 869/967/528 1344/970/528
f 1338/1488/529 1348/973/529 1339/1490/529
f 1332/1491/374 1344/970/374 870/974/374
f 1339/1490/552 1349/949/552 1340/1492/552
f 1333/1493/531 870/974/531 871/976/531
f 1326/1495/373 949/1502/373 1341/945/373
f 1175/1503/532 1340/1492/532 1349/949/532
f 1823/1504/553 1431/1505/553 1356/1506/553
f 1657/1507/375 1831/1508/375 1370/1509/375
f 1354/1510/376 1363/1511/376 1364/1512/376
f 1824/1513/3 1356/1506/3 1357/1514/3
f 1354/1510/4 1365/1515/4 1827/1516/4
f 1350/1517/5 1357/1514/5 1358/1518/5
f 1827/1516/6 1366/1519/6 1355/1520/6
f 1825/1521/7 1358/1518/7 1359/1522/7
f 1355/1520/8 1367/1523/8 1828/1524/8
f 1825/1521/9 1360/1525/9 1351/1526/9
f 1828/1524/377 1368/1527/377 1829/1528/377
f 1826/1529/10 1360/1525/10 1361/1530/10
f 1829/1528/378 1369/1531/378 1830/1532/378
f 1352/1533/11 1361/1530/11 1362/1534/11
f 1830/1532/379 1370/1509/379 1831/1508/379
f 1352/1533/12 1363/1511/12 1353/1535/12
f 1369/1531/381 1385/1536/381 1370/1509/381
f 1363/1511/382 1377/1537/382 1378/1538/382
f 1356/1506/15 1431/1539/15 1371/1540/15
f 1657/1541/383 1370/1509/383 1385/1536/383
f 1363/1511/384 1379/1542/384 1364/1512/384
f 1357/1514/17 1371/1540/17 1372/1543/17
f 1364/1512/18 1380/1544/18 1365/1515/18
f 1357/1514/19 1373/1545/19 1358/1518/19
f 1366/1519/20 1380/1544/20 1381/1546/20
f 1358/1518/21 1374/1547/21 1359/1522/21
f 1367/1523/22 1381/1546/22 1382/1548/22
f 1359/1522/23 1375/1549/23 1360/1525/23
f 1368/1527/385 1382/1548/385 1383/1550/385
f 1360/1525/24 1376/1551/24 1361/1530/24
f 1369/1531/386 1383/1550/386 1384/1552/386
f 1362/1534/13 1376/1551/13 1377/1537/13
f 1373/1545/26 1389/1553/26 1374/1547/26
f 1382/1548/27 1396/1554/27 1397/1555/27
f 1374/1547/28 1390/1556/28 1375/1549/28
f 1383/1550/387 1397/1555/387 1398/1557/387
f 1375/1549/29 1391/1558/29 1376/1551/29
f 1384/1552/534 1398/1557/534 1399/1559/534
f 1377/1537/30 1391/1558/30 1392/1560/30
f 1385/1536/389 1399/1559/389 1400/1561/389
f 1378/1538/31 1392/1560/31 1393/1562/31
f 1371/1540/32 1431/1563/32 1386/1564/32
f 1657/1565/390 1385/1536/390 1400/1561/390
f 1378/1538/33 1394/1566/33 1379/1542/33
f 1371/1540/34 1387/1567/34 1372/1543/34
f 1379/1542/35 1395/1568/35 1380/1544/35
f 1372/1543/36 1388/1569/36 1373/1545/36
f 1381/1546/25 1395/1568/25 1396/1554/25
f 1393/1562/37 1407/1570/37 1408/1571/37
f 1386/1564/38 1431/1572/38 1401/1573/38
f 1657/1574/392 1400/1561/392 1415/1575/392
f 1393/1562/39 1409/1576/39 1394/1566/39
f 1386/1564/40 1402/1577/40 1387/1567/40
f 1394/1566/41 1410/1578/41 1395/1568/41
f 1387/1567/42 1403/1579/42 1388/1569/42
f 1396/1554/43 1410/1578/43 1411/1580/43
f 1388/1569/44 1404/1581/44 1389/1553/44
f 1396/1554/45 1412/1582/45 1397/1555/45
f 1390/1556/46 1404/1581/46 1405/1583/46
f 1398/1557/393 1412/1582/393 1413/1584/393
f 1390/1556/47 1406/1585/47 1391/1558/47
f 1399/1559/394 1413/1584/394 1414/1586/394
f 1392/1560/48 1406/1585/48 1407/1570/48
f 1399/1559/395 1415/1575/395 1400/1561/395
f 1411/1580/49 1427/1587/49 1412/1582/49
f 1405/1583/50 1419/1588/50 1420/1589/50
f 1413/1584/396 1427/1587/396 1428/1590/396
f 1405/1583/51 1421/1591/51 1406/1585/51
f 1414/1586/397 1428/1590/397 1429/1592/397
f 1407/1570/52 1421/1591/52 1422/1593/52
f 1415/1575/554 1429/1592/554 1430/1594/554
f 1408/1571/53 1422/1593/53 1423/1595/53
f 1401/1573/54 1431/1596/54 1416/1597/54
f 1657/1598/399 1415/1575/399 1430/1594/399
f 1408/1571/55 1424/1599/55 1409/1576/55
f 1401/1573/555 1417/1600/555 1402/1577/555
f 1409/1576/57 1425/1601/57 1410/1578/57
f 1402/1577/58 1418/1602/58 1403/1579/58
f 1411/1580/59 1425/1601/59 1426/1603/59
f 1403/1579/60 1419/1588/60 1404/1581/60
f 1416/1597/61 1431/1604/61 1432/1605/61
f 1657/1606/400 1430/1594/400 1446/1607/400
f 1423/1595/62 1440/1608/62 1424/1599/62
f 1416/1597/63 1433/1609/63 1417/1600/63
f 1424/1599/64 1441/1610/64 1425/1601/64
f 1417/1600/65 1434/1611/65 1418/1602/65
f 1426/1603/66 1441/1610/66 1442/1612/66
f 1418/1602/67 1435/1613/67 1419/1588/67
f 1426/1603/68 1443/1614/68 1427/1587/68
f 1420/1589/69 1435/1613/69 1436/1615/69
f 1428/1590/401 1443/1614/401 1444/1616/401
f 1420/1589/70 1437/1617/70 1421/1591/70
f 1428/1590/556 1445/1618/556 1429/1592/556
f 1422/1593/71 1437/1617/71 1438/1619/71
f 1430/1594/403 1445/1618/403 1446/1607/403
f 1423/1595/72 1438/1619/72 1439/1620/72
f 1436/1615/73 1450/1621/73 1451/1622/73
f 1444/1616/404 1458/1623/404 1459/1624/404
f 1436/1615/74 1452/1625/74 1437/1617/74
f 1444/1616/405 1460/1626/405 1445/1618/405
f 1438/1619/75 1452/1625/75 1453/1627/75
f 1445/1618/557 1461/1628/557 1446/1607/557
f 1439/1620/76 1453/1627/76 1454/1629/76
f 1432/1605/77 1431/1630/77 1447/1631/77
f 1657/1632/407 1446/1607/407 1461/1628/407
f 1439/1620/78 1455/1633/78 1440/1608/78
f 1433/1609/79 1447/1631/79 1448/1634/79
f 1440/1608/80 1456/1635/80 1441/1610/80
f 1434/1611/81 1448/1634/81 1449/1636/81
f 1442/1612/82 1456/1635/82 1457/1637/82
f 1434/1611/83 1450/1621/83 1435/1613/83
f 1442/1612/84 1458/1623/84 1443/1614/84
f 1454/1629/535 1470/1638/535 1455/1633/535
f 1447/1631/86 1463/1639/86 1448/1634/86
f 1455/1633/87 1471/1640/87 1456/1635/87
f 1448/1634/88 1464/1641/88 1449/1636/88
f 1457/1637/89 1471/1640/89 1472/1642/89
f 1449/1636/90 1465/1643/90 1450/1621/90
f 1457/1637/91 1473/1644/91 1458/1623/91
f 1451/1622/92 1465/1643/92 1466/1645/92
f 1459/1624/408 1473/1644/408 1474/1646/408
f 1451/1622/93 1467/1647/93 1452/1625/93
f 1460/1626/409 1474/1646/409 1475/1648/409
f 1453/1627/94 1467/1647/94 1468/1649/94
f 1461/1628/410 1475/1648/410 1476/1650/410
f 1454/1629/95 1468/1649/95 1469/1651/95
f 1447/1631/96 1431/1652/96 1462/1653/96
f 1657/1654/411 1461/1628/411 1476/1650/411
f 1474/1646/412 1488/1655/412 1489/1656/412
f 1466/1645/97 1482/1657/97 1467/1647/97
f 1475/1648/413 1489/1656/413 1490/1658/413
f 1468/1649/98 1482/1657/98 1483/1659/98
f 1476/1650/538 1490/1658/538 1491/1660/538
f 1469/1651/415 1483/1659/415 1484/1661/415
f 1462/1653/100 1431/1662/100 1477/1663/100
f 1657/1664/416 1476/1650/416 1491/1660/416
f 1469/1651/101 1485/1665/101 1470/1638/101
f 1462/1653/102 1478/1666/102 1463/1639/102
f 1470/1638/103 1486/1667/103 1471/1640/103
f 1463/1639/104 1479/1668/104 1464/1641/104
f 1472/1642/105 1486/1667/105 1487/1669/105
f 1464/1641/106 1480/1670/106 1465/1643/106
f 1472/1642/107 1488/1655/107 1473/1644/107
f 1466/1645/108 1480/1670/108 1481/1671/108
f 1485/1665/110 1501/1672/110 1486/1667/110
f 1479/1668/111 1493/1673/111 1494/1674/111
f 1487/1669/112 1501/1672/112 1502/1675/112
f 1479/1668/113 1495/1676/113 1480/1670/113
f 1487/1669/114 1503/1677/114 1488/1655/114
f 1481/1671/115 1495/1676/115 1496/1678/115
f 1489/1656/419 1503/1677/419 1504/1679/419
f 1481/1671/116 1497/1680/116 1482/1657/116
f 1489/1656/420 1505/1681/420 1490/1658/420
f 1483/1659/117 1497/1680/117 1498/1682/117
f 1490/1658/421 1506/1683/421 1491/1660/421
f 1484/1661/118 1498/1682/118 1499/1684/118
f 1477/1663/119 1431/1685/119 1492/1686/119
f 1657/1687/422 1491/1660/422 1506/1683/422
f 1484/1661/120 1500/1688/120 1485/1665/120
f 1478/1666/109 1492/1686/109 1493/1673/109
f 1504/1679/423 1520/1689/423 1505/1681/423
f 1498/1682/122 1512/1690/122 1513/1691/122
f 1506/1683/541 1520/1689/541 1521/1692/541
f 1499/1684/123 1513/1691/123 1514/1693/123
f 1492/1686/124 1431/1694/124 1507/1695/124
f 1657/1696/426 1506/1683/426 1521/1692/426
f 1499/1684/125 1515/1697/125 1500/1688/125
f 1492/1686/126 1508/1698/126 1493/1673/126
f 1500/1688/127 1516/1699/127 1501/1672/127
f 1494/1674/558 1508/1698/558 1509/1700/558
f 1502/1675/129 1516/1699/129 1517/1701/129
f 1494/1674/130 1510/1702/130 1495/1676/130
f 1502/1675/131 1518/1703/131 1503/1677/131
f 1496/1678/132 1510/1702/132 1511/1704/132
f 1504/1679/429 1518/1703/429 1519/1705/429
f 1496/1678/121 1512/1690/121 1497/1680/121
f 1508/1698/134 1524/1706/134 1509/1700/134
f 1517/1701/135 1531/1707/135 1532/1708/135
f 1509/1700/136 1525/1709/136 1510/1702/136
f 1517/1701/137 1533/1710/137 1518/1703/137
f 1511/1704/138 1525/1709/138 1526/1711/138
f 1519/1705/430 1533/1710/430 1534/1712/430
f 1511/1704/139 1527/1713/139 1512/1690/139
f 1519/1705/431 1535/1714/431 1520/1689/431
f 1513/1691/140 1527/1713/140 1528/1715/140
f 1521/1692/559 1535/1714/559 1536/1716/559
f 1514/1693/141 1528/1715/141 1529/1717/141
f 1507/1695/142 1431/1718/142 1522/1719/142
f 1657/1720/433 1521/1692/433 1536/1716/433
f 1514/1693/143 1530/1721/143 1515/1697/143
f 1507/1695/560 1523/1722/560 1508/1698/560
f 1515/1697/133 1531/1707/133 1516/1699/133
f 1528/1715/145 1542/1723/145 1543/1724/145
f 1535/1714/542 1551/1725/542 1536/1716/542
f 1529/1717/146 1543/1724/146 1544/1726/146
f 1522/1719/147 1431/1727/147 1537/1728/147
f 1657/1729/435 1536/1716/435 1551/1725/435
f 1529/1717/148 1545/1730/148 1530/1721/148
f 1523/1722/149 1537/1728/149 1538/1731/149
f 1530/1721/150 1546/1732/150 1531/1707/150
f 1523/1722/151 1539/1733/151 1524/1706/151
f 1532/1708/152 1546/1732/152 1547/1734/152
f 1524/1706/153 1540/1735/153 1525/1709/153
f 1532/1708/154 1548/1736/154 1533/1710/154
f 1526/1711/155 1540/1735/155 1541/1737/155
f 1534/1712/436 1548/1736/436 1549/1738/436
f 1526/1711/156 1542/1723/156 1527/1713/156
f 1535/1714/437 1549/1738/437 1550/1739/437
f 1547/1734/157 1561/1740/157 1562/1741/157
f 1539/1733/158 1555/1742/158 1540/1735/158
f 1547/1734/159 1563/1743/159 1548/1736/159
f 1541/1737/160 1555/1742/160 1556/1744/160
f 1549/1738/438 1563/1743/438 1564/1745/438
f 1541/1737/161 1557/1746/161 1542/1723/161
f 1550/1739/439 1564/1745/439 1565/1747/439
f 1543/1724/162 1557/1746/162 1558/1748/162
f 1550/1739/561 1566/1749/561 1551/1725/561
f 1544/1726/163 1558/1748/163 1559/1750/163
f 1537/1728/164 1431/1751/164 1552/1752/164
f 1657/1753/441 1551/1725/441 1566/1749/441
f 1544/1726/165 1560/1754/165 1545/1730/165
f 1538/1731/442 1552/1752/442 1553/1755/442
f 1545/1730/167 1561/1740/167 1546/1732/167
f 1538/1731/443 1554/1756/443 1539/1733/443
f 1566/1749/444 1580/1757/444 1581/1758/444
f 1559/1750/169 1573/1759/169 1574/1760/169
f 1552/1752/170 1431/1761/170 1567/1762/170
f 1657/1763/445 1566/1749/445 1581/1758/445
f 1559/1750/171 1575/1764/171 1560/1754/171
f 1552/1752/172 1568/1765/172 1553/1755/172
f 1560/1754/173 1576/1766/173 1561/1740/173
f 1553/1755/174 1569/1767/174 1554/1756/174
f 1562/1741/175 1576/1766/175 1577/1768/175
f 1554/1756/176 1570/1769/176 1555/1742/176
f 1562/1741/177 1578/1770/177 1563/1743/177
f 1556/1744/178 1570/1769/178 1571/1771/178
f 1564/1745/446 1578/1770/446 1579/1772/446
f 1556/1744/179 1572/1773/179 1557/1746/179
f 1564/1745/447 1580/1757/447 1565/1747/447
f 1558/1748/180 1572/1773/180 1573/1759/180
f 1569/1767/181 1585/1774/181 1570/1769/181
f 1577/1768/182 1593/1775/182 1578/1770/182
f 1571/1771/183 1585/1774/183 1586/1776/183
f 1579/1772/448 1593/1775/448 1594/1777/448
f 1571/1771/184 1587/1778/184 1572/1773/184
f 1579/1772/449 1595/1779/449 1580/1757/449
f 1573/1759/185 1587/1778/185 1588/1780/185
f 1581/1758/562 1595/1779/562 1596/1781/562
f 1574/1760/186 1588/1780/186 1589/1782/186
f 1567/1762/187 1431/1783/187 1582/1784/187
f 1657/1785/451 1581/1758/451 1596/1781/451
f 1574/1760/188 1590/1786/188 1575/1764/188
f 1567/1762/189 1583/1787/189 1568/1765/189
f 1575/1764/190 1591/1788/190 1576/1766/190
f 1569/1767/191 1583/1787/191 1584/1789/191
f 1577/1768/192 1591/1788/192 1592/1790/192
f 1589/1782/193 1603/1791/193 1604/1792/193
f 1582/1784/194 1431/1793/194 1597/1794/194
f 1657/1795/453 1596/1781/453 1611/1796/453
f 1589/1782/454 1605/1797/454 1590/1786/454
f 1582/1784/196 1598/1798/196 1583/1787/196
f 1590/1786/197 1606/1799/197 1591/1788/197
f 1584/1789/198 1598/1798/198 1599/1800/198
f 1592/1790/199 1606/1799/199 1607/1801/199
f 1584/1789/200 1600/1802/200 1585/1774/200
f 1592/1790/201 1608/1803/201 1593/1775/201
f 1586/1776/202 1600/1802/202 1601/1804/202
f 1594/1777/455 1608/1803/455 1609/1805/455
f 1586/1776/203 1602/1806/203 1587/1778/203
f 1594/1777/456 1610/1807/456 1595/1779/456
f 1588/1780/204 1602/1806/204 1603/1791/204
f 1596/1781/545 1610/1807/545 1611/1796/545
f 1607/1801/205 1623/1808/205 1608/1803/205
f 1601/1804/206 1615/1809/206 1616/1810/206
f 1609/1805/458 1623/1808/458 1624/1811/458
f 1601/1804/207 1617/1812/207 1602/1806/207
f 1609/1805/459 1625/1813/459 1610/1807/459
f 1603/1791/208 1617/1812/208 1618/1814/208
f 1611/1796/460 1625/1813/460 1626/1815/460
f 1604/1792/209 1618/1814/209 1619/1816/209
f 1597/1794/210 1431/1817/210 1612/1818/210
f 1657/1819/461 1611/1796/461 1626/1815/461
f 1604/1792/211 1620/1820/211 1605/1797/211
f 1597/1794/546 1613/1821/546 1598/1798/546
f 1605/1797/213 1621/1822/213 1606/1799/213
f 1598/1798/214 1614/1823/214 1599/1800/214
f 1607/1801/215 1621/1822/215 1622/1824/215
f 1599/1800/216 1615/1809/216 1600/1802/216
f 1657/1825/462 1626/1815/462 1641/1826/462
f 1619/1816/218 1635/1827/218 1620/1820/218
f 1613/1821/219 1627/1828/219 1628/1829/219
f 1620/1820/220 1636/1830/220 1621/1822/220
f 1614/1823/463 1628/1829/463 1629/1831/463
f 1622/1824/222 1636/1830/222 1637/1832/222
f 1614/1823/223 1630/1833/223 1615/1809/223
f 1622/1824/224 1638/1834/224 1623/1808/224
f 1616/1810/225 1630/1833/225 1631/1835/225
f 1624/1811/464 1638/1834/464 1639/1836/464
f 1616/1810/226 1632/1837/226 1617/1812/226
f 1624/1811/465 1640/1838/465 1625/1813/465
f 1618/1814/227 1632/1837/227 1633/1839/227
f 1625/1813/466 1641/1826/466 1626/1815/466
f 1619/1816/547 1633/1839/547 1634/1840/547
f 1612/1818/217 1431/1841/217 1627/1828/217
f 1639/1836/467 1653/1842/467 1654/1843/467
f 1631/1835/230 1647/1844/230 1632/1837/230
f 1640/1838/468 1654/1843/468 1655/1845/468
f 1633/1839/231 1647/1844/231 1648/1846/231
f 1640/1838/469 1656/1847/469 1641/1826/469
f 1634/1840/232 1648/1846/232 1649/1848/232
f 1627/1828/233 1431/1849/233 1642/1850/233
f 1657/1851/470 1641/1826/470 1656/1847/470
f 1634/1840/234 1650/1852/234 1635/1827/234
f 1627/1828/235 1643/1853/235 1628/1829/235
f 1635/1827/236 1651/1854/236 1636/1830/236
f 1628/1829/237 1644/1855/237 1629/1831/237
f 1637/1832/238 1651/1854/238 1652/1856/238
f 1629/1831/239 1645/1857/239 1630/1833/239
f 1638/1834/240 1652/1856/240 1653/1842/240
f 1630/1833/229 1646/1858/229 1631/1835/229
f 1642/1850/563 1659/1859/563 1643/1853/563
f 1650/1852/243 1667/1860/243 1651/1854/243
f 1644/1855/244 1659/1859/244 1660/1861/244
f 1652/1856/245 1667/1860/245 1668/1862/245
f 1644/1855/246 1661/1863/246 1645/1857/246
f 1652/1856/247 1669/1864/247 1653/1842/247
f 1646/1858/248 1661/1863/248 1662/1865/248
f 1654/1843/471 1669/1864/471 1670/1866/471
f 1646/1858/249 1663/1867/249 1647/1844/249
f 1654/1843/472 1671/1868/472 1655/1845/472
f 1648/1846/250 1663/1867/250 1664/1869/250
f 1656/1847/564 1671/1868/564 1672/1870/564
f 1649/1848/251 1664/1869/251 1665/1871/251
f 1642/1850/252 1431/1872/252 1658/1873/252
f 1657/1874/474 1656/1847/474 1672/1870/474
f 1649/1848/241 1666/1875/241 1650/1852/241
f 1662/1865/253 1678/1876/253 1663/1867/253
f 1670/1866/475 1686/1877/475 1671/1868/475
f 1664/1869/254 1678/1876/254 1679/1878/254
f 1671/1868/476 1687/1879/476 1672/1870/476
f 1665/1871/255 1679/1878/255 1680/1880/255
f 1658/1873/256 1431/1881/256 1673/1882/256
f 1657/1883/477 1672/1870/477 1687/1879/477
f 1665/1871/257 1681/1884/257 1666/1875/257
f 1659/1859/258 1673/1882/258 1674/1885/258
f 1666/1875/259 1682/1886/259 1667/1860/259
f 1660/1861/260 1674/1885/260 1675/1887/260
f 1668/1862/261 1682/1886/261 1683/1888/261
f 1660/1861/262 1676/1889/262 1661/1863/262
f 1668/1862/263 1684/1890/263 1669/1864/263
f 1662/1865/264 1676/1889/264 1677/1891/264
f 1670/1866/479 1684/1890/479 1685/1892/479
f 1681/1884/265 1697/1893/265 1682/1886/265
f 1675/1887/266 1689/1894/266 1690/1895/266
f 1683/1888/267 1697/1893/267 1698/1896/267
f 1675/1887/268 1691/1897/268 1676/1889/268
f 1683/1888/269 1699/1898/269 1684/1890/269
f 1677/1891/270 1691/1897/270 1692/1899/270
f 1685/1892/480 1699/1898/480 1700/1900/480
f 1677/1891/271 1693/1901/271 1678/1876/271
f 1685/1892/481 1701/1902/481 1686/1877/481
f 1679/1878/272 1693/1901/272 1694/1903/272
f 1687/1879/565 1701/1902/565 1702/1904/565
f 1680/1880/273 1694/1903/273 1695/1905/273
f 1673/1882/274 1431/1906/274 1688/1907/274
f 1657/1908/483 1687/1879/483 1702/1904/483
f 1680/1880/275 1696/1909/275 1681/1884/275
f 1673/1882/276 1689/1894/276 1674/1885/276
f 1701/1902/484 1715/1910/484 1716/1911/484
f 1694/1903/277 1708/1912/277 1709/1913/277
f 1702/1904/566 1716/1911/566 1717/1914/566
f 1695/1905/278 1709/1913/278 1710/1915/278
f 1688/1907/279 1431/1916/279 1703/1917/279
f 1657/1918/486 1702/1904/486 1717/1914/486
f 1695/1905/487 1711/1919/487 1696/1909/487
f 1688/1907/567 1704/1920/567 1689/1894/567
f 1696/1909/282 1712/1921/282 1697/1893/282
f 1689/1894/283 1705/1922/283 1690/1895/283
f 1698/1896/284 1712/1921/284 1713/1923/284
f 1690/1895/285 1706/1924/285 1691/1897/285
f 1698/1896/286 1714/1925/286 1699/1898/286
f 1692/1899/287 1706/1924/287 1707/1926/287
f 1700/1900/488 1714/1925/488 1715/1910/488
f 1692/1899/288 1708/1912/288 1693/1901/288
f 1705/1927/289 1719/1928/289 1720/1929/289
f 1713/1930/290 1727/1931/290 1728/1932/290
f 1706/1933/291 1720/1929/291 1721/1934/291
f 1713/1930/292 1729/1935/292 1714/1936/292
f 1707/1937/293 1721/1934/293 1722/1938/293
f 1714/1936/489 1730/1939/489 1715/1940/489
f 1707/1937/294 1723/1941/294 1708/1942/294
f 1715/1940/490 1731/1943/490 1716/1944/490
f 1709/1945/295 1723/1941/295 1724/1946/295
f 1717/1947/491 1731/1943/491 1732/1948/491
f 1710/1949/568 1724/1946/568 1725/1950/568
f 1703/1951/297 1431/1952/297 1718/1953/297
f 1657/1954/492 1717/1947/492 1732/1948/492
f 1710/1949/493 1726/1955/493 1711/1956/493
f 1703/1951/299 1719/1928/299 1704/1957/299
f 1711/1956/300 1727/1931/300 1712/1958/300
f 1724/1946/301 1738/1959/301 1739/1960/301
f 1731/1943/494 1747/1961/494 1732/1948/494
f 1725/1950/302 1739/1960/302 1740/1962/302
f 1718/1953/303 1431/1963/303 1733/1964/303
f 1657/1965/495 1732/1948/495 1747/1961/495
f 1725/1950/304 1741/1966/304 1726/1955/304
f 1719/1928/305 1733/1964/305 1734/1967/305
f 1726/1955/306 1742/1968/306 1727/1931/306
f 1720/1929/307 1734/1967/307 1735/1969/307
f 1728/1932/308 1742/1968/308 1743/1970/308
f 1720/1929/309 1736/1971/309 1721/1934/309
f 1728/1932/310 1744/1972/310 1729/1935/310
f 1722/1938/311 1736/1971/311 1737/1973/311
f 1730/1939/496 1744/1972/496 1745/1974/496
f 1722/1938/312 1738/1959/312 1723/1941/312
f 1730/1939/497 1746/1975/497 1731/1943/497
f 1743/1970/313 1757/1976/313 1758/1977/313
f 1735/1969/314 1751/1978/314 1736/1971/314
f 1743/1970/315 1759/1979/315 1744/1972/315
f 1737/1973/316 1751/1978/316 1752/1980/316
f 1745/1974/498 1759/1979/498 1760/1981/498
f 1737/1973/317 1753/1982/317 1738/1959/317
f 1746/1975/550 1760/1981/550 1761/1983/550
f 1739/1960/318 1753/1982/318 1754/1984/318
f 1747/1961/500 1761/1983/500 1762/1985/500
f 1740/1962/319 1754/1984/319 1755/1986/319
f 1733/1964/320 1431/1987/320 1748/1988/320
f 1657/1989/501 1747/1961/501 1762/1985/501
f 1740/1962/321 1756/1990/321 1741/1966/321
f 1733/1964/322 1749/1991/322 1734/1967/322
f 1741/1966/323 1757/1976/323 1742/1968/323
f 1734/1967/324 1750/1992/324 1735/1969/324
f 1761/1983/502 1777/1993/502 1762/1985/502
f 1755/1986/325 1769/1994/325 1770/1995/325
f 1748/1988/326 1431/1996/326 1763/1997/326
f 1657/1998/503 1762/1985/503 1777/1993/503
f 1755/1986/327 1771/1999/327 1756/1990/327
f 1749/1991/328 1763/1997/328 1764/2000/328
f 1756/1990/329 1772/2001/329 1757/1976/329
f 1750/1992/330 1764/2000/330 1765/2002/330
f 1758/1977/331 1772/2001/331 1773/2003/331
f 1750/1992/332 1766/2004/332 1751/1978/332
f 1758/1977/333 1774/2005/333 1759/1979/333
f 1752/1980/334 1766/2004/334 1767/2006/334
f 1760/1981/504 1774/2005/504 1775/2007/504
f 1752/1980/335 1768/2008/335 1753/1982/335
f 1760/1981/505 1776/2009/505 1761/1983/505
f 1754/1984/336 1768/2008/336 1769/1994/336
f 1773/2003/338 1789/2010/338 1774/2005/338
f 1767/2006/339 1781/2011/339 1782/2012/339
f 1775/2007/506 1789/2010/506 1790/2013/506
f 1767/2006/340 1783/2014/340 1768/2008/340
f 1775/2007/507 1791/2015/507 1776/2009/507
f 1769/1994/341 1783/2014/341 1784/2016/341
f 1777/1993/569 1791/2015/569 1792/2017/569
f 1770/1995/342 1784/2016/342 1785/2018/342
f 1763/1997/343 1431/2019/343 1778/2020/343
f 1657/2021/509 1777/1993/509 1792/2017/509
f 1770/1995/344 1786/2022/344 1771/1999/344
f 1763/1997/570 1779/2023/570 1764/2000/570
f 1771/1999/346 1787/2024/346 1772/2001/346
f 1765/2002/347 1779/2023/347 1780/2025/347
f 1773/2003/348 1787/2024/348 1788/2026/348
f 1765/2002/337 1781/2011/337 1766/2004/337
f 1778/2020/350 1431/2027/350 1793/2028/350
f 1657/2029/510 1792/2017/510 1807/2030/510
f 1785/2018/351 1801/2031/351 1786/2022/351
f 1779/2023/352 1793/2028/352 1794/2032/352
f 1786/2022/353 1802/2033/353 1787/2024/353
f 1780/2025/511 1794/2032/511 1795/2034/511
f 1788/2026/355 1802/2033/355 1803/2035/355
f 1780/2025/356 1796/2036/356 1781/2011/356
f 1788/2026/357 1804/2037/357 1789/2010/357
f 1782/2012/358 1796/2036/358 1797/2038/358
f 1790/2013/512 1804/2037/512 1805/2039/512
f 1782/2012/359 1798/2040/359 1783/2014/359
f 1790/2013/513 1806/2041/513 1791/2015/513
f 1784/2016/360 1798/2040/360 1799/2042/360
f 1791/2015/514 1807/2030/514 1792/2017/514
f 1785/2018/349 1799/2042/349 1800/2043/349
f 1797/2038/362 1811/2044/362 1812/2045/362
f 1805/2039/515 1819/2046/515 1820/2047/515
f 1797/2038/363 1813/2048/363 1798/2040/363
f 1805/2039/516 1821/2049/516 1806/2041/516
f 1799/2042/364 1813/2048/364 1814/2050/364
f 1806/2041/517 1822/2051/517 1807/2030/517
f 1800/2043/365 1814/2050/365 1815/2052/365
f 1793/2028/366 1431/2053/366 1808/2054/366
f 1657/2055/518 1807/2030/518 1822/2051/518
f 1800/2043/367 1816/2056/367 1801/2031/367
f 1794/2032/368 1808/2054/368 1809/2057/368
f 1801/2031/369 1817/2058/369 1802/2033/369
f 1795/2034/370 1809/2057/370 1810/2059/370
f 1803/2035/371 1817/2058/371 1818/2060/371
f 1795/2034/372 1811/2044/372 1796/2036/372
f 1803/2035/361 1819/2046/361 1804/2037/361
f 1815/2052/519 1354/1510/519 1816/2056/519
f 1808/2054/520 1824/1513/520 1809/2057/520
f 1816/2056/521 1827/1516/521 1817/2058/521
f 1810/2059/522 1824/1513/522 1350/1517/522
f 1817/2058/523 1355/1520/523 1818/2060/523
f 1811/2044/524 1350/1517/524 1825/1521/524
f 1818/2060/525 1828/1524/525 1819/2046/525
f 1812/2045/526 1825/1521/526 1351/1526/526
f 1820/2047/527 1828/1524/527 1829/1528/527
f 1813/2048/528 1351/1526/528 1826/1529/528
f 1820/2047/529 1830/1532/529 1821/2049/529
f 1814/2050/374 1826/1529/374 1352/1533/374
f 1821/2049/552 1831/1508/552 1822/2051/552
f 1815/2052/571 1352/1533/571 1353/1535/571
f 1808/2054/373 1431/2061/373 1823/1504/373
f 1657/2062/532 1822/2051/532 1831/1508/532
f 1833/2063/572 1834/2064/572 1832/2065/572
f 1835/2066/573 1838/2067/573 1834/2064/573
f 1839/2068/574 1836/2069/574 1838/2067/574
f 1837/2070/575 1832/2071/575 1836/2069/575
f 1838/2067/576 1832/2072/576 1834/2073/576
f 1835/2074/577 1837/2070/577 1839/2068/577
f 4/4/376 14/25/376 15/5/376
f 381/7/3 380/1/3 7/3/3
f 5/6/4 15/5/4 16/9/4
f 1/11/5 381/7/5 8/8/5
f 384/10/6 16/9/6 17/13/6
f 382/15/7 1/11/7 9/12/7
f 385/17/8 6/14/8 17/13/8
f 382/15/9 10/16/9 11/19/9
f 383/21/10 2/20/10 11/19/10
f 3/23/11 383/21/11 12/22/11
f 3/23/380 13/24/380 14/25/380
f 13/24/13 12/22/13 24/26/13
f 13/24/14 25/27/14 26/28/14
f 14/25/16 26/28/16 27/30/16
f 7/3/17 19/29/17 20/31/17
f 15/5/18 27/30/18 28/32/18
f 8/8/19 20/31/19 21/33/19
f 17/13/20 16/9/20 28/32/20
f 9/12/21 21/33/21 22/35/21
f 18/18/22 17/13/22 29/34/22
f 10/16/23 22/35/23 23/37/23
f 11/19/24 23/37/24 24/26/24
f 29/34/25 28/32/25 40/38/25
f 21/33/26 33/49/26 34/40/26
f 30/36/27 29/34/27 41/39/27
f 22/35/28 34/40/28 35/42/28
f 23/37/29 35/42/29 36/43/29
f 25/27/30 24/26/30 36/43/30
f 26/28/31 25/27/31 37/44/31
f 26/28/33 38/45/33 39/47/33
f 19/29/34 31/46/34 32/48/34
f 27/30/35 39/47/35 40/38/35
f 20/31/391 32/48/391 33/49/391
f 38/45/37 37/44/37 49/50/37
f 38/45/39 50/51/39 51/53/39
f 31/46/40 43/52/40 44/54/40
f 39/47/41 51/53/41 52/55/41
f 32/48/42 44/54/42 45/56/42
f 41/39/43 40/38/43 52/55/43
f 33/49/44 45/56/44 46/58/44
f 41/39/45 53/57/45 54/59/45
f 35/42/46 34/40/46 46/58/46
f 35/42/47 47/60/47 48/61/47
f 37/44/48 36/43/48 48/61/48
f 53/57/49 65/73/49 66/62/49
f 47/60/50 46/58/50 58/63/50
f 47/60/51 59/64/51 60/65/51
f 49/50/52 48/61/52 60/65/52
f 50/51/53 49/50/53 61/66/53
f 50/51/55 62/67/55 63/69/55
f 44/54/56 43/52/56 55/68/56
f 51/53/57 63/69/57 64/71/57
f 45/56/58 44/54/58 56/70/58
f 53/57/59 52/55/59 64/71/59
f 45/56/60 57/72/60 58/63/60
f 62/67/62 75/85/62 76/75/62
f 55/68/63 68/74/63 69/76/63
f 63/69/64 76/75/64 77/77/64
f 56/70/65 69/76/65 70/78/65
f 65/73/66 64/71/66 77/77/66
f 57/72/67 70/78/67 71/80/67
f 65/73/68 78/79/68 79/81/68
f 59/64/69 58/63/69 71/80/69
f 59/64/70 72/82/70 73/83/70
f 61/66/71 60/65/71 73/83/71
f 62/67/72 61/66/72 74/84/72
f 72/82/73 71/80/73 83/86/73
f 72/82/74 84/87/74 85/88/74
f 74/84/75 73/83/75 85/88/75
f 75/85/76 74/84/76 86/89/76
f 75/85/78 87/90/78 88/92/78
f 68/74/79 80/91/79 81/93/79
f 76/75/80 88/92/80 89/94/80
f 70/78/81 69/76/81 81/93/81
f 78/79/82 77/77/82 89/94/82
f 70/78/83 82/95/83 83/86/83
f 78/79/84 90/96/84 91/97/84
f 87/90/85 99/108/85 100/98/85
f 80/91/86 92/109/86 93/99/86
f 88/92/87 100/98/87 101/100/87
f 81/93/88 93/99/88 94/101/88
f 90/96/89 89/94/89 101/100/89
f 82/95/90 94/101/90 95/103/90
f 90/96/91 102/102/91 103/104/91
f 84/87/92 83/86/92 95/103/92
f 84/87/93 96/105/93 97/106/93
f 86/89/94 85/88/94 97/106/94
f 87/90/95 86/89/95 98/107/95
f 96/105/97 108/121/97 109/110/97
f 98/107/98 97/106/98 109/110/98
f 99/108/99 98/107/99 110/111/99
f 99/108/101 111/112/101 112/114/101
f 93/99/102 92/109/102 104/113/102
f 100/98/103 112/114/103 113/116/103
f 94/101/104 93/99/104 105/115/104
f 102/102/105 101/100/105 113/116/105
f 94/101/106 106/117/106 107/119/106
f 102/102/107 114/118/107 115/120/107
f 96/105/108 95/103/108 107/119/108
f 104/113/109 116/132/109 117/122/109
f 112/114/110 124/133/110 125/123/110
f 105/115/111 117/122/111 118/124/111
f 114/118/112 113/116/112 125/123/112
f 106/117/113 118/124/113 119/126/113
f 114/118/114 126/125/114 127/127/114
f 108/121/115 107/119/115 119/126/115
f 108/121/116 120/128/116 121/129/116
f 110/111/117 109/110/117 121/129/117
f 111/112/118 110/111/118 122/130/118
f 111/112/120 123/131/120 124/133/120
f 120/128/121 132/145/121 133/134/121
f 122/130/122 121/129/122 133/134/122
f 123/131/123 122/130/123 134/135/123
f 123/131/125 135/136/125 136/138/125
f 116/132/428 128/137/428 129/139/428
f 124/133/127 136/138/127 137/140/127
f 117/122/128 129/139/128 130/141/128
f 126/125/129 125/123/129 137/140/129
f 118/124/130 130/141/130 131/143/130
f 126/125/131 138/142/131 139/144/131
f 120/128/132 119/126/132 131/143/132
f 136/138/133 148/156/133 149/146/133
f 129/139/134 141/157/134 142/147/134
f 138/142/135 137/140/135 149/146/135
f 130/141/136 142/147/136 143/149/136
f 138/142/137 150/148/137 151/150/137
f 132/145/138 131/143/138 143/149/138
f 132/145/139 144/151/139 145/152/139
f 134/135/140 133/134/140 145/152/140
f 135/136/141 134/135/141 146/153/141
f 135/136/143 147/154/143 148/156/143
f 128/137/144 140/155/144 141/157/144
f 146/153/145 145/152/145 157/158/145
f 147/154/146 146/153/146 158/159/146
f 147/154/148 159/160/148 160/162/148
f 141/157/149 140/155/149 152/161/149
f 148/156/150 160/162/150 161/164/150
f 142/147/151 141/157/151 153/163/151
f 150/148/152 149/146/152 161/164/152
f 142/147/153 154/165/153 155/167/153
f 150/148/154 162/166/154 163/168/154
f 144/151/155 143/149/155 155/167/155
f 144/151/156 156/169/156 157/158/156
f 162/166/157 161/164/157 173/170/157
f 154/165/158 166/181/158 167/172/158
f 162/166/159 174/171/159 175/173/159
f 156/169/160 155/167/160 167/172/160
f 156/169/161 168/174/161 169/175/161
f 158/159/162 157/158/162 169/175/162
f 159/160/163 158/159/163 170/176/163
f 159/160/165 171/177/165 172/179/165
f 152/161/166 164/178/166 165/180/166
f 160/162/167 172/179/167 173/170/167
f 153/163/168 165/180/168 166/181/168
f 171/177/169 170/176/169 182/182/169
f 171/177/171 183/183/171 184/185/171
f 164/178/172 176/184/172 177/186/172
f 172/179/173 184/185/173 185/187/173
f 165/180/174 177/186/174 178/188/174
f 174/171/175 173/170/175 185/187/175
f 166/181/176 178/188/176 179/190/176
f 174/171/177 186/189/177 187/191/177
f 168/174/178 167/172/178 179/190/178
f 168/174/179 180/192/179 181/193/179
f 170/176/180 169/175/180 181/193/180
f 178/188/181 190/204/181 191/194/181
f 186/189/182 198/205/182 199/195/182
f 180/192/183 179/190/183 191/194/183
f 180/192/184 192/196/184 193/197/184
f 182/182/185 181/193/185 193/197/185
f 183/183/186 182/182/186 194/198/186
f 183/183/188 195/199/188 196/201/188
f 177/186/189 176/184/189 188/200/189
f 184/185/190 196/201/190 197/203/190
f 177/186/191 189/202/191 190/204/191
f 186/189/192 185/187/192 197/203/192
f 195/199/452 194/198/452 206/206/452
f 195/199/454 207/207/454 208/209/454
f 189/202/196 188/200/196 200/208/196
f 196/201/197 208/209/197 209/211/197
f 190/204/198 189/202/198 201/210/198
f 198/205/199 197/203/199 209/211/199
f 190/204/200 202/212/200 203/214/200
f 198/205/201 210/213/201 211/215/201
f 192/196/202 191/194/202 203/214/202
f 192/196/203 204/216/203 205/217/203
f 194/198/204 193/197/204 205/217/204
f 210/213/205 222/229/205 223/218/205
f 204/216/206 203/214/206 215/219/206
f 204/216/207 216/220/207 217/221/207
f 206/206/208 205/217/208 217/221/208
f 207/207/209 206/206/209 218/222/209
f 207/207/211 219/223/211 220/225/211
f 201/210/212 200/208/212 212/224/212
f 208/209/213 220/225/213 221/227/213
f 201/210/214 213/226/214 214/228/214
f 210/213/215 209/211/215 221/227/215
f 202/212/216 214/228/216 215/219/216
f 219/223/218 231/241/218 232/231/218
f 212/224/219 224/230/219 225/232/219
f 220/225/220 232/231/220 233/233/220
f 213/226/463 225/232/463 226/234/463
f 222/229/222 221/227/222 233/233/222
f 214/228/223 226/234/223 227/236/223
f 222/229/224 234/235/224 235/237/224
f 216/220/225 215/219/225 227/236/225
f 216/220/226 228/238/226 229/239/226
f 218/222/227 217/221/227 229/239/227
f 219/223/228 218/222/228 230/240/228
f 228/238/229 227/236/229 239/242/229
f 228/238/230 240/243/230 241/244/230
f 230/240/231 229/239/231 241/244/231
f 231/241/232 230/240/232 242/245/232
f 231/241/234 243/246/234 244/248/234
f 224/230/235 236/247/235 237/249/235
f 232/231/236 244/248/236 245/250/236
f 226/234/237 225/232/237 237/249/237
f 234/235/238 233/233/238 245/250/238
f 226/234/239 238/251/239 239/242/239
f 234/235/240 246/252/240 247/253/240
f 243/246/241 255/265/241 256/254/241
f 237/249/563 236/247/563 248/255/563
f 244/248/243 256/254/243 257/257/243
f 238/251/244 237/249/244 249/256/244
f 246/252/245 245/250/245 257/257/245
f 238/251/246 250/258/246 251/260/246
f 246/252/247 258/259/247 259/261/247
f 240/243/248 239/242/248 251/260/248
f 240/243/249 252/262/249 253/263/249
f 242/245/250 241/244/250 253/263/250
f 243/246/251 242/245/251 254/264/251
f 252/262/253 264/277/253 265/266/253
f 254/264/254 253/263/254 265/266/254
f 255/265/255 254/264/255 266/267/255
f 255/265/257 267/268/257 268/270/257
f 248/255/258 260/269/258 261/271/258
f 256/254/259 268/270/259 269/272/259
f 249/256/260 261/271/260 262/273/260
f 258/259/261 257/257/261 269/272/261
f 250/258/262 262/273/262 263/275/262
f 258/259/263 270/274/263 271/276/263
f 252/262/264 251/260/264 263/275/264
f 268/270/265 280/289/265 281/278/265
f 262/273/266 261/271/266 273/279/266
f 270/274/267 269/272/267 281/278/267
f 262/273/268 274/280/268 275/282/268
f 270/274/269 282/281/269 283/283/269
f 264/277/270 263/275/270 275/282/270
f 264/277/271 276/284/271 277/285/271
f 266/267/272 265/266/272 277/285/272
f 267/268/273 266/267/273 278/286/273
f 267/268/275 279/287/275 280/289/275
f 260/269/276 272/288/276 273/279/276
f 278/286/277 277/285/277 289/290/277
f 279/287/578 278/286/578 290/291/578
f 279/287/487 291/292/487 292/294/487
f 272/288/281 284/293/281 285/295/281
f 280/289/282 292/294/282 293/296/282
f 274/280/283 273/279/283 285/295/283
f 282/281/284 281/278/284 293/296/284
f 274/280/285 286/297/285 287/299/285
f 282/281/286 294/298/286 295/300/286
f 276/284/287 275/282/287 287/299/287
f 276/284/288 288/301/288 289/290/288
f 286/297/289 285/295/289 297/302/289
f 294/298/290 293/296/290 305/304/290
f 286/297/291 298/303/291 299/306/291
f 294/298/292 306/305/292 307/307/292
f 288/301/293 287/299/293 299/306/293
f 288/301/294 300/308/294 301/309/294
f 290/291/295 289/290/295 301/309/295
f 291/292/568 290/291/568 302/310/568
f 291/292/493 303/311/493 304/313/493
f 285/295/299 284/293/299 296/312/299
f 292/294/300 304/313/300 305/304/300
f 302/310/301 301/309/301 313/314/301
f 303/311/302 302/310/302 314/315/302
f 303/311/304 315/316/304 316/318/304
f 297/302/305 296/312/305 308/317/305
f 304/313/306 316/318/306 317/320/306
f 298/303/307 297/302/307 309/319/307
f 306/305/308 305/304/308 317/320/308
f 298/303/309 310/321/309 311/323/309
f 306/305/310 318/322/310 319/324/310
f 300/308/311 299/306/311 311/323/311
f 300/308/312 312/325/312 313/314/312
f 318/322/313 317/320/313 329/326/313
f 310/321/314 322/337/314 323/328/314
f 318/322/315 330/327/315 331/329/315
f 312/325/316 311/323/316 323/328/316
f 312/325/317 324/330/317 325/331/317
f 314/315/318 313/314/318 325/331/318
f 315/316/319 314/315/319 326/332/319
f 315/316/321 327/333/321 328/335/321
f 308/317/322 320/334/322 321/336/322
f 316/318/323 328/335/323 329/326/323
f 310/321/324 309/319/324 321/336/324
f 327/333/325 326/332/325 338/338/325
f 327/333/327 339/339/327 340/341/327
f 320/334/328 332/340/328 333/342/328
f 328/335/329 340/341/329 341/343/329
f 322/337/330 321/336/330 333/342/330
f 330/327/331 329/326/331 341/343/331
f 322/337/332 334/344/332 335/346/332
f 330/327/333 342/345/333 343/347/333
f 324/330/334 323/328/334 335/346/334
f 324/330/335 336/348/335 337/349/335
f 326/332/336 325/331/336 337/349/336
f 334/344/337 346/360/337 347/350/337
f 342/345/338 354/361/338 355/351/338
f 336/348/339 335/346/339 347/350/339
f 336/348/340 348/352/340 349/353/340
f 338/338/341 337/349/341 349/353/341
f 339/339/342 338/338/342 350/354/342
f 339/339/344 351/355/344 352/357/344
f 332/340/345 344/356/345 345/358/345
f 340/341/346 352/357/346 353/359/346
f 334/344/347 333/342/347 345/358/347
f 342/345/348 341/343/348 353/359/348
f 351/355/349 350/354/349 362/362/349
f 351/355/351 363/363/351 364/365/351
f 345/358/352 344/356/352 356/364/352
f 352/357/353 364/365/353 365/367/353
f 346/360/354 345/358/354 357/366/354
f 354/361/355 353/359/355 365/367/355
f 346/360/356 358/368/356 359/370/356
f 354/361/357 366/369/357 367/371/357
f 348/352/358 347/350/358 359/370/358
f 348/352/359 360/372/359 361/373/359
f 350/354/360 349/353/360 361/373/360
f 366/369/361 378/385/361 379/374/361
f 360/372/362 359/370/362 371/375/362
f 360/372/363 372/376/363 373/377/363
f 362/362/364 361/373/364 373/377/364
f 363/363/365 362/362/365 374/378/365
f 363/363/367 375/379/367 376/381/367
f 356/364/368 368/380/368 369/382/368
f 364/365/369 376/381/369 377/383/369
f 358/368/370 357/366/370 369/382/370
f 366/369/371 365/367/371 377/383/371
f 358/368/372 370/384/372 371/375/372
f 3/23/531 4/4/531 375/379/531
f 4/4/519 5/6/519 375/379/519
f 5/6/521 384/10/521 377/383/521
f 384/10/523 6/14/523 377/383/523
f 6/14/525 385/17/525 379/374/525
f 379/374/525 378/385/525 6/14/525
f 378/385/523 377/383/523 6/14/523
f 377/383/521 376/381/521 5/6/521
f 376/381/519 375/379/519 5/6/519
f 375/379/531 374/378/531 3/23/531
f 374/378/374 373/377/374 3/23/374
f 373/377/528 372/376/528 2/20/528
f 372/376/526 371/375/526 2/20/526
f 371/375/524 370/384/524 1/11/524
f 370/384/522 369/382/522 1/11/522
f 369/382/520 368/380/520 380/1/520
f 380/1/520 381/7/520 369/382/520
f 381/7/522 1/11/522 369/382/522
f 1/11/524 382/15/524 371/375/524
f 382/15/526 2/20/526 371/375/526
f 2/20/528 383/21/528 373/377/528
f 872/951/592 871/976/592 881/952/592
f 1342/954/593 1341/945/593 874/947/593
f 872/951/4 882/953/4 883/956/4
f 868/958/5 1342/954/5 875/955/5
f 1345/957/6 883/956/6 884/960/6
f 1343/962/7 868/958/7 876/959/7
f 1346/964/8 873/961/8 884/960/8
f 1343/962/9 877/963/9 878/966/9
f 1346/964/377 885/965/377 886/968/377
f 1344/970/10 869/967/10 878/966/10
f 1347/969/378 886/968/378 887/972/378
f 870/974/11 1344/970/11 879/971/11
f 1348/973/379 887/972/379 888/950/379
f 870/974/12 880/975/12 881/952/12
f 887/972/381 902/992/381 903/977/381
f 880/975/382 895/993/382 896/978/382
f 882/953/384 881/952/384 896/978/384
f 875/955/17 874/947/17 889/980/17
f 882/953/18 897/982/18 898/984/18
f 875/955/19 890/983/19 891/985/19
f 884/960/20 883/956/20 898/984/20
f 876/959/21 891/985/21 892/987/21
f 885/965/22 884/960/22 899/986/22
f 877/963/23 892/987/23 893/989/23
f 885/965/385 900/988/385 901/990/385
f 878/966/24 893/989/24 894/991/24
f 887/972/386 886/968/386 901/990/386
f 880/975/13 879/971/13 894/991/13
f 891/985/26 906/1010/26 907/994/26
f 900/988/27 899/986/27 914/995/27
f 892/987/28 907/994/28 908/997/28
f 901/990/387 900/988/387 915/996/387
f 893/989/29 908/997/29 909/999/29
f 902/992/534 901/990/534 916/998/534
f 895/993/30 894/991/30 909/999/30
f 903/977/389 902/992/389 917/1000/389
f 896/978/31 895/993/31 910/1001/31
f 896/978/33 911/1003/33 912/1007/33
f 889/980/34 904/1005/34 905/1008/34
f 897/982/35 912/1007/35 913/1009/35
f 890/983/391 905/1008/391 906/1010/391
f 899/986/25 898/984/25 913/1009/25
f 911/1003/37 910/1001/37 925/1011/37
f 911/1003/39 926/1012/39 927/1017/39
f 905/1008/580 904/1005/580 919/1014/580
f 912/1007/41 927/1017/41 928/1019/41
f 906/1010/42 905/1008/42 920/1018/42
f 914/995/43 913/1009/43 928/1019/43
f 907/994/44 906/1010/44 921/1020/44
f 914/995/45 929/1021/45 930/1023/45
f 908/997/46 907/994/46 922/1022/46
f 915/996/393 930/1023/393 931/1025/393
f 908/997/47 923/1024/47 924/1026/47
f 916/998/394 931/1025/394 932/1027/394
f 910/1001/48 909/999/48 924/1026/48
f 917/1000/395 932/1027/395 933/1016/395
f 930/1023/49 929/1021/49 944/1028/49
f 922/1022/50 937/1044/50 938/1030/50
f 931/1025/396 930/1023/396 945/1029/396
f 924/1026/51 923/1024/51 938/1030/51
f 932/1027/397 931/1025/397 946/1031/397
f 925/1011/52 924/1026/52 939/1032/52
f 933/1016/554 932/1027/554 947/1033/554
f 926/1012/53 925/1011/53 940/1034/53
f 926/1012/55 941/1036/55 942/1040/55
f 919/1014/555 934/1038/555 935/1041/555
f 927/1017/57 942/1040/57 943/1042/57
f 920/1018/58 935/1041/58 936/1043/58
f 928/1019/59 943/1042/59 944/1028/59
f 921/1020/60 936/1043/60 937/1044/60
f 941/1036/62 957/1061/62 958/1049/62
f 934/1038/63 950/1046/63 951/1050/63
f 942/1040/64 958/1049/64 959/1051/64
f 935/1041/594 951/1050/594 952/1052/594
f 944/1028/66 943/1042/66 959/1051/66
f 936/1043/67 952/1052/67 953/1054/67
f 944/1028/68 960/1053/68 961/1055/68
f 938/1030/69 937/1044/69 953/1054/69
f 946/1031/401 945/1029/401 961/1055/401
f 938/1030/70 954/1056/70 955/1058/70
f 947/1033/556 946/1031/556 962/1057/556
f 940/1034/71 939/1032/71 955/1058/71
f 948/1035/403 947/1033/403 963/1059/403
f 941/1036/72 940/1034/72 956/1060/72
f 954/1056/73 953/1054/73 968/1062/73
f 961/1055/404 976/1078/404 977/1064/404
f 954/1056/74 969/1063/74 970/1065/74
f 963/1059/405 962/1057/405 977/1064/405
f 956/1060/75 955/1058/75 970/1065/75
f 963/1059/406 978/1066/406 979/1068/406
f 957/1061/76 956/1060/76 971/1067/76
f 957/1061/78 972/1069/78 973/1073/78
f 951/1050/79 950/1046/79 965/1071/79
f 958/1049/80 973/1073/80 974/1075/80
f 951/1050/81 966/1074/81 967/1076/81
f 960/1053/82 959/1051/82 974/1075/82
f 953/1054/83 952/1052/83 967/1076/83
f 960/1053/84 975/1077/84 976/1078/84
f 972/1069/535 987/1093/535 988/1079/535
f 966/1074/595 965/1071/595 980/1080/595
f 973/1073/87 988/1079/87 989/1082/87
f 966/1074/88 981/1081/88 982/1083/88
f 975/1077/89 974/1075/89 989/1082/89
f 967/1076/90 982/1083/90 983/1085/90
f 976/1078/91 975/1077/91 990/1084/91
f 968/1062/92 983/1085/92 984/1087/92
f 977/1064/408 976/1078/408 991/1086/408
f 969/1063/93 984/1087/93 985/1089/93
f 978/1066/409 977/1064/409 992/1088/409
f 971/1067/94 970/1065/94 985/1089/94
f 978/1066/410 993/1090/410 994/1092/410
f 972/1069/537 971/1067/537 986/1091/537
f 991/1086/412 1006/1111/412 1007/1096/412
f 984/1087/97 999/1112/97 1000/1097/97
f 992/1088/413 1007/1096/413 1008/1098/413
f 986/1091/98 985/1089/98 1000/1097/98
f 994/1092/538 993/1090/538 1008/1098/538
f 987/1093/99 986/1091/99 1001/1099/99
f 987/1093/101 1002/1101/101 1003/1105/101
f 980/1080/582 995/1103/582 996/1106/582
f 988/1079/103 1003/1105/103 1004/1107/103
f 982/1083/104 981/1081/104 996/1106/104
f 990/1084/105 989/1082/105 1004/1107/105
f 983/1085/106 982/1083/106 997/1108/106
f 990/1084/107 1005/1109/107 1006/1111/107
f 984/1087/108 983/1085/108 998/1110/108
f 1003/1105/110 1018/1128/110 1019/1113/110
f 996/1106/111 1011/1129/111 1012/1114/111
f 1005/1109/112 1004/1107/112 1019/1113/112
f 997/1108/113 1012/1114/113 1013/1116/113
f 1006/1111/114 1005/1109/114 1020/1115/114
f 998/1110/115 1013/1116/115 1014/1118/115
f 1007/1096/419 1006/1111/419 1021/1117/419
f 999/1112/116 1014/1118/116 1015/1120/116
f 1008/1098/420 1007/1096/420 1022/1119/420
f 1001/1099/117 1000/1097/117 1015/1120/117
f 1009/1100/421 1008/1098/421 1023/1121/421
f 1002/1101/118 1001/1099/118 1016/1122/118
f 1002/1101/120 1017/1124/120 1018/1128/120
f 995/1103/596 1010/1126/596 1011/1129/596
f 1022/1119/423 1037/1146/423 1038/1130/423
f 1016/1122/122 1015/1120/122 1030/1131/122
f 1024/1123/541 1023/1121/541 1038/1130/541
f 1017/1124/123 1016/1122/123 1031/1132/123
f 1017/1124/125 1032/1134/125 1033/1138/125
f 1010/1126/126 1025/1136/126 1026/1139/126
f 1018/1128/127 1033/1138/127 1034/1140/127
f 1012/1114/558 1011/1129/558 1026/1139/558
f 1020/1115/129 1019/1113/129 1034/1140/129
f 1012/1114/130 1027/1141/130 1028/1143/130
f 1020/1115/131 1035/1142/131 1036/1144/131
f 1014/1118/132 1013/1116/132 1028/1143/132
f 1022/1119/429 1021/1117/429 1036/1144/429
f 1014/1118/121 1029/1145/121 1030/1131/121
f 1026/1139/134 1041/1163/134 1042/1147/134
f 1035/1142/135 1034/1140/135 1049/1148/135
f 1027/1141/136 1042/1147/136 1043/1150/136
f 1035/1142/137 1050/1149/137 1051/1151/137
f 1029/1145/138 1028/1143/138 1043/1150/138
f 1037/1146/430 1036/1144/430 1051/1151/430
f 1029/1145/139 1044/1152/139 1045/1154/139
f 1037/1146/431 1052/1153/431 1053/1155/431
f 1030/1131/140 1045/1154/140 1046/1156/140
f 1039/1133/559 1038/1130/559 1053/1155/559
f 1032/1134/141 1031/1132/141 1046/1156/141
f 1032/1134/143 1047/1158/143 1048/1162/143
f 1025/1136/144 1040/1160/144 1041/1163/144
f 1034/1140/133 1033/1138/133 1048/1162/133
f 1046/1156/145 1045/1154/145 1060/1164/145
f 1053/1155/542 1068/1180/542 1069/1166/542
f 1047/1158/146 1046/1156/146 1061/1165/146
f 1047/1158/148 1062/1167/148 1063/1171/148
f 1041/1163/583 1040/1160/583 1055/1169/583
f 1048/1162/150 1063/1171/150 1064/1173/150
f 1042/1147/151 1041/1163/151 1056/1172/151
f 1050/1149/152 1049/1148/152 1064/1173/152
f 1042/1147/153 1057/1174/153 1058/1176/153
f 1051/1151/154 1050/1149/154 1065/1175/154
f 1043/1150/155 1058/1176/155 1059/1178/155
f 1052/1153/436 1051/1151/436 1066/1177/436
f 1044/1152/156 1059/1178/156 1060/1164/156
f 1052/1153/437 1067/1179/437 1068/1180/437
f 1065/1175/157 1064/1173/157 1079/1181/157
f 1057/1174/158 1072/1197/158 1073/1183/158
f 1065/1175/159 1080/1182/159 1081/1184/159
f 1059/1178/160 1058/1176/160 1073/1183/160
f 1067/1179/438 1066/1177/438 1081/1184/438
f 1059/1178/161 1074/1185/161 1075/1187/161
f 1068/1180/584 1067/1179/584 1082/1186/584
f 1061/1165/162 1060/1164/162 1075/1187/162
f 1068/1180/440 1083/1188/440 1084/1190/440
f 1062/1167/163 1061/1165/163 1076/1189/163
f 1062/1167/165 1077/1191/165 1078/1195/165
f 1056/1172/166 1055/1169/166 1070/1193/166
f 1063/1171/167 1078/1195/167 1079/1181/167
f 1056/1172/168 1071/1196/168 1072/1197/168
f 1084/1190/444 1083/1188/444 1098/1198/444
f 1077/1191/169 1076/1189/169 1091/1200/169
f 1077/1191/171 1092/1201/171 1093/1205/171
f 1070/1193/172 1085/1203/172 1086/1206/172
f 1078/1195/173 1093/1205/173 1094/1207/173
f 1071/1196/174 1086/1206/174 1087/1208/174
f 1080/1182/175 1079/1181/175 1094/1207/175
f 1073/1183/176 1072/1197/176 1087/1208/176
f 1081/1184/177 1080/1182/177 1095/1209/177
f 1073/1183/178 1088/1210/178 1089/1212/178
f 1081/1184/446 1096/1211/446 1097/1213/446
f 1074/1185/179 1089/1212/179 1090/1214/179
f 1083/1188/447 1082/1186/447 1097/1213/447
f 1076/1189/180 1075/1187/180 1090/1214/180
f 1087/1208/181 1102/1230/181 1103/1215/181
f 1095/1209/182 1110/1231/182 1111/1216/182
f 1089/1212/183 1088/1210/183 1103/1215/183
f 1097/1213/448 1096/1211/448 1111/1216/448
f 1089/1212/184 1104/1217/184 1105/1219/184
f 1097/1213/449 1112/1218/449 1113/1220/449
f 1091/1200/185 1090/1214/185 1105/1219/185
f 1098/1198/562 1113/1220/562 1114/1222/562
f 1092/1201/597 1091/1200/597 1106/1221/597
f 1092/1201/188 1107/1223/188 1108/1227/188
f 1086/1206/189 1085/1203/189 1100/1225/189
f 1093/1205/190 1108/1227/190 1109/1229/190
f 1086/1206/191 1101/1228/191 1102/1230/191
f 1095/1209/192 1094/1207/192 1109/1229/192
f 1107/1223/598 1106/1221/598 1121/1232/598
f 1107/1223/454 1122/1233/454 1123/1238/454
f 1100/1225/196 1115/1235/196 1116/1239/196
f 1108/1227/197 1123/1238/197 1124/1240/197
f 1102/1230/198 1101/1228/198 1116/1239/198
f 1110/1231/199 1109/1229/199 1124/1240/199
f 1103/1215/200 1102/1230/200 1117/1241/200
f 1110/1231/201 1125/1242/201 1126/1244/201
f 1104/1217/202 1103/1215/202 1118/1243/202
f 1111/1216/455 1126/1244/455 1127/1246/455
f 1104/1217/203 1119/1245/203 1120/1247/203
f 1112/1218/456 1127/1246/456 1128/1248/456
f 1106/1221/204 1105/1219/204 1120/1247/204
f 1114/1222/545 1113/1220/545 1128/1248/545
f 1125/1242/205 1140/1265/205 1141/1249/205
f 1119/1245/206 1118/1243/206 1133/1250/206
f 1127/1246/458 1126/1244/458 1141/1249/458
f 1119/1245/207 1134/1251/207 1135/1253/207
f 1128/1248/459 1127/1246/459 1142/1252/459
f 1121/1232/208 1120/1247/208 1135/1253/208
f 1128/1248/460 1143/1254/460 1144/1256/460
f 1122/1233/209 1121/1232/209 1136/1255/209
f 1122/1233/211 1137/1257/211 1138/1261/211
f 1116/1239/212 1115/1235/212 1130/1259/212
f 1123/1238/213 1138/1261/213 1139/1263/213
f 1116/1239/214 1131/1262/214 1132/1264/214
f 1125/1242/215 1124/1240/215 1139/1263/215
f 1117/1241/216 1132/1264/216 1133/1250/216
f 1137/1257/218 1152/1280/218 1153/1268/218
f 1130/1259/599 1145/1282/599 1146/1269/599
f 1138/1261/220 1153/1268/220 1154/1270/220
f 1132/1264/221 1131/1262/221 1146/1269/221
f 1140/1265/222 1139/1263/222 1154/1270/222
f 1132/1264/223 1147/1271/223 1148/1273/223
f 1140/1265/224 1155/1272/224 1156/1274/224
f 1134/1251/225 1133/1250/225 1148/1273/225
f 1142/1252/464 1141/1249/464 1156/1274/464
f 1134/1251/226 1149/1275/226 1150/1277/226
f 1142/1252/465 1157/1276/465 1158/1278/465
f 1136/1255/227 1135/1253/227 1150/1277/227
f 1144/1256/466 1143/1254/466 1158/1278/466
f 1137/1257/228 1136/1255/228 1151/1279/228
f 1157/1276/467 1156/1274/467 1171/1283/467
f 1149/1275/230 1164/1299/230 1165/1285/230
f 1158/1278/468 1157/1276/468 1172/1284/468
f 1151/1279/231 1150/1277/231 1165/1285/231
f 1159/1267/469 1158/1278/469 1173/1286/469
f 1152/1280/232 1151/1279/232 1166/1287/232
f 1152/1280/234 1167/1289/234 1168/1293/234
f 1145/1282/235 1160/1291/235 1161/1294/235
f 1153/1268/236 1168/1293/236 1169/1295/236
f 1146/1269/237 1161/1294/237 1162/1296/237
f 1155/1272/238 1154/1270/238 1169/1295/238
f 1147/1271/239 1162/1296/239 1163/1298/239
f 1155/1272/240 1170/1297/240 1171/1283/240
f 1149/1275/229 1148/1273/229 1163/1298/229
f 1160/1291/242 1176/1314/242 1177/1300/242
f 1168/1293/243 1184/1316/243 1185/1301/243
f 1162/1296/244 1161/1294/244 1177/1300/244
f 1170/1297/245 1169/1295/245 1185/1301/245
f 1162/1296/246 1178/1302/246 1179/1304/246
f 1170/1297/247 1186/1303/247 1187/1305/247
f 1164/1299/248 1163/1298/248 1179/1304/248
f 1172/1284/471 1171/1283/471 1187/1305/471
f 1164/1299/249 1180/1306/249 1181/1308/249
f 1172/1284/472 1188/1307/472 1189/1309/472
f 1166/1287/250 1165/1285/250 1181/1308/250
f 1174/1288/473 1173/1286/473 1189/1309/473
f 1167/1289/251 1166/1287/251 1182/1310/251
f 1167/1289/241 1183/1312/241 1184/1316/241
f 1180/1306/253 1195/1332/253 1196/1317/253
f 1188/1307/548 1203/1333/548 1204/1318/548
f 1182/1310/254 1181/1308/254 1196/1317/254
f 1189/1309/476 1204/1318/476 1205/1320/476
f 1183/1312/255 1182/1310/255 1197/1319/255
f 1183/1312/257 1198/1321/257 1199/1325/257
f 1177/1300/600 1176/1314/600 1191/1323/600
f 1184/1316/259 1199/1325/259 1200/1327/259
f 1178/1302/478 1177/1300/478 1192/1326/478
f 1186/1303/261 1185/1301/261 1200/1327/261
f 1178/1302/262 1193/1328/262 1194/1330/262
f 1186/1303/263 1201/1329/263 1202/1331/263
f 1180/1306/264 1179/1304/264 1194/1330/264
f 1188/1307/479 1187/1305/479 1202/1331/479
f 1199/1325/265 1214/1349/265 1215/1334/265
f 1192/1326/266 1207/1350/266 1208/1335/266
f 1201/1329/267 1200/1327/267 1215/1334/267
f 1193/1328/268 1208/1335/268 1209/1337/268
f 1201/1329/269 1216/1336/269 1217/1338/269
f 1195/1332/270 1194/1330/270 1209/1337/270
f 1203/1333/480 1202/1331/480 1217/1338/480
f 1195/1332/271 1210/1339/271 1211/1341/271
f 1204/1318/481 1203/1333/481 1218/1340/481
f 1197/1319/272 1196/1317/272 1211/1341/272
f 1204/1318/565 1219/1342/565 1220/1344/565
f 1198/1321/273 1197/1319/273 1212/1343/273
f 1198/1321/275 1213/1345/275 1214/1349/275
f 1192/1326/587 1191/1323/587 1206/1347/587
f 1218/1340/484 1233/1367/484 1234/1351/484
f 1212/1343/277 1211/1341/277 1226/1352/277
f 1220/1344/566 1219/1342/566 1234/1351/566
f 1213/1345/278 1212/1343/278 1227/1353/278
f 1213/1345/487 1228/1355/487 1229/1359/487
f 1206/1347/567 1221/1357/567 1222/1360/567
f 1214/1349/282 1229/1359/282 1230/1361/282
f 1208/1335/283 1207/1350/283 1222/1360/283
f 1216/1336/284 1215/1334/284 1230/1361/284
f 1208/1335/285 1223/1362/285 1224/1364/285
f 1216/1336/286 1231/1363/286 1232/1365/286
f 1210/1339/287 1209/1337/287 1224/1364/287
f 1218/1340/488 1217/1338/488 1232/1365/488
f 1210/1339/288 1225/1366/288 1226/1352/288
f 1223/1368/289 1222/1398/289 1237/1369/289
f 1231/1371/290 1230/1399/290 1245/1372/290
f 1223/1368/291 1238/1370/291 1239/1374/291
f 1231/1371/292 1246/1373/292 1247/1376/292
f 1225/1378/293 1224/1375/293 1239/1374/293
f 1233/1380/489 1232/1377/489 1247/1376/489
f 1225/1378/294 1240/1379/294 1241/1382/294
f 1233/1380/490 1248/1381/490 1249/1384/490
f 1227/1386/295 1226/1383/295 1241/1382/295
f 1235/1388/588 1234/1385/588 1249/1384/588
f 1228/1390/296 1227/1386/296 1242/1387/296
f 1228/1390/493 1243/1391/493 1244/1396/493
f 1221/1392/589 1236/1394/589 1237/1369/589
f 1229/1397/300 1244/1396/300 1245/1372/300
f 1242/1387/301 1241/1382/301 1256/1400/301
f 1250/1389/494 1249/1384/494 1264/1402/494
f 1243/1391/302 1242/1387/302 1257/1401/302
f 1243/1391/304 1258/1404/304 1259/1408/304
f 1236/1394/305 1251/1406/305 1252/1409/305
f 1244/1396/306 1259/1408/306 1260/1410/306
f 1238/1370/307 1237/1369/307 1252/1409/307
f 1246/1373/308 1245/1372/308 1260/1410/308
f 1238/1370/309 1253/1411/309 1254/1413/309
f 1246/1373/310 1261/1412/310 1262/1414/310
f 1240/1379/311 1239/1374/311 1254/1413/311
f 1248/1381/496 1247/1376/496 1262/1414/496
f 1240/1379/312 1255/1415/312 1256/1400/312
f 1248/1381/497 1263/1416/497 1264/1402/497
f 1261/1412/313 1260/1410/313 1275/1417/313
f 1253/1411/314 1268/1433/314 1269/1419/314
f 1261/1412/315 1276/1418/315 1277/1420/315
f 1255/1415/316 1254/1413/316 1269/1419/316
f 1263/1416/498 1262/1414/498 1277/1420/498
f 1255/1415/317 1270/1421/317 1271/1423/317
f 1263/1416/499 1278/1422/499 1279/1424/499
f 1257/1401/318 1256/1400/318 1271/1423/318
f 1264/1402/500 1279/1424/500 1280/1426/500
f 1258/1404/319 1257/1401/319 1272/1425/319
f 1258/1404/321 1273/1427/321 1274/1431/321
f 1252/1409/322 1251/1406/322 1266/1429/322
f 1259/1408/323 1274/1431/323 1275/1417/323
f 1253/1411/601 1252/1409/601 1267/1432/601
f 1280/1426/502 1279/1424/502 1294/1434/502
f 1273/1427/325 1272/1425/325 1287/1436/325
f 1273/1427/327 1288/1437/327 1289/1441/327
f 1266/1429/328 1281/1439/328 1282/1442/328
f 1274/1431/329 1289/1441/329 1290/1443/329
f 1267/1432/330 1282/1442/330 1283/1444/330
f 1276/1418/331 1275/1417/331 1290/1443/331
f 1268/1433/332 1283/1444/332 1284/1446/332
f 1276/1418/333 1291/1445/333 1292/1447/333
f 1270/1421/334 1269/1419/334 1284/1446/334
f 1278/1422/504 1277/1420/504 1292/1447/504
f 1270/1421/335 1285/1448/335 1286/1450/335
f 1279/1424/505 1278/1422/505 1293/1449/505
f 1272/1425/336 1271/1423/336 1286/1450/336
f 1291/1445/338 1306/1467/338 1307/1451/338
f 1285/1448/339 1284/1446/339 1299/1452/339
f 1293/1449/506 1292/1447/506 1307/1451/506
f 1285/1448/340 1300/1453/340 1301/1455/340
f 1293/1449/507 1308/1454/507 1309/1456/507
f 1287/1436/341 1286/1450/341 1301/1455/341
f 1294/1434/569 1309/1456/569 1310/1458/569
f 1288/1437/342 1287/1436/342 1302/1457/342
f 1288/1437/344 1303/1459/344 1304/1463/344
f 1282/1442/570 1281/1439/570 1296/1461/570
f 1289/1441/346 1304/1463/346 1305/1465/346
f 1283/1444/347 1282/1442/347 1297/1464/347
f 1291/1445/348 1290/1443/348 1305/1465/348
f 1283/1444/337 1298/1466/337 1299/1452/337
f 1303/1459/351 1318/1484/351 1319/1472/351
f 1296/1461/602 1311/1469/602 1312/1473/602
f 1304/1463/353 1319/1472/353 1320/1474/353
f 1298/1466/511 1297/1464/511 1312/1473/511
f 1306/1467/355 1305/1465/355 1320/1474/355
f 1298/1466/356 1313/1475/356 1314/1477/356
f 1306/1467/357 1321/1476/357 1322/1478/357
f 1300/1453/358 1299/1452/358 1314/1477/358
f 1308/1454/512 1307/1451/512 1322/1478/512
f 1300/1453/359 1315/1479/359 1316/1481/359
f 1308/1454/513 1323/1480/513 1324/1482/513
f 1302/1457/360 1301/1455/360 1316/1481/360
f 1310/1458/514 1309/1456/514 1324/1482/514
f 1303/1459/349 1302/1457/349 1317/1483/349
f 1315/1479/362 1314/1477/362 1329/1485/362
f 1323/1480/515 1322/1478/515 1337/1487/515
f 1315/1479/363 1330/1486/363 1331/1489/363
f 1323/1480/516 1338/1488/516 1339/1490/516
f 1317/1483/364 1316/1481/364 1331/1489/364
f 1325/1471/517 1324/1482/517 1339/1490/517
f 1318/1484/365 1317/1483/365 1332/1491/365
f 1318/1484/367 1333/1493/367 1334/1497/367
f 1311/1469/368 1326/1495/368 1327/1498/368
f 1319/1472/369 1334/1497/369 1335/1499/369
f 1313/1475/370 1312/1473/370 1327/1498/370
f 1321/1476/371 1320/1474/371 1335/1499/371
f 1313/1475/372 1328/1500/372 1329/1485/372
f 1321/1476/361 1336/1501/361 1337/1487/361
f 1333/1493/519 871/976/519 872/951/519
f 1326/1495/520 1341/945/520 1342/954/520
f 1334/1497/521 872/951/521 1345/957/521
f 1328/1500/522 1327/1498/522 1342/954/522
f 1335/1499/523 1345/957/523 873/961/523
f 1329/1485/524 1328/1500/524 868/958/524
f 1336/1501/525 873/961/525 1346/964/525
f 1330/1486/526 1329/1485/526 1343/962/526
f 1338/1488/527 1337/1487/527 1346/964/527
f 1331/1489/528 1330/1486/528 869/967/528
f 1338/1488/529 1347/969/529 1348/973/529
f 1332/1491/374 1331/1489/374 1344/970/374
f 1339/1490/552 1348/973/552 1349/949/552
f 1333/1493/531 1332/1491/531 870/974/531
f 1354/1510/376 1353/1535/376 1363/1511/376
f 1824/1513/3 1823/1504/3 1356/1506/3
f 1354/1510/4 1364/1512/4 1365/1515/4
f 1350/1517/5 1824/1513/5 1357/1514/5
f 1827/1516/6 1365/1515/6 1366/1519/6
f 1825/1521/7 1350/1517/7 1358/1518/7
f 1355/1520/8 1366/1519/8 1367/1523/8
f 1825/1521/9 1359/1522/9 1360/1525/9
f 1828/1524/377 1367/1523/377 1368/1527/377
f 1826/1529/10 1351/1526/10 1360/1525/10
f 1829/1528/378 1368/1527/378 1369/1531/378
f 1352/1533/11 1826/1529/11 1361/1530/11
f 1830/1532/379 1369/1531/379 1370/1509/379
f 1352/1533/12 1362/1534/12 1363/1511/12
f 1369/1531/381 1384/1552/381 1385/1536/381
f 1363/1511/382 1362/1534/382 1377/1537/382
f 1363/1511/384 1378/1538/384 1379/1542/384
f 1357/1514/603 1356/1506/603 1371/1540/603
f 1364/1512/18 1379/1542/18 1380/1544/18
f 1357/1514/19 1372/1543/19 1373/1545/19
f 1366/1519/20 1365/1515/20 1380/1544/20
f 1358/1518/21 1373/1545/21 1374/1547/21
f 1367/1523/22 1366/1519/22 1381/1546/22
f 1359/1522/23 1374/1547/23 1375/1549/23
f 1368/1527/385 1367/1523/385 1382/1548/385
f 1360/1525/24 1375/1549/24 1376/1551/24
f 1369/1531/386 1368/1527/386 1383/1550/386
f 1362/1534/13 1361/1530/13 1376/1551/13
f 1373/1545/26 1388/1569/26 1389/1553/26
f 1382/1548/27 1381/1546/27 1396/1554/27
f 1374/1547/28 1389/1553/28 1390/1556/28
f 1383/1550/387 1382/1548/387 1397/1555/387
f 1375/1549/29 1390/1556/29 1391/1558/29
f 1384/1552/534 1383/1550/534 1398/1557/534
f 1377/1537/30 1376/1551/30 1391/1558/30
f 1385/1536/389 1384/1552/389 1399/1559/389
f 1378/1538/31 1377/1537/31 1392/1560/31
f 1378/1538/33 1393/1562/33 1394/1566/33
f 1371/1540/34 1386/1564/34 1387/1567/34
f 1379/1542/35 1394/1566/35 1395/1568/35
f 1372/1543/391 1387/1567/391 1388/1569/391
f 1381/1546/25 1380/1544/25 1395/1568/25
f 1393/1562/37 1392/1560/37 1407/1570/37
f 1393/1562/39 1408/1571/39 1409/1576/39
f 1386/1564/40 1401/1573/40 1402/1577/40
f 1394/1566/41 1409/1576/41 1410/1578/41
f 1387/1567/42 1402/1577/42 1403/1579/42
f 1396/1554/43 1395/1568/43 1410/1578/43
f 1388/1569/44 1403/1579/44 1404/1581/44
f 1396/1554/45 1411/1580/45 1412/1582/45
f 1390/1556/46 1389/1553/46 1404/1581/46
f 1398/1557/393 1397/1555/393 1412/1582/393
f 1390/1556/47 1405/1583/47 1406/1585/47
f 1399/1559/394 1398/1557/394 1413/1584/394
f 1392/1560/48 1391/1558/48 1406/1585/48
f 1399/1559/395 1414/1586/395 1415/1575/395
f 1411/1580/49 1426/1603/49 1427/1587/49
f 1405/1583/50 1404/1581/50 1419/1588/50
f 1413/1584/396 1412/1582/396 1427/1587/396
f 1405/1583/51 1420/1589/51 1421/1591/51
f 1414/1586/397 1413/1584/397 1428/1590/397
f 1407/1570/52 1406/1585/52 1421/1591/52
f 1415/1575/554 1414/1586/554 1429/1592/554
f 1408/1571/53 1407/1570/53 1422/1593/53
f 1408/1571/55 1423/1595/55 1424/1599/55
f 1401/1573/56 1416/1597/56 1417/1600/56
f 1409/1576/57 1424/1599/57 1425/1601/57
f 1402/1577/58 1417/1600/58 1418/1602/58
f 1411/1580/59 1410/1578/59 1425/1601/59
f 1403/1579/60 1418/1602/60 1419/1588/60
f 1423/1595/62 1439/1620/62 1440/1608/62
f 1416/1597/581 1432/1605/581 1433/1609/581
f 1424/1599/64 1440/1608/64 1441/1610/64
f 1417/1600/65 1433/1609/65 1434/1611/65
f 1426/1603/66 1425/1601/66 1441/1610/66
f 1418/1602/67 1434/1611/67 1435/1613/67
f 1426/1603/68 1442/1612/68 1443/1614/68
f 1420/1589/69 1419/1588/69 1435/1613/69
f 1428/1590/401 1427/1587/401 1443/1614/401
f 1420/1589/70 1436/1615/70 1437/1617/70
f 1428/1590/402 1444/1616/402 1445/1618/402
f 1422/1593/71 1421/1591/71 1437/1617/71
f 1430/1594/403 1429/1592/403 1445/1618/403
f 1423/1595/72 1422/1593/72 1438/1619/72
f 1436/1615/73 1435/1613/73 1450/1621/73
f 1444/1616/404 1443/1614/404 1458/1623/404
f 1436/1615/74 1451/1622/74 1452/1625/74
f 1444/1616/405 1459/1624/405 1460/1626/405
f 1438/1619/75 1437/1617/75 1452/1625/75
f 1445/1618/406 1460/1626/406 1461/1628/406
f 1439/1620/76 1438/1619/76 1453/1627/76
f 1439/1620/78 1454/1629/78 1455/1633/78
f 1433/1609/79 1432/1605/79 1447/1631/79
f 1440/1608/80 1455/1633/80 1456/1635/80
f 1434/1611/81 1433/1609/81 1448/1634/81
f 1442/1612/82 1441/1610/82 1456/1635/82
f 1434/1611/83 1449/1636/83 1450/1621/83
f 1442/1612/84 1457/1637/84 1458/1623/84
f 1454/1629/85 1469/1651/85 1470/1638/85
f 1447/1631/86 1462/1653/86 1463/1639/86
f 1455/1633/87 1470/1638/87 1471/1640/87
f 1448/1634/88 1463/1639/88 1464/1641/88
f 1457/1637/89 1456/1635/89 1471/1640/89
f 1449/1636/90 1464/1641/90 1465/1643/90
f 1457/1637/91 1472/1642/91 1473/1644/91
f 1451/1622/92 1450/1621/92 1465/1643/92
f 1459/1624/408 1458/1623/408 1473/1644/408
f 1451/1622/93 1466/1645/93 1467/1647/93
f 1460/1626/409 1459/1624/409 1474/1646/409
f 1453/1627/94 1452/1625/94 1467/1647/94
f 1461/1628/410 1460/1626/410 1475/1648/410
f 1454/1629/537 1453/1627/537 1468/1649/537
f 1474/1646/412 1473/1644/412 1488/1655/412
f 1466/1645/97 1481/1671/97 1482/1657/97
f 1475/1648/413 1474/1646/413 1489/1656/413
f 1468/1649/98 1467/1647/98 1482/1657/98
f 1476/1650/538 1475/1648/538 1490/1658/538
f 1469/1651/99 1468/1649/99 1483/1659/99
f 1469/1651/417 1484/1661/417 1485/1665/417
f 1462/1653/582 1477/1663/582 1478/1666/582
f 1470/1638/103 1485/1665/103 1486/1667/103
f 1463/1639/104 1478/1666/104 1479/1668/104
f 1472/1642/105 1471/1640/105 1486/1667/105
f 1464/1641/106 1479/1668/106 1480/1670/106
f 1472/1642/107 1487/1669/107 1488/1655/107
f 1466/1645/108 1465/1643/108 1480/1670/108
f 1485/1665/110 1500/1688/110 1501/1672/110
f 1479/1668/111 1478/1666/111 1493/1673/111
f 1487/1669/112 1486/1667/112 1501/1672/112
f 1479/1668/113 1494/1674/113 1495/1676/113
f 1487/1669/114 1502/1675/114 1503/1677/114
f 1481/1671/115 1480/1670/115 1495/1676/115
f 1489/1656/419 1488/1655/419 1503/1677/419
f 1481/1671/116 1496/1678/116 1497/1680/116
f 1489/1656/420 1504/1679/420 1505/1681/420
f 1483/1659/117 1482/1657/117 1497/1680/117
f 1490/1658/421 1505/1681/421 1506/1683/421
f 1484/1661/118 1483/1659/118 1498/1682/118
f 1484/1661/120 1499/1684/120 1500/1688/120
f 1478/1666/596 1477/1663/596 1492/1686/596
f 1504/1679/540 1519/1705/540 1520/1689/540
f 1498/1682/122 1497/1680/122 1512/1690/122
f 1506/1683/541 1505/1681/541 1520/1689/541
f 1499/1684/123 1498/1682/123 1513/1691/123
f 1499/1684/125 1514/1693/125 1515/1697/125
f 1492/1686/126 1507/1695/126 1508/1698/126
f 1500/1688/127 1515/1697/127 1516/1699/127
f 1494/1674/128 1493/1673/128 1508/1698/128
f 1502/1675/129 1501/1672/129 1516/1699/129
f 1494/1674/130 1509/1700/130 1510/1702/130
f 1502/1675/131 1517/1701/131 1518/1703/131
f 1496/1678/132 1495/1676/132 1510/1702/132
f 1504/1679/429 1503/1677/429 1518/1703/429
f 1496/1678/121 1511/1704/121 1512/1690/121
f 1508/1698/134 1523/1722/134 1524/1706/134
f 1517/1701/135 1516/1699/135 1531/1707/135
f 1509/1700/136 1524/1706/136 1525/1709/136
f 1517/1701/137 1532/1708/137 1533/1710/137
f 1511/1704/138 1510/1702/138 1525/1709/138
f 1519/1705/430 1518/1703/430 1533/1710/430
f 1511/1704/139 1526/1711/139 1527/1713/139
f 1519/1705/431 1534/1712/431 1535/1714/431
f 1513/1691/140 1512/1690/140 1527/1713/140
f 1521/1692/559 1520/1689/559 1535/1714/559
f 1514/1693/141 1513/1691/141 1528/1715/141
f 1514/1693/143 1529/1717/143 1530/1721/143
f 1507/1695/144 1522/1719/144 1523/1722/144
f 1515/1697/133 1530/1721/133 1531/1707/133
f 1528/1715/145 1527/1713/145 1542/1723/145
f 1535/1714/542 1550/1739/542 1551/1725/542
f 1529/1717/146 1528/1715/146 1543/1724/146
f 1529/1717/148 1544/1726/148 1545/1730/148
f 1523/1722/583 1522/1719/583 1537/1728/583
f 1530/1721/150 1545/1730/150 1546/1732/150
f 1523/1722/151 1538/1731/151 1539/1733/151
f 1532/1708/152 1531/1707/152 1546/1732/152
f 1524/1706/153 1539/1733/153 1540/1735/153
f 1532/1708/154 1547/1734/154 1548/1736/154
f 1526/1711/155 1525/1709/155 1540/1735/155
f 1534/1712/436 1533/1710/436 1548/1736/436
f 1526/1711/156 1541/1737/156 1542/1723/156
f 1535/1714/437 1534/1712/437 1549/1738/437
f 1547/1734/157 1546/1732/157 1561/1740/157
f 1539/1733/158 1554/1756/158 1555/1742/158
f 1547/1734/159 1562/1741/159 1563/1743/159
f 1541/1737/160 1540/1735/160 1555/1742/160
f 1549/1738/438 1548/1736/438 1563/1743/438
f 1541/1737/161 1556/1744/161 1557/1746/161
f 1550/1739/584 1549/1738/584 1564/1745/584
f 1543/1724/162 1542/1723/162 1557/1746/162
f 1550/1739/440 1565/1747/440 1566/1749/440
f 1544/1726/163 1543/1724/163 1558/1748/163
f 1544/1726/165 1559/1750/165 1560/1754/165
f 1538/1731/166 1537/1728/166 1552/1752/166
f 1545/1730/167 1560/1754/167 1561/1740/167
f 1538/1731/168 1553/1755/168 1554/1756/168
f 1566/1749/444 1565/1747/444 1580/1757/444
f 1559/1750/169 1558/1748/169 1573/1759/169
f 1559/1750/171 1574/1760/171 1575/1764/171
f 1552/1752/172 1567/1762/172 1568/1765/172
f 1560/1754/173 1575/1764/173 1576/1766/173
f 1553/1755/174 1568/1765/174 1569/1767/174
f 1562/1741/175 1561/1740/175 1576/1766/175
f 1554/1756/176 1569/1767/176 1570/1769/176
f 1562/1741/177 1577/1768/177 1578/1770/177
f 1556/1744/178 1555/1742/178 1570/1769/178
f 1564/1745/446 1563/1743/446 1578/1770/446
f 1556/1744/179 1571/1771/179 1572/1773/179
f 1564/1745/447 1579/1772/447 1580/1757/447
f 1558/1748/180 1557/1746/180 1572/1773/180
f 1569/1767/181 1584/1789/181 1585/1774/181
f 1577/1768/182 1592/1790/182 1593/1775/182
f 1571/1771/183 1570/1769/183 1585/1774/183
f 1579/1772/448 1578/1770/448 1593/1775/448
f 1571/1771/184 1586/1776/184 1587/1778/184
f 1579/1772/449 1594/1777/449 1595/1779/449
f 1573/1759/185 1572/1773/185 1587/1778/185
f 1581/1758/562 1580/1757/562 1595/1779/562
f 1574/1760/186 1573/1759/186 1588/1780/186
f 1574/1760/188 1589/1782/188 1590/1786/188
f 1567/1762/604 1582/1784/604 1583/1787/604
f 1575/1764/190 1590/1786/190 1591/1788/190
f 1569/1767/191 1568/1765/191 1583/1787/191
f 1577/1768/192 1576/1766/192 1591/1788/192
f 1589/1782/193 1588/1780/193 1603/1791/193
f 1589/1782/454 1604/1792/454 1605/1797/454
f 1582/1784/196 1597/1794/196 1598/1798/196
f 1590/1786/197 1605/1797/197 1606/1799/197
f 1584/1789/198 1583/1787/198 1598/1798/198
f 1592/1790/199 1591/1788/199 1606/1799/199
f 1584/1789/200 1599/1800/200 1600/1802/200
f 1592/1790/201 1607/1801/201 1608/1803/201
f 1586/1776/202 1585/1774/202 1600/1802/202
f 1594/1777/455 1593/1775/455 1608/1803/455
f 1586/1776/203 1601/1804/203 1602/1806/203
f 1594/1777/456 1609/1805/456 1610/1807/456
f 1588/1780/204 1587/1778/204 1602/1806/204
f 1596/1781/545 1595/1779/545 1610/1807/545
f 1607/1801/205 1622/1824/205 1623/1808/205
f 1601/1804/206 1600/1802/206 1615/1809/206
f 1609/1805/458 1608/1803/458 1623/1808/458
f 1601/1804/207 1616/1810/207 1617/1812/207
f 1609/1805/459 1624/1811/459 1625/1813/459
f 1603/1791/208 1602/1806/208 1617/1812/208
f 1611/1796/460 1610/1807/460 1625/1813/460
f 1604/1792/209 1603/1791/209 1618/1814/209
f 1604/1792/211 1619/1816/211 1620/1820/211
f 1597/1794/212 1612/1818/212 1613/1821/212
f 1605/1797/213 1620/1820/213 1621/1822/213
f 1598/1798/214 1613/1821/214 1614/1823/214
f 1607/1801/215 1606/1799/215 1621/1822/215
f 1599/1800/216 1614/1823/216 1615/1809/216
f 1619/1816/218 1634/1840/218 1635/1827/218
f 1613/1821/599 1612/1818/599 1627/1828/599
f 1620/1820/220 1635/1827/220 1636/1830/220
f 1614/1823/463 1613/1821/463 1628/1829/463
f 1622/1824/222 1621/1822/222 1636/1830/222
f 1614/1823/223 1629/1831/223 1630/1833/223
f 1622/1824/224 1637/1832/224 1638/1834/224
f 1616/1810/225 1615/1809/225 1630/1833/225
f 1624/1811/464 1623/1808/464 1638/1834/464
f 1616/1810/226 1631/1835/226 1632/1837/226
f 1624/1811/465 1639/1836/465 1640/1838/465
f 1618/1814/227 1617/1812/227 1632/1837/227
f 1625/1813/466 1640/1838/466 1641/1826/466
f 1619/1816/228 1618/1814/228 1633/1839/228
f 1639/1836/467 1638/1834/467 1653/1842/467
f 1631/1835/230 1646/1858/230 1647/1844/230
f 1640/1838/468 1639/1836/468 1654/1843/468
f 1633/1839/231 1632/1837/231 1647/1844/231
f 1640/1838/469 1655/1845/469 1656/1847/469
f 1634/1840/232 1633/1839/232 1648/1846/232
f 1634/1840/234 1649/1848/234 1650/1852/234
f 1627/1828/235 1642/1850/235 1643/1853/235
f 1635/1827/236 1650/1852/236 1651/1854/236
f 1628/1829/237 1643/1853/237 1644/1855/237
f 1637/1832/238 1636/1830/238 1651/1854/238
f 1629/1831/239 1644/1855/239 1645/1857/239
f 1638/1834/240 1637/1832/240 1652/1856/240
f 1630/1833/229 1645/1857/229 1646/1858/229
f 1642/1850/563 1658/1873/563 1659/1859/563
f 1650/1852/243 1666/1875/243 1667/1860/243
f 1644/1855/244 1643/1853/244 1659/1859/244
f 1652/1856/245 1651/1854/245 1667/1860/245
f 1644/1855/246 1660/1861/246 1661/1863/246
f 1652/1856/247 1668/1862/247 1669/1864/247
f 1646/1858/248 1645/1857/248 1661/1863/248
f 1654/1843/471 1653/1842/471 1669/1864/471
f 1646/1858/249 1662/1865/249 1663/1867/249
f 1654/1843/472 1670/1866/472 1671/1868/472
f 1648/1846/250 1647/1844/250 1663/1867/250
f 1656/1847/473 1655/1845/473 1671/1868/473
f 1649/1848/251 1648/1846/251 1664/1869/251
f 1649/1848/241 1665/1871/241 1666/1875/241
f 1662/1865/253 1677/1891/253 1678/1876/253
f 1670/1866/548 1685/1892/548 1686/1877/548
f 1664/1869/254 1663/1867/254 1678/1876/254
f 1671/1868/476 1686/1877/476 1687/1879/476
f 1665/1871/255 1664/1869/255 1679/1878/255
f 1665/1871/257 1680/1880/257 1681/1884/257
f 1659/1859/600 1658/1873/600 1673/1882/600
f 1666/1875/259 1681/1884/259 1682/1886/259
f 1660/1861/478 1659/1859/478 1674/1885/478
f 1668/1862/261 1667/1860/261 1682/1886/261
f 1660/1861/262 1675/1887/262 1676/1889/262
f 1668/1862/263 1683/1888/263 1684/1890/263
f 1662/1865/264 1661/1863/264 1676/1889/264
f 1670/1866/479 1669/1864/479 1684/1890/479
f 1681/1884/265 1696/1909/265 1697/1893/265
f 1675/1887/266 1674/1885/266 1689/1894/266
f 1683/1888/267 1682/1886/267 1697/1893/267
f 1675/1887/268 1690/1895/268 1691/1897/268
f 1683/1888/269 1698/1896/269 1699/1898/269
f 1677/1891/270 1676/1889/270 1691/1897/270
f 1685/1892/480 1684/1890/480 1699/1898/480
f 1677/1891/271 1692/1899/271 1693/1901/271
f 1685/1892/481 1700/1900/481 1701/1902/481
f 1679/1878/272 1678/1876/272 1693/1901/272
f 1687/1879/565 1686/1877/565 1701/1902/565
f 1680/1880/273 1679/1878/273 1694/1903/273
f 1680/1880/275 1695/1905/275 1696/1909/275
f 1673/1882/276 1688/1907/276 1689/1894/276
f 1701/1902/484 1700/1900/484 1715/1910/484
f 1694/1903/277 1693/1901/277 1708/1912/277
f 1702/1904/566 1701/1902/566 1716/1911/566
f 1695/1905/278 1694/1903/278 1709/1913/278
f 1695/1905/487 1710/1915/487 1711/1919/487
f 1688/1907/567 1703/1917/567 1704/1920/567
f 1696/1909/282 1711/1919/282 1712/1921/282
f 1689/1894/283 1704/1920/283 1705/1922/283
f 1698/1896/284 1697/1893/284 1712/1921/284
f 1690/1895/285 1705/1922/285 1706/1924/285
f 1698/1896/286 1713/1923/286 1714/1925/286
f 1692/1899/287 1691/1897/287 1706/1924/287
f 1700/1900/488 1699/1898/488 1714/1925/488
f 1692/1899/288 1707/1926/288 1708/1912/288
f 1705/1927/289 1704/1957/289 1719/1928/289
f 1713/1930/290 1712/1958/290 1727/1931/290
f 1706/1933/291 1705/1927/291 1720/1929/291
f 1713/1930/292 1728/1932/292 1729/1935/292
f 1707/1937/293 1706/1933/293 1721/1934/293
f 1714/1936/489 1729/1935/489 1730/1939/489
f 1707/1937/294 1722/1938/294 1723/1941/294
f 1715/1940/490 1730/1939/490 1731/1943/490
f 1709/1945/295 1708/1942/295 1723/1941/295
f 1717/1947/588 1716/1944/588 1731/1943/588
f 1710/1949/296 1709/1945/296 1724/1946/296
f 1710/1949/298 1725/1950/298 1726/1955/298
f 1703/1951/589 1718/1953/589 1719/1928/589
f 1711/1956/300 1726/1955/300 1727/1931/300
f 1724/1946/301 1723/1941/301 1738/1959/301
f 1731/1943/494 1746/1975/494 1747/1961/494
f 1725/1950/302 1724/1946/302 1739/1960/302
f 1725/1950/304 1740/1962/304 1741/1966/304
f 1719/1928/305 1718/1953/305 1733/1964/305
f 1726/1955/306 1741/1966/306 1742/1968/306
f 1720/1929/307 1719/1928/307 1734/1967/307
f 1728/1932/308 1727/1931/308 1742/1968/308
f 1720/1929/309 1735/1969/309 1736/1971/309
f 1728/1932/310 1743/1970/310 1744/1972/310
f 1722/1938/311 1721/1934/311 1736/1971/311
f 1730/1939/496 1729/1935/496 1744/1972/496
f 1722/1938/312 1737/1973/312 1738/1959/312
f 1730/1939/497 1745/1974/497 1746/1975/497
f 1743/1970/313 1742/1968/313 1757/1976/313
f 1735/1969/314 1750/1992/314 1751/1978/314
f 1743/1970/315 1758/1977/315 1759/1979/315
f 1737/1973/316 1736/1971/316 1751/1978/316
f 1745/1974/498 1744/1972/498 1759/1979/498
f 1737/1973/317 1752/1980/317 1753/1982/317
f 1746/1975/499 1745/1974/499 1760/1981/499
f 1739/1960/318 1738/1959/318 1753/1982/318
f 1747/1961/500 1746/1975/500 1761/1983/500
f 1740/1962/319 1739/1960/319 1754/1984/319
f 1740/1962/321 1755/1986/321 1756/1990/321
f 1733/1964/590 1748/1988/590 1749/1991/590
f 1741/1966/323 1756/1990/323 1757/1976/323
f 1734/1967/601 1749/1991/601 1750/1992/601
f 1761/1983/502 1776/2009/502 1777/1993/502
f 1755/1986/325 1754/1984/325 1769/1994/325
f 1755/1986/327 1770/1995/327 1771/1999/327
f 1749/1991/328 1748/1988/328 1763/1997/328
f 1756/1990/329 1771/1999/329 1772/2001/329
f 1750/1992/330 1749/1991/330 1764/2000/330
f 1758/1977/331 1757/1976/331 1772/2001/331
f 1750/1992/332 1765/2002/332 1766/2004/332
f 1758/1977/333 1773/2003/333 1774/2005/333
f 1752/1980/334 1751/1978/334 1766/2004/334
f 1760/1981/504 1759/1979/504 1774/2005/504
f 1752/1980/335 1767/2006/335 1768/2008/335
f 1760/1981/505 1775/2007/505 1776/2009/505
f 1754/1984/336 1753/1982/336 1768/2008/336
f 1773/2003/338 1788/2026/338 1789/2010/338
f 1767/2006/339 1766/2004/339 1781/2011/339
f 1775/2007/506 1774/2005/506 1789/2010/506
f 1767/2006/340 1782/2012/340 1783/2014/340
f 1775/2007/507 1790/2013/507 1791/2015/507
f 1769/1994/341 1768/2008/341 1783/2014/341
f 1777/1993/569 1776/2009/569 1791/2015/569
f 1770/1995/342 1769/1994/342 1784/2016/342
f 1770/1995/344 1785/2018/344 1786/2022/344
f 1763/1997/345 1778/2020/345 1779/2023/345
f 1771/1999/346 1786/2022/346 1787/2024/346
f 1765/2002/347 1764/2000/347 1779/2023/347
f 1773/2003/348 1772/2001/348 1787/2024/348
f 1765/2002/337 1780/2025/337 1781/2011/337
f 1785/2018/351 1800/2043/351 1801/2031/351
f 1779/2023/602 1778/2020/602 1793/2028/602
f 1786/2022/353 1801/2031/353 1802/2033/353
f 1780/2025/511 1779/2023/511 1794/2032/511
f 1788/2026/355 1787/2024/355 1802/2033/355
f 1780/2025/356 1795/2034/356 1796/2036/356
f 1788/2026/357 1803/2035/357 1804/2037/357
f 1782/2012/358 1781/2011/358 1796/2036/358
f 1790/2013/512 1789/2010/512 1804/2037/512
f 1782/2012/359 1797/2038/359 1798/2040/359
f 1790/2013/513 1805/2039/513 1806/2041/513
f 1784/2016/360 1783/2014/360 1798/2040/360
f 1791/2015/605 1806/2041/605 1807/2030/605
f 1785/2018/349 1784/2016/349 1799/2042/349
f 1797/2038/362 1796/2036/362 1811/2044/362
f 1805/2039/515 1804/2037/515 1819/2046/515
f 1797/2038/363 1812/2045/363 1813/2048/363
f 1805/2039/516 1820/2047/516 1821/2049/516
f 1799/2042/364 1798/2040/364 1813/2048/364
f 1806/2041/517 1821/2049/517 1822/2051/517
f 1800/2043/365 1799/2042/365 1814/2050/365
f 1800/2043/367 1815/2052/367 1816/2056/367
f 1794/2032/368 1793/2028/368 1808/2054/368
f 1801/2031/369 1816/2056/369 1817/2058/369
f 1795/2034/370 1794/2032/370 1809/2057/370
f 1803/2035/371 1802/2033/371 1817/2058/371
f 1795/2034/372 1810/2059/372 1811/2044/372
f 1803/2035/361 1818/2060/361 1819/2046/361
f 1815/2052/606 1353/1535/606 1354/1510/606
f 1808/2054/591 1823/1504/591 1824/1513/591
f 1816/2056/521 1354/1510/521 1827/1516/521
f 1810/2059/522 1809/2057/522 1824/1513/522
f 1817/2058/523 1827/1516/523 1355/1520/523
f 1811/2044/524 1810/2059/524 1350/1517/524
f 1818/2060/525 1355/1520/525 1828/1524/525
f 1812/2045/526 1811/2044/526 1825/1521/526
f 1820/2047/527 1819/2046/527 1828/1524/527
f 1813/2048/528 1812/2045/528 1351/1526/528
f 1820/2047/529 1829/1528/529 1830/1532/529
f 1814/2050/374 1813/2048/374 1826/1529/374
f 1821/2049/552 1830/1532/552 1831/1508/552
f 1815/2052/531 1814/2050/531 1352/1533/531
f 1833/2063/572 1835/2066/572 1834/2064/572
f 1835/2066/573 1839/2068/573 1838/2067/573
f 1839/2068/574 1837/2070/574 1836/2069/574
f 1837/2070/575 1833/2075/575 1832/2071/575
f 1838/2067/576 1836/2069/576 1832/2072/576
f 1835/2074/577 1833/2076/577 1837/2070/577
usemtl マテリアル.002
f 859/386/1 467/387/1 392/388/1
f 693/389/375 867/390/375 406/391/375
f 390/392/376 399/393/376 400/394/376
f 860/395/3 392/388/3 393/396/3
f 390/392/4 401/397/4 863/398/4
f 386/399/5 393/396/5 394/400/5
f 863/398/6 402/401/6 391/402/6
f 861/403/7 394/400/7 395/404/7
f 391/402/8 403/405/8 864/406/8
f 387/407/9 395/404/9 396/408/9
f 864/406/377 404/409/377 865/410/377
f 862/411/10 396/408/10 397/412/10
f 865/410/378 405/413/378 866/414/378
f 388/415/11 397/412/11 398/416/11
f 866/414/379 406/391/379 867/390/379
f 388/415/380 399/393/380 389/417/380
f 405/413/381 421/418/381 406/391/381
f 399/393/382 413/419/382 414/420/382
f 392/388/15 467/421/15 407/422/15
f 693/423/383 406/391/383 421/418/383
f 399/393/384 415/424/384 400/394/384
f 393/396/17 407/422/17 408/425/17
f 401/397/18 415/424/18 416/426/18
f 393/396/19 409/427/19 394/400/19
f 402/401/20 416/426/20 417/428/20
f 394/400/21 410/429/21 395/404/21
f 403/405/22 417/428/22 418/430/22
f 395/404/23 411/431/23 396/408/23
f 404/409/385 418/430/385 419/432/385
f 396/408/24 412/433/24 397/412/24
f 405/413/386 419/432/386 420/434/386
f 397/412/13 413/419/13 398/416/13
f 410/429/26 424/435/26 425/436/26
f 418/430/27 432/437/27 433/438/27
f 410/429/28 426/439/28 411/431/28
f 418/430/387 434/440/387 419/432/387
f 411/431/29 427/441/29 412/433/29
f 419/432/388 435/442/388 420/434/388
f 413/419/30 427/441/30 428/443/30
f 421/418/389 435/442/389 436/444/389
f 414/420/31 428/443/31 429/445/31
f 407/422/32 467/446/32 422/447/32
f 693/448/390 421/418/390 436/444/390
f 414/420/33 430/449/33 415/424/33
f 407/422/34 423/450/34 408/425/34
f 415/424/35 431/451/35 416/426/35
f 409/427/391 423/450/391 424/435/391
f 417/428/25 431/451/25 432/437/25
f 429/445/37 443/452/37 444/453/37
f 422/447/38 467/454/38 437/455/38
f 693/456/392 436/444/392 451/457/392
f 429/445/39 445/458/39 430/449/39
f 422/447/40 438/459/40 423/450/40
f 431/451/41 445/458/41 446/460/41
f 423/450/42 439/461/42 424/435/42
f 432/437/43 446/460/43 447/462/43
f 425/436/44 439/461/44 440/463/44
f 432/437/45 448/464/45 433/438/45
f 426/439/46 440/463/46 441/465/46
f 433/438/393 449/466/393 434/440/393
f 426/439/47 442/467/47 427/441/47
f 435/442/394 449/466/394 450/468/394
f 427/441/48 443/452/48 428/443/48
f 436/444/395 450/468/395 451/457/395
f 447/462/49 463/469/49 448/464/49
f 441/465/50 455/470/50 456/471/50
f 449/466/396 463/469/396 464/472/396
f 441/465/51 457/473/51 442/467/51
f 450/468/397 464/472/397 465/474/397
f 442/467/52 458/475/52 443/452/52
f 451/457/398 465/474/398 466/476/398
f 444/453/53 458/475/53 459/477/53
f 437/455/54 467/478/54 452/479/54
f 693/480/399 451/457/399 466/476/399
f 444/453/55 460/481/55 445/458/55
f 437/455/56 453/482/56 438/459/56
f 446/460/57 460/481/57 461/483/57
f 438/459/58 454/484/58 439/461/58
f 447/462/59 461/483/59 462/485/59
f 439/461/60 455/470/60 440/463/60
f 452/479/61 467/486/61 468/487/61
f 693/488/400 466/476/400 482/489/400
f 459/477/62 476/490/62 460/481/62
f 452/479/63 469/491/63 453/482/63
f 460/481/64 477/492/64 461/483/64
f 453/482/65 470/493/65 454/484/65
f 462/485/66 477/492/66 478/494/66
f 454/484/67 471/495/67 455/470/67
f 462/485/68 479/496/68 463/469/68
f 456/471/69 471/495/69 472/497/69
f 464/472/401 479/496/401 480/498/401
f 456/471/70 473/499/70 457/473/70
f 465/474/402 480/498/402 481/500/402
f 458/475/71 473/499/71 474/501/71
f 465/474/403 482/489/403 466/476/403
f 459/477/72 474/501/72 475/502/72
f 472/497/73 486/503/73 487/504/73
f 480/498/404 494/505/404 495/506/404
f 472/497/74 488/507/74 473/499/74
f 480/498/405 496/508/405 481/500/405
f 474/501/75 488/507/75 489/509/75
f 482/489/406 496/508/406 497/510/406
f 475/502/76 489/509/76 490/511/76
f 468/487/77 467/512/77 483/513/77
f 693/514/407 482/489/407 497/510/407
f 475/502/78 491/515/78 476/490/78
f 468/487/79 484/516/79 469/491/79
f 476/490/80 492/517/80 477/492/80
f 470/493/81 484/516/81 485/518/81
f 478/494/82 492/517/82 493/519/82
f 470/493/83 486/503/83 471/495/83
f 478/494/84 494/505/84 479/496/84
f 490/511/85 506/520/85 491/515/85
f 483/513/86 499/521/86 484/516/86
f 491/515/87 507/522/87 492/517/87
f 484/516/88 500/523/88 485/518/88
f 493/519/89 507/522/89 508/524/89
f 485/518/90 501/525/90 486/503/90
f 493/519/91 509/526/91 494/505/91
f 487/504/92 501/525/92 502/527/92
f 495/506/408 509/526/408 510/528/408
f 487/504/93 503/529/93 488/507/93
f 496/508/409 510/528/409 511/530/409
f 489/509/94 503/529/94 504/531/94
f 497/510/410 511/530/410 512/532/410
f 489/509/95 505/533/95 490/511/95
f 483/513/96 467/534/96 498/535/96
f 693/536/411 497/510/411 512/532/411
f 510/528/412 524/537/412 525/538/412
f 502/527/97 518/539/97 503/529/97
f 511/530/413 525/538/413 526/540/413
f 504/531/98 518/539/98 519/541/98
f 512/532/414 526/540/414 527/542/414
f 505/533/415 519/541/415 520/543/415
f 498/535/100 467/544/100 513/545/100
f 693/546/416 512/532/416 527/542/416
f 505/533/417 521/547/417 506/520/417
f 498/535/102 514/548/102 499/521/102
f 506/520/103 522/549/103 507/522/103
f 499/521/104 515/550/104 500/523/104
f 508/524/105 522/549/105 523/551/105
f 500/523/106 516/552/106 501/525/106
f 508/524/107 524/537/107 509/526/107
f 502/527/108 516/552/108 517/553/108
f 521/547/110 537/554/110 522/549/110
f 514/548/111 530/555/111 515/550/111
f 523/551/418 537/554/418 538/556/418
f 515/550/113 531/557/113 516/552/113
f 523/551/114 539/558/114 524/537/114
f 517/553/115 531/557/115 532/559/115
f 525/538/419 539/558/419 540/560/419
f 517/553/116 533/561/116 518/539/116
f 525/538/420 541/562/420 526/540/420
f 519/541/117 533/561/117 534/563/117
f 526/540/421 542/564/421 527/542/421
f 520/543/118 534/563/118 535/565/118
f 513/545/119 467/566/119 528/567/119
f 693/568/422 527/542/422 542/564/422
f 520/543/120 536/569/120 521/547/120
f 514/548/109 528/567/109 529/570/109
f 541/562/423 555/571/423 556/572/423
f 534/563/122 548/573/122 549/574/122
f 542/564/424 556/572/424 557/575/424
f 535/565/425 549/574/425 550/576/425
f 528/567/124 467/577/124 543/578/124
f 693/579/426 542/564/426 557/575/426
f 535/565/427 551/580/427 536/569/427
f 528/567/428 544/581/428 529/570/428
f 536/569/127 552/582/127 537/554/127
f 529/570/128 545/583/128 530/555/128
f 538/556/129 552/582/129 553/584/129
f 530/555/130 546/585/130 531/557/130
f 538/556/131 554/586/131 539/558/131
f 531/557/132 547/587/132 532/559/132
f 540/560/429 554/586/429 555/571/429
f 532/559/121 548/573/121 533/561/121
f 545/583/134 559/588/134 560/589/134
f 553/584/135 567/590/135 568/591/135
f 545/583/136 561/592/136 546/585/136
f 553/584/137 569/593/137 554/586/137
f 547/587/138 561/592/138 562/594/138
f 555/571/430 569/593/430 570/595/430
f 547/587/139 563/596/139 548/573/139
f 555/571/431 571/597/431 556/572/431
f 549/574/140 563/596/140 564/598/140
f 557/575/432 571/597/432 572/599/432
f 550/576/141 564/598/141 565/600/141
f 543/578/142 467/601/142 558/602/142
f 693/603/433 557/575/433 572/599/433
f 550/576/143 566/604/143 551/580/143
f 543/578/144 559/588/144 544/581/144
f 551/580/133 567/590/133 552/582/133
f 564/598/145 578/605/145 579/606/145
f 571/597/434 587/607/434 572/599/434
f 565/600/146 579/606/146 580/608/146
f 558/602/147 467/609/147 573/610/147
f 693/611/435 572/599/435 587/607/435
f 565/600/148 581/612/148 566/604/148
f 559/588/149 573/610/149 574/613/149
f 566/604/150 582/614/150 567/590/150
f 559/588/151 575/615/151 560/589/151
f 568/591/152 582/614/152 583/616/152
f 560/589/153 576/617/153 561/592/153
f 568/591/154 584/618/154 569/593/154
f 562/594/155 576/617/155 577/619/155
f 570/595/436 584/618/436 585/620/436
f 562/594/156 578/605/156 563/596/156
f 571/597/437 585/620/437 586/621/437
f 583/616/157 597/622/157 598/623/157
f 575/615/158 591/624/158 576/617/158
f 583/616/159 599/625/159 584/618/159
f 577/619/160 591/624/160 592/626/160
f 585/620/438 599/625/438 600/627/438
f 577/619/161 593/628/161 578/605/161
f 586/621/439 600/627/439 601/629/439
f 579/606/162 593/628/162 594/630/162
f 586/621/440 602/631/440 587/607/440
f 580/608/163 594/630/163 595/632/163
f 573/610/164 467/633/164 588/634/164
f 693/635/441 587/607/441 602/631/441
f 580/608/165 596/636/165 581/612/165
f 573/610/442 589/637/442 574/613/442
f 581/612/167 597/622/167 582/614/167
f 574/613/443 590/638/443 575/615/443
f 601/629/444 617/639/444 602/631/444
f 595/632/169 609/640/169 610/641/169
f 588/634/170 467/642/170 603/643/170
f 693/644/445 602/631/445 617/639/445
f 595/632/171 611/645/171 596/636/171
f 589/637/172 603/643/172 604/646/172
f 596/636/173 612/647/173 597/622/173
f 589/637/174 605/648/174 590/638/174
f 598/623/175 612/647/175 613/649/175
f 590/638/176 606/650/176 591/624/176
f 598/623/177 614/651/177 599/625/177
f 592/626/178 606/650/178 607/652/178
f 600/627/446 614/651/446 615/653/446
f 592/626/179 608/654/179 593/628/179
f 601/629/447 615/653/447 616/655/447
f 594/630/180 608/654/180 609/640/180
f 605/648/181 621/656/181 606/650/181
f 613/649/182 629/657/182 614/651/182
f 607/652/183 621/656/183 622/658/183
f 615/653/448 629/657/448 630/659/448
f 607/652/184 623/660/184 608/654/184
f 615/653/449 631/661/449 616/655/449
f 609/640/185 623/660/185 624/662/185
f 617/639/450 631/661/450 632/663/450
f 610/641/186 624/662/186 625/664/186
f 603/643/187 467/665/187 618/666/187
f 693/667/451 617/639/451 632/663/451
f 610/641/188 626/668/188 611/645/188
f 603/643/189 619/669/189 604/646/189
f 611/645/190 627/670/190 612/647/190
f 605/648/191 619/669/191 620/671/191
f 613/649/192 627/670/192 628/672/192
f 625/664/452 639/673/452 640/674/452
f 618/666/194 467/675/194 633/676/194
f 693/677/453 632/663/453 647/678/453
f 625/664/454 641/679/454 626/668/454
f 619/669/196 633/676/196 634/680/196
f 626/668/197 642/681/197 627/670/197
f 620/671/198 634/680/198 635/682/198
f 628/672/199 642/681/199 643/683/199
f 620/671/200 636/684/200 621/656/200
f 629/657/201 643/683/201 644/685/201
f 621/656/202 637/686/202 622/658/202
f 630/659/455 644/685/455 645/687/455
f 622/658/203 638/688/203 623/660/203
f 630/659/456 646/689/456 631/661/456
f 624/662/204 638/688/204 639/673/204
f 631/661/457 647/678/457 632/663/457
f 643/683/205 659/690/205 644/685/205
f 637/686/206 651/691/206 652/692/206
f 645/687/458 659/690/458 660/693/458
f 637/686/207 653/694/207 638/688/207
f 645/687/459 661/695/459 646/689/459
f 639/673/208 653/694/208 654/696/208
f 647/678/460 661/695/460 662/697/460
f 640/674/209 654/696/209 655/698/209
f 633/676/210 467/699/210 648/700/210
f 693/701/461 647/678/461 662/697/461
f 640/674/211 656/702/211 641/679/211
f 633/676/212 649/703/212 634/680/212
f 641/679/213 657/704/213 642/681/213
f 635/682/214 649/703/214 650/705/214
f 643/683/215 657/704/215 658/706/215
f 635/682/216 651/691/216 636/684/216
f 693/707/462 662/697/462 677/708/462
f 655/698/218 671/709/218 656/702/218
f 648/700/219 664/710/219 649/703/219
f 656/702/220 672/711/220 657/704/220
f 649/703/463 665/712/463 650/705/463
f 658/706/222 672/711/222 673/713/222
f 650/705/223 666/714/223 651/691/223
f 658/706/224 674/715/224 659/690/224
f 652/692/225 666/714/225 667/716/225
f 660/693/464 674/715/464 675/717/464
f 652/692/226 668/718/226 653/694/226
f 661/695/465 675/717/465 676/719/465
f 654/696/227 668/718/227 669/720/227
f 662/697/466 676/719/466 677/708/466
f 655/698/228 669/720/228 670/721/228
f 648/700/217 467/722/217 663/723/217
f 675/717/467 689/724/467 690/725/467
f 667/716/230 683/726/230 668/718/230
f 676/719/468 690/725/468 691/727/468
f 669/720/231 683/726/231 684/728/231
f 676/719/469 692/729/469 677/708/469
f 670/721/232 684/728/232 685/730/232
f 663/723/233 467/731/233 678/732/233
f 693/733/470 677/708/470 692/729/470
f 670/721/234 686/734/234 671/709/234
f 664/710/235 678/732/235 679/735/235
f 671/709/236 687/736/236 672/711/236
f 664/710/237 680/737/237 665/712/237
f 673/713/238 687/736/238 688/738/238
f 665/712/239 681/739/239 666/714/239
f 673/713/240 689/724/240 674/715/240
f 667/716/229 681/739/229 682/740/229
f 679/735/242 694/741/242 695/742/242
f 686/734/243 703/743/243 687/736/243
f 680/737/244 695/742/244 696/744/244
f 688/738/245 703/743/245 704/745/245
f 680/737/246 697/746/246 681/739/246
f 688/738/247 705/747/247 689/724/247
f 682/740/248 697/746/248 698/748/248
f 690/725/471 705/747/471 706/749/471
f 682/740/249 699/750/249 683/726/249
f 690/725/472 707/751/472 691/727/472
f 684/728/250 699/750/250 700/752/250
f 691/727/473 708/753/473 692/729/473
f 685/730/251 700/752/251 701/754/251
f 678/732/252 467/755/252 694/741/252
f 693/756/474 692/729/474 708/753/474
f 685/730/241 702/757/241 686/734/241
f 698/748/253 714/758/253 699/750/253
f 707/751/475 721/759/475 722/760/475
f 700/752/254 714/758/254 715/761/254
f 708/753/476 722/760/476 723/762/476
f 701/754/255 715/761/255 716/763/255
f 694/741/256 467/764/256 709/765/256
f 693/766/477 708/753/477 723/762/477
f 701/754/257 717/767/257 702/757/257
f 694/741/258 710/768/258 695/742/258
f 702/757/259 718/769/259 703/743/259
f 695/742/478 711/770/478 696/744/478
f 704/745/261 718/769/261 719/771/261
f 696/744/262 712/772/262 697/746/262
f 704/745/263 720/773/263 705/747/263
f 698/748/264 712/772/264 713/774/264
f 706/749/479 720/773/479 721/759/479
f 717/767/265 733/775/265 718/769/265
f 710/768/266 726/776/266 711/770/266
f 719/771/267 733/775/267 734/777/267
f 711/770/268 727/778/268 712/772/268
f 719/771/269 735/779/269 720/773/269
f 713/774/270 727/778/270 728/780/270
f 721/759/480 735/779/480 736/781/480
f 713/774/271 729/782/271 714/758/271
f 722/760/481 736/781/481 737/783/481
f 715/761/272 729/782/272 730/784/272
f 723/762/482 737/783/482 738/785/482
f 716/763/273 730/784/273 731/786/273
f 709/765/274 467/787/274 724/788/274
f 693/789/483 723/762/483 738/785/483
f 716/763/275 732/790/275 717/767/275
f 709/765/276 725/791/276 710/768/276
f 736/781/484 752/792/484 737/783/484
f 730/784/277 744/793/277 745/794/277
f 737/783/485 753/795/485 738/785/485
f 731/786/278 745/794/278 746/796/278
f 724/788/279 467/797/279 739/798/279
f 693/799/486 738/785/486 753/795/486
f 731/786/487 747/800/487 732/790/487
f 725/791/281 739/798/281 740/801/281
f 732/790/282 748/802/282 733/775/282
f 726/776/283 740/801/283 741/803/283
f 734/777/284 748/802/284 749/804/284
f 726/776/285 742/805/285 727/778/285
f 734/777/286 750/806/286 735/779/286
f 728/780/287 742/805/287 743/807/287
f 736/781/488 750/806/488 751/808/488
f 728/780/288 744/793/288 729/782/288
f 741/809/289 755/810/289 756/811/289
f 749/812/290 763/813/290 764/814/290
f 742/815/291 756/811/291 757/816/291
f 749/812/292 765/817/292 750/818/292
f 743/819/293 757/816/293 758/820/293
f 750/818/489 766/821/489 751/822/489
f 743/819/294 759/823/294 744/824/294
f 751/822/490 767/825/490 752/826/490
f 745/827/295 759/823/295 760/828/295
f 753/829/491 767/825/491 768/830/491
f 746/831/296 760/828/296 761/832/296
f 739/833/297 467/834/297 754/835/297
f 693/836/492 753/829/492 768/830/492
f 746/831/493 762/837/493 747/838/493
f 739/833/299 755/810/299 740/839/299
f 747/838/300 763/813/300 748/840/300
f 760/828/301 774/841/301 775/842/301
f 767/825/494 783/843/494 768/830/494
f 761/832/302 775/842/302 776/844/302
f 754/835/303 467/845/303 769/846/303
f 693/847/495 768/830/495 783/843/495
f 761/832/304 777/848/304 762/837/304
f 755/810/305 769/846/305 770/849/305
f 762/837/306 778/850/306 763/813/306
f 755/810/307 771/851/307 756/811/307
f 764/814/308 778/850/308 779/852/308
f 756/811/309 772/853/309 757/816/309
f 765/817/310 779/852/310 780/854/310
f 757/816/311 773/855/311 758/820/311
f 766/821/496 780/854/496 781/856/496
f 758/820/312 774/841/312 759/823/312
f 767/825/497 781/856/497 782/857/497
f 779/852/313 793/858/313 794/859/313
f 771/851/314 787/860/314 772/853/314
f 779/852/315 795/861/315 780/854/315
f 773/855/316 787/860/316 788/862/316
f 781/856/498 795/861/498 796/863/498
f 773/855/317 789/864/317 774/841/317
f 781/856/499 797/865/499 782/857/499
f 775/842/318 789/864/318 790/866/318
f 783/843/500 797/865/500 798/867/500
f 776/844/319 790/866/319 791/868/319
f 769/846/320 467/869/320 784/870/320
f 693/871/501 783/843/501 798/867/501
f 776/844/321 792/872/321 777/848/321
f 769/846/322 785/873/322 770/849/322
f 777/848/323 793/858/323 778/850/323
f 770/849/324 786/874/324 771/851/324
f 798/867/502 812/875/502 813/876/502
f 791/868/325 805/877/325 806/878/325
f 784/870/326 467/879/326 799/880/326
f 693/881/503 798/867/503 813/876/503
f 791/868/327 807/882/327 792/872/327
f 784/870/328 800/883/328 785/873/328
f 792/872/329 808/884/329 793/858/329
f 786/874/330 800/883/330 801/885/330
f 794/859/331 808/884/331 809/886/331
f 786/874/332 802/887/332 787/860/332
f 794/859/333 810/888/333 795/861/333
f 788/862/334 802/887/334 803/889/334
f 796/863/504 810/888/504 811/890/504
f 788/862/335 804/891/335 789/864/335
f 796/863/505 812/875/505 797/865/505
f 790/866/336 804/891/336 805/877/336
f 809/886/338 825/892/338 810/888/338
f 803/889/339 817/893/339 818/894/339
f 811/890/506 825/892/506 826/895/506
f 803/889/340 819/896/340 804/891/340
f 811/890/507 827/897/507 812/875/507
f 805/877/341 819/896/341 820/898/341
f 812/875/508 828/899/508 813/876/508
f 806/878/342 820/898/342 821/900/342
f 799/880/343 467/901/343 814/902/343
f 693/903/509 813/876/509 828/899/509
f 806/878/344 822/904/344 807/882/344
f 800/883/345 814/902/345 815/905/345
f 807/882/346 823/906/346 808/884/346
f 801/885/347 815/905/347 816/907/347
f 809/886/348 823/906/348 824/908/348
f 801/885/337 817/893/337 802/887/337
f 814/902/350 467/909/350 829/910/350
f 693/911/510 828/899/510 843/912/510
f 821/900/351 837/913/351 822/904/351
f 815/905/352 829/910/352 830/914/352
f 822/904/353 838/915/353 823/906/353
f 816/907/511 830/914/511 831/916/511
f 824/908/355 838/915/355 839/917/355
f 816/907/356 832/918/356 817/893/356
f 824/908/357 840/919/357 825/892/357
f 818/894/358 832/918/358 833/920/358
f 826/895/512 840/919/512 841/921/512
f 818/894/359 834/922/359 819/896/359
f 826/895/513 842/923/513 827/897/513
f 820/898/360 834/922/360 835/924/360
f 827/897/514 843/912/514 828/899/514
f 821/900/349 835/924/349 836/925/349
f 833/920/362 847/926/362 848/927/362
f 841/921/515 855/928/515 856/929/515
f 833/920/363 849/930/363 834/922/363
f 842/923/516 856/929/516 857/931/516
f 835/924/364 849/930/364 850/932/364
f 843/912/517 857/931/517 858/933/517
f 836/925/365 850/932/365 851/934/365
f 829/910/366 467/935/366 844/936/366
f 693/937/518 843/912/518 858/933/518
f 836/925/367 852/938/367 837/913/367
f 829/910/368 845/939/368 830/914/368
f 837/913/369 853/940/369 838/915/369
f 830/914/370 846/941/370 831/916/370
f 839/917/371 853/940/371 854/942/371
f 831/916/372 847/926/372 832/918/372
f 839/917/361 855/928/361 840/919/361
f 851/934/519 390/392/519 852/938/519
f 844/936/520 860/395/520 845/939/520
f 852/938/521 863/398/521 853/940/521
f 846/941/522 860/395/522 386/399/522
f 853/940/523 391/402/523 854/942/523
f 847/926/524 386/399/524 861/403/524
f 854/942/525 864/406/525 855/928/525
f 848/927/526 861/403/526 387/407/526
f 856/929/527 864/406/527 865/410/527
f 849/930/528 387/407/528 862/411/528
f 857/931/529 865/410/529 866/414/529
f 850/932/374 862/411/374 388/415/374
f 858/933/530 866/414/530 867/390/530
f 851/934/531 388/415/531 389/417/531
f 844/936/373 467/943/373 859/386/373
f 693/944/532 858/933/532 867/390/532
f 390/392/2 389/417/2 399/393/2
f 860/395/3 859/386/3 392/388/3
f 390/392/4 400/394/4 401/397/4
f 386/399/5 860/395/5 393/396/5
f 863/398/6 401/397/6 402/401/6
f 861/403/7 386/399/7 394/400/7
f 391/402/8 402/401/8 403/405/8
f 387/407/9 861/403/9 395/404/9
f 864/406/377 403/405/377 404/409/377
f 862/411/10 387/407/10 396/408/10
f 865/410/378 404/409/378 405/413/378
f 388/415/11 862/411/11 397/412/11
f 866/414/379 405/413/379 406/391/379
f 388/415/12 398/416/12 399/393/12
f 405/413/381 420/434/381 421/418/381
f 399/393/382 398/416/382 413/419/382
f 399/393/384 414/420/384 415/424/384
f 393/396/17 392/388/17 407/422/17
f 401/397/18 400/394/18 415/424/18
f 393/396/19 408/425/19 409/427/19
f 402/401/20 401/397/20 416/426/20
f 394/400/21 409/427/21 410/429/21
f 403/405/22 402/401/22 417/428/22
f 395/404/23 410/429/23 411/431/23
f 404/409/385 403/405/385 418/430/385
f 396/408/24 411/431/24 412/433/24
f 405/413/386 404/409/386 419/432/386
f 397/412/13 412/433/13 413/419/13
f 410/429/26 409/427/26 424/435/26
f 418/430/27 417/428/27 432/437/27
f 410/429/28 425/436/28 426/439/28
f 418/430/387 433/438/387 434/440/387
f 411/431/29 426/439/29 427/441/29
f 419/432/534 434/440/534 435/442/534
f 413/419/30 412/433/30 427/441/30
f 421/418/389 420/434/389 435/442/389
f 414/420/31 413/419/31 428/443/31
f 414/420/33 429/445/33 430/449/33
f 407/422/579 422/447/579 423/450/579
f 415/424/35 430/449/35 431/451/35
f 409/427/391 408/425/391 423/450/391
f 417/428/25 416/426/25 431/451/25
f 429/445/37 428/443/37 443/452/37
f 429/445/39 444/453/39 445/458/39
f 422/447/580 437/455/580 438/459/580
f 431/451/41 430/449/41 445/458/41
f 423/450/42 438/459/42 439/461/42
f 432/437/43 431/451/43 446/460/43
f 425/436/44 424/435/44 439/461/44
f 432/437/45 447/462/45 448/464/45
f 426/439/46 425/436/46 440/463/46
f 433/438/393 448/464/393 449/466/393
f 426/439/47 441/465/47 442/467/47
f 435/442/394 434/440/394 449/466/394
f 427/441/48 442/467/48 443/452/48
f 436/444/395 435/442/395 450/468/395
f 447/462/49 462/485/49 463/469/49
f 441/465/50 440/463/50 455/470/50
f 449/466/396 448/464/396 463/469/396
f 441/465/51 456/471/51 457/473/51
f 450/468/397 449/466/397 464/472/397
f 442/467/52 457/473/52 458/475/52
f 451/457/554 450/468/554 465/474/554
f 444/453/53 443/452/53 458/475/53
f 444/453/55 459/477/55 460/481/55
f 437/455/555 452/479/555 453/482/555
f 446/460/57 445/458/57 460/481/57
f 438/459/58 453/482/58 454/484/58
f 447/462/59 446/460/59 461/483/59
f 439/461/60 454/484/60 455/470/60
f 459/477/62 475/502/62 476/490/62
f 452/479/581 468/487/581 469/491/581
f 460/481/64 476/490/64 477/492/64
f 453/482/65 469/491/65 470/493/65
f 462/485/66 461/483/66 477/492/66
f 454/484/67 470/493/67 471/495/67
f 462/485/68 478/494/68 479/496/68
f 456/471/69 455/470/69 471/495/69
f 464/472/401 463/469/401 479/496/401
f 456/471/70 472/497/70 473/499/70
f 465/474/402 464/472/402 480/498/402
f 458/475/71 457/473/71 473/499/71
f 465/474/403 481/500/403 482/489/403
f 459/477/72 458/475/72 474/501/72
f 472/497/73 471/495/73 486/503/73
f 480/498/404 479/496/404 494/505/404
f 472/497/74 487/504/74 488/507/74
f 480/498/405 495/506/405 496/508/405
f 474/501/75 473/499/75 488/507/75
f 482/489/406 481/500/406 496/508/406
f 475/502/76 474/501/76 489/509/76
f 475/502/78 490/511/78 491/515/78
f 468/487/79 483/513/79 484/516/79
f 476/490/80 491/515/80 492/517/80
f 470/493/81 469/491/81 484/516/81
f 478/494/82 477/492/82 492/517/82
f 470/493/83 485/518/83 486/503/83
f 478/494/84 493/519/84 494/505/84
f 490/511/85 505/533/85 506/520/85
f 483/513/86 498/535/86 499/521/86
f 491/515/87 506/520/87 507/522/87
f 484/516/88 499/521/88 500/523/88
f 493/519/89 492/517/89 507/522/89
f 485/518/90 500/523/90 501/525/90
f 493/519/91 508/524/91 509/526/91
f 487/504/92 486/503/92 501/525/92
f 495/506/408 494/505/408 509/526/408
f 487/504/93 502/527/93 503/529/93
f 496/508/409 495/506/409 510/528/409
f 489/509/94 488/507/94 503/529/94
f 497/510/410 496/508/410 511/530/410
f 489/509/95 504/531/95 505/533/95
f 510/528/412 509/526/412 524/537/412
f 502/527/97 517/553/97 518/539/97
f 511/530/413 510/528/413 525/538/413
f 504/531/98 503/529/98 518/539/98
f 512/532/538 511/530/538 526/540/538
f 505/533/415 504/531/415 519/541/415
f 505/533/417 520/543/417 521/547/417
f 498/535/582 513/545/582 514/548/582
f 506/520/103 521/547/103 522/549/103
f 499/521/104 514/548/104 515/550/104
f 508/524/105 507/522/105 522/549/105
f 500/523/106 515/550/106 516/552/106
f 508/524/107 523/551/107 524/537/107
f 502/527/108 501/525/108 516/552/108
f 521/547/110 536/569/110 537/554/110
f 514/548/111 529/570/111 530/555/111
f 523/551/112 522/549/112 537/554/112
f 515/550/113 530/555/113 531/557/113
f 523/551/114 538/556/114 539/558/114
f 517/553/115 516/552/115 531/557/115
f 525/538/419 524/537/419 539/558/419
f 517/553/116 532/559/116 533/561/116
f 525/538/420 540/560/420 541/562/420
f 519/541/117 518/539/117 533/561/117
f 526/540/421 541/562/421 542/564/421
f 520/543/118 519/541/118 534/563/118
f 520/543/120 535/565/120 536/569/120
f 514/548/109 513/545/109 528/567/109
f 541/562/540 540/560/540 555/571/540
f 534/563/122 533/561/122 548/573/122
f 542/564/541 541/562/541 556/572/541
f 535/565/425 534/563/425 549/574/425
f 535/565/427 550/576/427 551/580/427
f 528/567/126 543/578/126 544/581/126
f 536/569/127 551/580/127 552/582/127
f 529/570/558 544/581/558 545/583/558
f 538/556/129 537/554/129 552/582/129
f 530/555/130 545/583/130 546/585/130
f 538/556/131 553/584/131 554/586/131
f 531/557/132 546/585/132 547/587/132
f 540/560/429 539/558/429 554/586/429
f 532/559/121 547/587/121 548/573/121
f 545/583/134 544/581/134 559/588/134
f 553/584/135 552/582/135 567/590/135
f 545/583/136 560/589/136 561/592/136
f 553/584/137 568/591/137 569/593/137
f 547/587/138 546/585/138 561/592/138
f 555/571/430 554/586/430 569/593/430
f 547/587/139 562/594/139 563/596/139
f 555/571/431 570/595/431 571/597/431
f 549/574/140 548/573/140 563/596/140
f 557/575/559 556/572/559 571/597/559
f 550/576/141 549/574/141 564/598/141
f 550/576/143 565/600/143 566/604/143
f 543/578/560 558/602/560 559/588/560
f 551/580/133 566/604/133 567/590/133
f 564/598/145 563/596/145 578/605/145
f 571/597/542 586/621/542 587/607/542
f 565/600/146 564/598/146 579/606/146
f 565/600/148 580/608/148 581/612/148
f 559/588/583 558/602/583 573/610/583
f 566/604/150 581/612/150 582/614/150
f 559/588/151 574/613/151 575/615/151
f 568/591/152 567/590/152 582/614/152
f 560/589/153 575/615/153 576/617/153
f 568/591/154 583/616/154 584/618/154
f 562/594/155 561/592/155 576/617/155
f 570/595/436 569/593/436 584/618/436
f 562/594/156 577/619/156 578/605/156
f 571/597/437 570/595/437 585/620/437
f 583/616/157 582/614/157 597/622/157
f 575/615/158 590/638/158 591/624/158
f 583/616/159 598/623/159 599/625/159
f 577/619/160 576/617/160 591/624/160
f 585/620/438 584/618/438 599/625/438
f 577/619/161 592/626/161 593/628/161
f 586/621/584 585/620/584 600/627/584
f 579/606/162 578/605/162 593/628/162
f 586/621/440 601/629/440 602/631/440
f 580/608/163 579/606/163 594/630/163
f 580/608/165 595/632/165 596/636/165
f 573/610/166 588/634/166 589/637/166
f 581/612/167 596/636/167 597/622/167
f 574/613/168 589/637/168 590/638/168
f 601/629/444 616/655/444 617/639/444
f 595/632/169 594/630/169 609/640/169
f 595/632/171 610/641/171 611/645/171
f 589/637/172 588/634/172 603/643/172
f 596/636/173 611/645/173 612/647/173
f 589/637/174 604/646/174 605/648/174
f 598/623/175 597/622/175 612/647/175
f 590/638/176 605/648/176 606/650/176
f 598/623/177 613/649/177 614/651/177
f 592/626/178 591/624/178 606/650/178
f 600/627/446 599/625/446 614/651/446
f 592/626/179 607/652/179 608/654/179
f 601/629/447 600/627/447 615/653/447
f 594/630/180 593/628/180 608/654/180
f 605/648/181 620/671/181 621/656/181
f 613/649/182 628/672/182 629/657/182
f 607/652/183 606/650/183 621/656/183
f 615/653/448 614/651/448 629/657/448
f 607/652/184 622/658/184 623/660/184
f 615/653/449 630/659/449 631/661/449
f 609/640/185 608/654/185 623/660/185
f 617/639/562 616/655/562 631/661/562
f 610/641/186 609/640/186 624/662/186
f 610/641/188 625/664/188 626/668/188
f 603/643/189 618/666/189 619/669/189
f 611/645/190 626/668/190 627/670/190
f 605/648/191 604/646/191 619/669/191
f 613/649/192 612/647/192 627/670/192
f 625/664/193 624/662/193 639/673/193
f 625/664/195 640/674/195 641/679/195
f 619/669/196 618/666/196 633/676/196
f 626/668/197 641/679/197 642/681/197
f 620/671/198 619/669/198 634/680/198
f 628/672/199 627/670/199 642/681/199
f 620/671/200 635/682/200 636/684/200
f 629/657/201 628/672/201 643/683/201
f 621/656/202 636/684/202 637/686/202
f 630/659/455 629/657/455 644/685/455
f 622/658/203 637/686/203 638/688/203
f 630/659/456 645/687/456 646/689/456
f 624/662/204 623/660/204 638/688/204
f 631/661/545 646/689/545 647/678/545
f 643/683/205 658/706/205 659/690/205
f 637/686/206 636/684/206 651/691/206
f 645/687/458 644/685/458 659/690/458
f 637/686/207 652/692/207 653/694/207
f 645/687/459 660/693/459 661/695/459
f 639/673/208 638/688/208 653/694/208
f 647/678/460 646/689/460 661/695/460
f 640/674/209 639/673/209 654/696/209
f 640/674/211 655/698/211 656/702/211
f 633/676/212 648/700/212 649/703/212
f 641/679/213 656/702/213 657/704/213
f 635/682/214 634/680/214 649/703/214
f 643/683/215 642/681/215 657/704/215
f 635/682/216 650/705/216 651/691/216
f 655/698/218 670/721/218 671/709/218
f 648/700/219 663/723/219 664/710/219
f 656/702/220 671/709/220 672/711/220
f 649/703/221 664/710/221 665/712/221
f 658/706/222 657/704/222 672/711/222
f 650/705/223 665/712/223 666/714/223
f 658/706/224 673/713/224 674/715/224
f 652/692/225 651/691/225 666/714/225
f 660/693/464 659/690/464 674/715/464
f 652/692/226 667/716/226 668/718/226
f 661/695/585 660/693/585 675/717/585
f 654/696/227 653/694/227 668/718/227
f 662/697/466 661/695/466 676/719/466
f 655/698/228 654/696/228 669/720/228
f 675/717/467 674/715/467 689/724/467
f 667/716/230 682/740/230 683/726/230
f 676/719/468 675/717/468 690/725/468
f 669/720/231 668/718/231 683/726/231
f 676/719/469 691/727/469 692/729/469
f 670/721/232 669/720/232 684/728/232
f 670/721/234 685/730/234 686/734/234
f 664/710/586 663/723/586 678/732/586
f 671/709/236 686/734/236 687/736/236
f 664/710/237 679/735/237 680/737/237
f 673/713/238 672/711/238 687/736/238
f 665/712/239 680/737/239 681/739/239
f 673/713/240 688/738/240 689/724/240
f 667/716/229 666/714/229 681/739/229
f 679/735/563 678/732/563 694/741/563
f 686/734/243 702/757/243 703/743/243
f 680/737/244 679/735/244 695/742/244
f 688/738/245 687/736/245 703/743/245
f 680/737/246 696/744/246 697/746/246
f 688/738/247 704/745/247 705/747/247
f 682/740/248 681/739/248 697/746/248
f 690/725/471 689/724/471 705/747/471
f 682/740/249 698/748/249 699/750/249
f 690/725/472 706/749/472 707/751/472
f 684/728/250 683/726/250 699/750/250
f 691/727/473 707/751/473 708/753/473
f 685/730/251 684/728/251 700/752/251
f 685/730/241 701/754/241 702/757/241
f 698/748/253 713/774/253 714/758/253
f 707/751/548 706/749/548 721/759/548
f 700/752/254 699/750/254 714/758/254
f 708/753/476 707/751/476 722/760/476
f 701/754/255 700/752/255 715/761/255
f 701/754/257 716/763/257 717/767/257
f 694/741/258 709/765/258 710/768/258
f 702/757/259 717/767/259 718/769/259
f 695/742/260 710/768/260 711/770/260
f 704/745/261 703/743/261 718/769/261
f 696/744/262 711/770/262 712/772/262
f 704/745/263 719/771/263 720/773/263
f 698/748/264 697/746/264 712/772/264
f 706/749/479 705/747/479 720/773/479
f 717/767/265 732/790/265 733/775/265
f 710/768/266 725/791/266 726/776/266
f 719/771/267 718/769/267 733/775/267
f 711/770/268 726/776/268 727/778/268
f 719/771/269 734/777/269 735/779/269
f 713/774/270 712/772/270 727/778/270
f 721/759/480 720/773/480 735/779/480
f 713/774/271 728/780/271 729/782/271
f 722/760/481 721/759/481 736/781/481
f 715/761/272 714/758/272 729/782/272
f 723/762/565 722/760/565 737/783/565
f 716/763/273 715/761/273 730/784/273
f 716/763/275 731/786/275 732/790/275
f 709/765/587 724/788/587 725/791/587
f 736/781/484 751/808/484 752/792/484
f 730/784/277 729/782/277 744/793/277
f 737/783/566 752/792/566 753/795/566
f 731/786/278 730/784/278 745/794/278
f 731/786/487 746/796/487 747/800/487
f 725/791/281 724/788/281 739/798/281
f 732/790/282 747/800/282 748/802/282
f 726/776/283 725/791/283 740/801/283
f 734/777/284 733/775/284 748/802/284
f 726/776/285 741/803/285 742/805/285
f 734/777/286 749/804/286 750/806/286
f 728/780/287 727/778/287 742/805/287
f 736/781/488 735/779/488 750/806/488
f 728/780/288 743/807/288 744/793/288
f 741/809/289 740/839/289 755/810/289
f 749/812/290 748/840/290 763/813/290
f 742/815/291 741/809/291 756/811/291
f 749/812/292 764/814/292 765/817/292
f 743/819/293 742/815/293 757/816/293
f 750/818/489 765/817/489 766/821/489
f 743/819/294 758/820/294 759/823/294
f 751/822/490 766/821/490 767/825/490
f 745/827/295 744/824/295 759/823/295
f 753/829/588 752/826/588 767/825/588
f 746/831/568 745/827/568 760/828/568
f 746/831/493 761/832/493 762/837/493
f 739/833/589 754/835/589 755/810/589
f 747/838/300 762/837/300 763/813/300
f 760/828/301 759/823/301 774/841/301
f 767/825/494 782/857/494 783/843/494
f 761/832/302 760/828/302 775/842/302
f 761/832/304 776/844/304 777/848/304
f 755/810/305 754/835/305 769/846/305
f 762/837/306 777/848/306 778/850/306
f 755/810/307 770/849/307 771/851/307
f 764/814/308 763/813/308 778/850/308
f 756/811/309 771/851/309 772/853/309
f 765/817/310 764/814/310 779/852/310
f 757/816/311 772/853/311 773/855/311
f 766/821/496 765/817/496 780/854/496
f 758/820/312 773/855/312 774/841/312
f 767/825/497 766/821/497 781/856/497
f 779/852/313 778/850/313 793/858/313
f 771/851/314 786/874/314 787/860/314
f 779/852/315 794/859/315 795/861/315
f 773/855/316 772/853/316 787/860/316
f 781/856/498 780/854/498 795/861/498
f 773/855/317 788/862/317 789/864/317
f 781/856/499 796/863/499 797/865/499
f 775/842/318 774/841/318 789/864/318
f 783/843/500 782/857/500 797/865/500
f 776/844/319 775/842/319 790/866/319
f 776/844/321 791/868/321 792/872/321
f 769/846/590 784/870/590 785/873/590
f 777/848/323 792/872/323 793/858/323
f 770/849/324 785/873/324 786/874/324
f 798/867/502 797/865/502 812/875/502
f 791/868/325 790/866/325 805/877/325
f 791/868/327 806/878/327 807/882/327
f 784/870/328 799/880/328 800/883/328
f 792/872/329 807/882/329 808/884/329
f 786/874/330 785/873/330 800/883/330
f 794/859/331 793/858/331 808/884/331
f 786/874/332 801/885/332 802/887/332
f 794/859/333 809/886/333 810/888/333
f 788/862/334 787/860/334 802/887/334
f 796/863/504 795/861/504 810/888/504
f 788/862/335 803/889/335 804/891/335
f 796/863/505 811/890/505 812/875/505
f 790/866/336 789/864/336 804/891/336
f 809/886/338 824/908/338 825/892/338
f 803/889/339 802/887/339 817/893/339
f 811/890/506 810/888/506 825/892/506
f 803/889/340 818/894/340 819/896/340
f 811/890/507 826/895/507 827/897/507
f 805/877/341 804/891/341 819/896/341
f 812/875/569 827/897/569 828/899/569
f 806/878/342 805/877/342 820/898/342
f 806/878/344 821/900/344 822/904/344
f 800/883/570 799/880/570 814/902/570
f 807/882/346 822/904/346 823/906/346
f 801/885/347 800/883/347 815/905/347
f 809/886/348 808/884/348 823/906/348
f 801/885/337 816/907/337 817/893/337
f 821/900/351 836/925/351 837/913/351
f 815/905/352 814/902/352 829/910/352
f 822/904/353 837/913/353 838/915/353
f 816/907/354 815/905/354 830/914/354
f 824/908/355 823/906/355 838/915/355
f 816/907/356 831/916/356 832/918/356
f 824/908/357 839/917/357 840/919/357
f 818/894/358 817/893/358 832/918/358
f 826/895/512 825/892/512 840/919/512
f 818/894/359 833/920/359 834/922/359
f 826/895/513 841/921/513 842/923/513
f 820/898/360 819/896/360 834/922/360
f 827/897/514 842/923/514 843/912/514
f 821/900/349 820/898/349 835/924/349
f 833/920/362 832/918/362 847/926/362
f 841/921/515 840/919/515 855/928/515
f 833/920/363 848/927/363 849/930/363
f 842/923/516 841/921/516 856/929/516
f 835/924/364 834/922/364 849/930/364
f 843/912/517 842/923/517 857/931/517
f 836/925/365 835/924/365 850/932/365
f 836/925/367 851/934/367 852/938/367
f 829/910/368 844/936/368 845/939/368
f 837/913/369 852/938/369 853/940/369
f 830/914/370 845/939/370 846/941/370
f 839/917/371 838/915/371 853/940/371
f 831/916/372 846/941/372 847/926/372
f 839/917/361 854/942/361 855/928/361
f 851/934/519 389/417/519 390/392/519
f 844/936/591 859/386/591 860/395/591
f 852/938/521 390/392/521 863/398/521
f 846/941/522 845/939/522 860/395/522
f 853/940/523 863/398/523 391/402/523
f 847/926/524 846/941/524 386/399/524
f 854/942/525 391/402/525 864/406/525
f 848/927/526 847/926/526 861/403/526
f 856/929/527 855/928/527 864/406/527
f 849/930/528 848/927/528 387/407/528
f 857/931/529 856/929/529 865/410/529
f 850/932/374 849/930/374 862/411/374
f 858/933/552 857/931/552 866/414/552
f 851/934/531 850/932/531 388/415/531
